{
  "Pre-Show": {
    "title": "Pre-Show",
    "runner": "Interview Crew",
    "estimate": "0:30:00",
    "category": "We're Back — GDQ Studio"
  },
  "Splatoon 3": {
    "title": "Splatoon 3",
    "runner": "LonTr0",
    "estimate": "1:05:00",
    "category": "Any% — Switch"
  },
  "The Legend of Zelda: Breath of the Wild": {
    "title": "The Legend of Zelda: Breath of the Wild",
    "runner": "Player 5",
    "estimate": "0:29:00",
    "category": "Any% — Switch"
  },
  "Crash Bandicoot: N. Sane Trilogy": {
    "title": "Crash Bandicoot: N. Sane Trilogy",
    "runner": "Murcaz",
    "estimate": "0:50:00",
    "category": "Crash 3 Any% — PC"
  },
  "Mirror's Edge Catalyst": {
    "title": "Mirror's Edge Catalyst",
    "runner": "CodeNameMeteor",
    "estimate": "0:55:00",
    "category": "NG+ — PC"
  },
  "Castlevania: Symphony of the Night": {
    "title": "Castlevania: Symphony of the Night",
    "runner": "Dr4gonBlitz",
    "estimate": "0:35:00",
    "category": "Any% — Xbox 360"
  },
  "Borderlands: Game of the Year Enhanced": {
    "title": "Borderlands: Game of the Year Enhanced",
    "runner": "zzrules21",
    "estimate": "1:40:00",
    "category": "Any% Unrestricted — PC"
  },
  "BONUS GAME 1 - Cuphead": {
    "title": "BONUS GAME 1 - Cuphead",
    "runner": "Jason2890",
    "estimate": "1:25:00",
    "category": "300% — PC"
  },
  "Donkey Kong Country 3": {
    "title": "Donkey Kong Country 3",
    "runner": "Bluepen49, laff____, Shaaf",
    "estimate": "0:55:00",
    "category": "DKC3 Any% Race — SNES"
  },
  "Daily Recap - Sunday": {
    "title": "Daily Recap - Sunday",
    "runner": "Interview Crew",
    "estimate": "0:15:00",
    "category": "Recap% — Live"
  },
  "Metal Gear Solid V: Ground Zeroes": {
    "title": "Metal Gear Solid V: Ground Zeroes",
    "runner": "JosephJoestar316",
    "estimate": "0:35:00",
    "category": "Perfect Stealth/No Kills NG+ — PC"
  },
  "Pokémon Mystery Dungeon: Explorers of Sky": {
    "title": "Pokémon Mystery Dungeon: Explorers of Sky",
    "runner": "EpicYoshiMaster",
    "estimate": "1:00:00",
    "category": "Randomizer 10 Dungeon Blitz — DS"
  },
  "Blade II": {
    "title": "Blade II",
    "runner": "Mattmatt",
    "estimate": "0:55:00",
    "category": "Any% NG+ — Xbox"
  },
  "Vampire: The Masquerade - Bloodlines": {
    "title": "Vampire: The Masquerade - Bloodlines",
    "runner": "Vysetra",
    "estimate": "0:45:00",
    "category": "Any% Nosferatu — PC"
  },
  "SSX (2000)": {
    "title": "SSX (2000)",
    "runner": "junior",
    "estimate": "0:23:00",
    "category": "All Race Golds (Single Event) — PS2"
  },
  "Psi-Ops: The Mindgate Conspiracy": {
    "title": "Psi-Ops: The Mindgate Conspiracy",
    "runner": "Kainalo",
    "estimate": "0:30:00",
    "category": "Any% — PC"
  },
  "Dust: An Elysian Tail": {
    "title": "Dust: An Elysian Tail",
    "runner": "AggytheAron",
    "estimate": "0:25:00",
    "category": "Any% Warps — PC"
  },
  "Ax Battler: A Legend of Golden Axe": {
    "title": "Ax Battler: A Legend of Golden Axe",
    "runner": "sharif",
    "estimate": "0:35:00",
    "category": "100% — Game Gear"
  },
  "Cyber Hook": {
    "title": "Cyber Hook",
    "runner": "squeali0",
    "estimate": "0:35:00",
    "category": "Full Game Marathon — PC"
  },
  "Gungrave": {
    "title": "Gungrave",
    "runner": "DECosmic",
    "estimate": "0:35:00",
    "category": "Any% — PS2"
  },
  "Armored Core: Project Phantasma": {
    "title": "Armored Core: Project Phantasma",
    "runner": "pmcTRILOGY",
    "estimate": "0:40:00",
    "category": "Any% — PS"
  },
  "Bomberman 64: the Second Attack": {
    "title": "Bomberman 64: the Second Attack",
    "runner": "EiP",
    "estimate": "0:35:00",
    "category": "Any% — N64"
  },
  "Onimusha 2: Samurai's Destiny": {
    "title": "Onimusha 2: Samurai's Destiny",
    "runner": "Woadyb",
    "estimate": "1:12:00",
    "category": "Any% Easy No Ultimate — PS2"
  },
  "Superliminal": {
    "title": "Superliminal",
    "runner": "Ozmourn",
    "estimate": "0:32:00",
    "category": "All Collectables — PC"
  },
  "Skate": {
    "title": "Skate",
    "runner": "SupaScared",
    "estimate": "0:55:00",
    "category": "X Games% — Xbox Series S"
  },
  "Shovel Knight Dig": {
    "title": "Shovel Knight Dig",
    "runner": "davidtki, Luukie13",
    "estimate": "0:20:00",
    "category": "Any% Race — PC"
  },
  "CULTIC": {
    "title": "CULTIC",
    "runner": "Kaos_Wulf",
    "estimate": "0:20:00",
    "category": "Any% Inbounds — PC"
  },
  "Yakuza Kiwami": {
    "title": "Yakuza Kiwami",
    "runner": "BigNoNo",
    "estimate": "1:40:00",
    "category": "New Game+ — PC"
  },
  "Teenage Mutant Ninja Turtles: Shredder's Revenge": {
    "title": "Teenage Mutant Ninja Turtles: Shredder's Revenge",
    "runner": "GeneralAndrews, Dospostmann, Benja, Paul-Knives",
    "estimate": "1:05:00",
    "category": "Co-op 2v2 Any% Arcade Chill Race — PC"
  },
  "Marvel's Spider-Man: Miles Morales": {
    "title": "Marvel's Spider-Man: Miles Morales",
    "runner": "Pessilist",
    "estimate": "2:40:00",
    "category": "Any% — PS5"
  },
  "BONUS GAME 2 - Portal": {
    "title": "BONUS GAME 2 - Portal",
    "runner": "Msushi",
    "estimate": "0:20:00",
    "category": "Airboat% — PC"
  },
  "BioShock": {
    "title": "BioShock",
    "runner": "bloodthunder",
    "estimate": "0:45:00",
    "category": "Any% — PC"
  },
  "Fallout 3": {
    "title": "Fallout 3",
    "runner": "BananaPegasus",
    "estimate": "1:30:00",
    "category": "All Quest — PC"
  },
  "Daily Recap - Monday": {
    "title": "Daily Recap - Monday",
    "runner": "Interview Crew",
    "estimate": "0:15:00",
    "category": "Recap% — Live"
  },
  "Hitman: Blood Money": {
    "title": "Hitman: Blood Money",
    "runner": "Threeballer",
    "estimate": "0:30:00",
    "category": "Any% — PC"
  },
  "Fable Anniversary": {
    "title": "Fable Anniversary",
    "runner": "SeraVenza",
    "estimate": "1:20:00",
    "category": "Any% — PC"
  },
  "Ape Escape 2": {
    "title": "Ape Escape 2",
    "runner": "Liquid Squid",
    "estimate": "1:00:00",
    "category": "Any% — PS3"
  },
  "Frogun": {
    "title": "Frogun",
    "runner": "Traitor",
    "estimate": "0:50:00",
    "category": "Any% — PC"
  },
  "MediEvil: Resurrection": {
    "title": "MediEvil: Resurrection",
    "runner": "desa",
    "estimate": "0:50:00",
    "category": "Any% — PSP"
  },
  "Goat Simulator": {
    "title": "Goat Simulator",
    "runner": "Riekelt",
    "estimate": "0:20:00",
    "category": "All Trophies [Base Game] — PC"
  },
  "Illbleed": {
    "title": "Illbleed",
    "runner": "Punchy",
    "estimate": "1:20:00",
    "category": "Any% — Dreamcast"
  },
  "Wavetale": {
    "title": "Wavetale",
    "runner": "Glint",
    "estimate": "1:10:00",
    "category": "Any% No Major Skips — PC"
  },
  "Burnout Paradise Remastered": {
    "title": "Burnout Paradise Remastered",
    "runner": "sawtoooooth",
    "estimate": "0:30:00",
    "category": "Big Surf Island Any% — PC"
  },
  "ASTRAL CHAIN": {
    "title": "ASTRAL CHAIN",
    "runner": "Ratyu",
    "estimate": "2:40:00",
    "category": "Any%(No Abilities) — Switch"
  },
  "Castlevania: Harmony of Despair": {
    "title": "Castlevania: Harmony of Despair",
    "runner": "KeynNaka",
    "estimate": "0:45:00",
    "category": "Solo All character NG+ — XBOX 360"
  },
  "Castlevania: Aria of Sorrow": {
    "title": "Castlevania: Aria of Sorrow",
    "runner": "JupiterClimb, Chewy4u",
    "estimate": "0:18:00",
    "category": "Any% No 0HP (Standard) — PC"
  },
  "Fashion Police Squad": {
    "title": "Fashion Police Squad",
    "runner": "danejerus",
    "estimate": "0:50:00",
    "category": "Any% — PC"
  },
  "Transistor": {
    "title": "Transistor",
    "runner": "Kass",
    "estimate": "0:50:00",
    "category": "Any% — PC"
  },
  "Super Mario Galaxy 2": {
    "title": "Super Mario Galaxy 2",
    "runner": "SuperViperT302, HardcoreGaming, ImJhay, MutantsAbyss",
    "estimate": "3:10:00",
    "category": "Any% Race — Wii U VC"
  },
  "Jak II": {
    "title": "Jak II",
    "runner": "rRubiks",
    "estimate": "1:05:00",
    "category": "Any% — PS2"
  },
  "Outer Wilds": {
    "title": "Outer Wilds",
    "runner": "ptminsker",
    "estimate": "0:35:00",
    "category": "Stranger 100% — PC"
  },
  "BONUS GAME 3 - Resident Evil Village: Shadow of Rose": {
    "title": "BONUS GAME 3 - Resident Evil Village: Shadow of Rose",
    "runner": "7rayD",
    "estimate": "0:50:00",
    "category": "Hardcore — PC"
  },
  "Ratchet & Clank: Up Your Arsenal": {
    "title": "Ratchet & Clank: Up Your Arsenal",
    "runner": "Scottobozo",
    "estimate": "1:25:00",
    "category": "All Titanium Bolts — PS3"
  },
  "Daily Recap - Tuesday": {
    "title": "Daily Recap - Tuesday",
    "runner": "Interview Crew",
    "estimate": "0:15:00",
    "category": "Recap% — Live"
  },
  "Resident Evil 7": {
    "title": "Resident Evil 7",
    "runner": "Maxylobes",
    "estimate": "0:22:00",
    "category": "End of Zoe Any% — PC"
  },
  "Poppy Playtime: Chapter 2": {
    "title": "Poppy Playtime: Chapter 2",
    "runner": "Nerd_Squared",
    "estimate": "0:30:00",
    "category": "100% — PC"
  },
  "Dead Space 3": {
    "title": "Dead Space 3",
    "runner": "sharkhat87, SergeantRadish",
    "estimate": "2:20:00",
    "category": "Any% Coop — PC"
  },
  "Cryostasis": {
    "title": "Cryostasis",
    "runner": "shmumbler",
    "estimate": "0:35:00",
    "category": "any% — PC"
  },
  "Mortal Kombat: Shaolin Monks": {
    "title": "Mortal Kombat: Shaolin Monks",
    "runner": "Elfinout",
    "estimate": "0:20:00",
    "category": "Any% — PS2"
  },
  "FEZ": {
    "title": "FEZ",
    "runner": "thearst3rd",
    "estimate": "0:30:00",
    "category": "Any% — PC"
  },
  "Sutte Hakkun": {
    "title": "Sutte Hakkun",
    "runner": "junkyard_dave",
    "estimate": "0:15:00",
    "category": "50 Levels — GBC"
  },
  "Vampire Night": {
    "title": "Vampire Night",
    "runner": "Boyks",
    "estimate": "0:40:00",
    "category": "Arcade Medium — PS2"
  },
  "Nightmare of Decay": {
    "title": "Nightmare of Decay",
    "runner": "Gnydsmelt",
    "estimate": "0:20:00",
    "category": "Any% Normal — PC"
  },
  "Final Fantasy VII": {
    "title": "Final Fantasy VII",
    "runner": "Zheal",
    "estimate": "7:10:00",
    "category": "any% No Slots — PS"
  },
  "Stardew Valley": {
    "title": "Stardew Valley",
    "runner": "blackheartwings, theValiantSun",
    "estimate": "0:30:00",
    "category": "Seeded Crafts Room - Glitchless Race — PC"
  },
  "Sonic Unleashed": {
    "title": "Sonic Unleashed",
    "runner": "Speck",
    "estimate": "0:23:00",
    "category": "All Day Stages — Wii"
  },
  "Sonic Colors: Ultimate": {
    "title": "Sonic Colors: Ultimate",
    "runner": "thebluemania, Subbaro, Nyu",
    "estimate": "0:55:00",
    "category": "Egg Shuttle Race — PC"
  },
  "Sonic Advance 2": {
    "title": "Sonic Advance 2",
    "runner": "Kirbymastah",
    "estimate": "0:30:00",
    "category": "Character Bidwar — GBA"
  },
  "Pokémon Red or Yellow": {
    "title": "Pokémon Red or Yellow",
    "runner": "pokeguy",
    "estimate": "2:05:00",
    "category": "Any% Glitchless — GC"
  },
  "The Legend of Zelda: Ocarina of Time 3D": {
    "title": "The Legend of Zelda: Ocarina of Time 3D",
    "runner": "benstephens56",
    "estimate": "0:35:00",
    "category": "Any% — 3DS"
  },
  "BONUS GAME 4 - Stray": {
    "title": "BONUS GAME 4 - Stray",
    "runner": "Erims",
    "estimate": "0:53:00",
    "category": "Any% Unrestricted — PC"
  },
  "Daily Recap - Wednesday": {
    "title": "Daily Recap - Wednesday",
    "runner": "Interview Crew",
    "estimate": "0:15:00",
    "category": "Recap% — Live"
  },
  "Spyro 2: Ripto's Rage!": {
    "title": "Spyro 2: Ripto's Rage!",
    "runner": "slvr__, zacharylawrence, Spudlyman, Wed",
    "estimate": "0:55:00",
    "category": "2v2 Lockout Bingo — PS2"
  },
  "Neon White": {
    "title": "Neon White",
    "runner": "Blaidan",
    "estimate": "0:40:00",
    "category": "White's Heaven Rush — PC"
  },
  "Kirby Star Allies": {
    "title": "Kirby Star Allies",
    "runner": "Mr_Shasta",
    "estimate": "0:40:00",
    "category": "Guest Star ???? Star Allies Go! Mage Sisters — Switch"
  },
  "Pac-Man 2: The New Adventures": {
    "title": "Pac-Man 2: The New Adventures",
    "runner": "PARTY MAN X",
    "estimate": "0:26:00",
    "category": "any% — SNES"
  },
  "Yo! Noid 2: Game of a Year Edition": {
    "title": "Yo! Noid 2: Game of a Year Edition",
    "runner": "rythin",
    "estimate": "0:16:00",
    "category": "No Major Skips — PC"
  },
  "Yolanda: The Ultimate Challenge": {
    "title": "Yolanda: The Ultimate Challenge",
    "runner": "FlannelKat",
    "estimate": "0:18:00",
    "category": "Wimp% — Amiga"
  },
  "Lizard Lady vs the Cats": {
    "title": "Lizard Lady vs the Cats",
    "runner": "Asuka424",
    "estimate": "0:06:00",
    "category": "Any% — PS5"
  },
  "Office Race": {
    "title": "Office Race",
    "runner": "BystanderTim",
    "estimate": "0:30:00",
    "category": "Any% — PC"
  },
  "Salamander County Public Television": {
    "title": "Salamander County Public Television",
    "runner": "teddyras",
    "estimate": "0:30:00",
    "category": "Any% — PC"
  },
  "Battle of the Eras": {
    "title": "Battle of the Eras",
    "runner": "corndan",
    "estimate": "0:10:00",
    "category": "any% Shadowsnake — PC"
  },
  "Morodashi Sumo": {
    "title": "Morodashi Sumo",
    "runner": "teddyras",
    "estimate": "0:20:00",
    "category": "Any% — PC"
  },
  "Dokkaebi-ga Ganda": {
    "title": "Dokkaebi-ga Ganda",
    "runner": "dowolf",
    "estimate": "0:20:00",
    "category": "any% — PC"
  },
  "I'm going to die if I don't eat sushi!": {
    "title": "I'm going to die if I don't eat sushi!",
    "runner": "Bullets",
    "estimate": "0:24:00",
    "category": "Any% Easy — PC"
  },
  "Sonic Blast": {
    "title": "Sonic Blast",
    "runner": "Hibnotix, S-TWO",
    "estimate": "0:16:00",
    "category": "Sonic vs Knuckles - Beat the Game Race — Game Gear"
  },
  "Bad Guys At School": {
    "title": "Bad Guys At School",
    "runner": "Sadlybadlyy",
    "estimate": "0:25:00",
    "category": "All Missions — PC"
  },
  "Steven Seagal Is: The Final Option (Prototype)": {
    "title": "Steven Seagal Is: The Final Option (Prototype)",
    "runner": "Crak Atak",
    "estimate": "0:30:00",
    "category": "any% 9 exits — SNES"
  },
  "Mega Man ZX": {
    "title": "Mega Man ZX",
    "runner": "Amesiyo",
    "estimate": "0:58:00",
    "category": "Any% Normal — PC"
  },
  "The World Ends with You: Final Remix": {
    "title": "The World Ends with You: Final Remix",
    "runner": "Kuro*",
    "estimate": "3:10:00",
    "category": "Any% Normal — Switch"
  },
  "Boomerang X": {
    "title": "Boomerang X",
    "runner": "Evandar",
    "estimate": "0:25:00",
    "category": "Any% NG — PC"
  },
  "Metal Slug": {
    "title": "Metal Slug",
    "runner": "ChairGTables",
    "estimate": "0:16:00",
    "category": "Medium - Steam — PC"
  },
  "Star Wars: Jedi Knight - Mysteries of the Sith": {
    "title": "Star Wars: Jedi Knight - Mysteries of the Sith",
    "runner": "Alnak",
    "estimate": "0:25:00",
    "category": "Any% — PC"
  },
  "BS Legend of Zelda": {
    "title": "BS Legend of Zelda",
    "runner": "vanni_van, Iceblue",
    "estimate": "0:42:00",
    "category": "100% Race — SNES"
  },
  "The Legend of Zelda: Skyward Sword": {
    "title": "The Legend of Zelda: Skyward Sword",
    "runner": "gymnast86",
    "estimate": "3:15:00",
    "category": "All Dungeons — Wii"
  },
  "Puyo Puyo Fever 2": {
    "title": "Puyo Puyo Fever 2",
    "runner": "Peas",
    "estimate": "0:30:00",
    "category": "HaraHara Any% (Normal) — PS2"
  },
  "BONUS GAME 5 - Mario Kart 8 Deluxe": {
    "title": "BONUS GAME 5 - Mario Kart 8 Deluxe",
    "runner": "Peas",
    "estimate": "1:05:00",
    "category": "150cc DLC 16 Tracks (No Items) — Switch"
  },
  "Daily Recap - Thursday": {
    "title": "Daily Recap - Thursday",
    "runner": "Interview Crew",
    "estimate": "0:15:00",
    "category": "Recap% — Live"
  },
  "The Simpsons: Hit & Run": {
    "title": "The Simpsons: Hit & Run",
    "runner": "LiquidWiFi",
    "estimate": "1:26:00",
    "category": "All Story Missions — PC"
  },
  "Metal Gear Solid 3: Snake Eater": {
    "title": "Metal Gear Solid 3: Snake Eater",
    "runner": "ApacheSmash, Vermillion",
    "estimate": "1:25:00",
    "category": "European Extreme Race — Xbox Series S"
  },
  "PowerWash Simulator": {
    "title": "PowerWash Simulator",
    "runner": "Amyrlinn, Bullets, Biglaw, Enigma Requiem, AngelicKnight, Acadiel",
    "estimate": "0:45:00",
    "category": "6 Players, All Vehicles, No Soap — PC"
  },
  "Celeste Custom Maps": {
    "title": "Celeste Custom Maps",
    "runner": "Comet625",
    "estimate": "0:25:00",
    "category": "Into the Jungle - Any% — PC"
  },
  "Worms Armageddon": {
    "title": "Worms Armageddon",
    "runner": "RuffledBricks",
    "estimate": "1:20:00",
    "category": "All Missions Any% — PC"
  },
  "Kirby Air Ride": {
    "title": "Kirby Air Ride",
    "runner": "1davidj",
    "estimate": "0:23:00",
    "category": "All Tracks No Duplicate Rides — Wii"
  },
  "Jackal": {
    "title": "Jackal",
    "runner": "Toad22484, anthole",
    "estimate": "0:15:00",
    "category": "Any% (2-Player) — NES"
  },
  "Mickey Mousecapade": {
    "title": "Mickey Mousecapade",
    "runner": "BluntBunny",
    "estimate": "0:11:00",
    "category": "Any% — NES"
  },
  "Chip 'n Dale Rescue Rangers": {
    "title": "Chip 'n Dale Rescue Rangers",
    "runner": "Tecate",
    "estimate": "0:15:00",
    "category": "Any% — NES"
  },
  "Marble Blast Ultra": {
    "title": "Marble Blast Ultra",
    "runner": "thearst3rd",
    "estimate": "0:38:00",
    "category": "All Levels — PC"
  },
  "Beautiful Katamari": {
    "title": "Beautiful Katamari",
    "runner": "Harutomo",
    "estimate": "0:30:00",
    "category": "Any% — Xbox 360"
  },
  "PS5 Simulator": {
    "title": "PS5 Simulator",
    "runner": "Swordfish4649",
    "estimate": "0:10:00",
    "category": "Any% — PC"
  },
  "ElecHead": {
    "title": "ElecHead",
    "runner": "Uncle Slam",
    "estimate": "0:20:00",
    "category": "Alternate End — PC"
  },
  "Gunstar Heroes": {
    "title": "Gunstar Heroes",
    "runner": "TapatioJ, Bag the Tea",
    "estimate": "0:45:00",
    "category": "Any% Normal Co-op — Switch"
  },
  "Hook": {
    "title": "Hook",
    "runner": "LivelyRaccoon",
    "estimate": "0:20:00",
    "category": "Any% — SNES"
  },
  "Kirby's Adventure": {
    "title": "Kirby's Adventure",
    "runner": "Darksol188",
    "estimate": "0:45:00",
    "category": "Any% No Stone Glitch — Wii U"
  },
  "Haiku, the Robot": {
    "title": "Haiku, the Robot",
    "runner": "Quacksilver",
    "estimate": "0:25:00",
    "category": "Any% — PC"
  },
  "Tony Hawk's Pro Skater HD": {
    "title": "Tony Hawk's Pro Skater HD",
    "runner": "Biglaw",
    "estimate": "0:22:00",
    "category": "All Goals — PC"
  },
  "Metroid Prime 1 + 2": {
    "title": "Metroid Prime 1 + 2",
    "runner": "UncleReggie, BashPrime",
    "estimate": "3:00:00",
    "category": "Multiworld Randomizer Co-op — Wii"
  },
  "Cult of the Lamb": {
    "title": "Cult of the Lamb",
    "runner": "shovelclaws",
    "estimate": "1:50:00",
    "category": "Any% Easy, Unrestricted — PC"
  },
  "Super Mario Land": {
    "title": "Super Mario Land",
    "runner": "EiP, Retroverse",
    "estimate": "0:15:00",
    "category": "Any% Race — GB"
  },
  "TrackMania Turbo": {
    "title": "TrackMania Turbo",
    "runner": "Rastats, Gyrule_",
    "estimate": "0:37:00",
    "category": "White Tracks (Double Driver) — PC"
  },
  "Brave New World": {
    "title": "Brave New World",
    "runner": "Zapplex",
    "estimate": "0:35:00",
    "category": "100% — SNES"
  },
  "Elephants and Snakes and Crocodiles": {
    "title": "Elephants and Snakes and Crocodiles",
    "runner": "YourBoyRudy",
    "estimate": "0:45:00",
    "category": "100% — SNES"
  },
  "Final Fantasy XIV": {
    "title": "Final Fantasy XIV",
    "runner": "Angelusdemonus",
    "estimate": "1:00:00",
    "category": "PoTD Solo MCH F171-180 - 2 Hands on KB/No Mouse — PC"
  },
  "BONUS GAME 6 - StepMania": {
    "title": "BONUS GAME 6 - StepMania",
    "runner": "dimo",
    "estimate": "1:20:00",
    "category": "Technical Showcase — Arcade"
  },
  "Daily Recap - Friday": {
    "title": "Daily Recap - Friday",
    "runner": "Interview Crew",
    "estimate": "0:15:00",
    "category": "Recap% — Live"
  },
  "Super Mario All-Stars Shuffler": {
    "title": "Super Mario All-Stars Shuffler",
    "runner": "Skybilz",
    "estimate": "1:40:00",
    "category": "All Four Games any% No Wrong Warp — SNES"
  },
  "Katana Zero": {
    "title": "Katana Zero",
    "runner": "Bar0ti",
    "estimate": "0:15:00",
    "category": "any% TAS — PC"
  },
  "Freedom Planet 2": {
    "title": "Freedom Planet 2",
    "runner": "UraniumAnchor",
    "estimate": "1:55:00",
    "category": "Any% Carol — PC"
  },
  "Espgaluda": {
    "title": "Espgaluda",
    "runner": "ColonelFatso",
    "estimate": "0:33:00",
    "category": "Hi-score demonstration (Ageha) — PS2"
  },
  "Blinx the Time Sweeper": {
    "title": "Blinx the Time Sweeper",
    "runner": "Lotus_RT",
    "estimate": "1:25:00",
    "category": "Any% — Xbox One"
  },
  "Unsighted": {
    "title": "Unsighted",
    "runner": "Roofon",
    "estimate": "0:38:00",
    "category": "any% — PC"
  },
  "Handshakes": {
    "title": "Handshakes",
    "runner": "Bloupeuh, Senen",
    "estimate": "0:08:00",
    "category": "Co-op — PC"
  },
  "Mega Man 64": {
    "title": "Mega Man 64",
    "runner": "BlueMetal, Aerlien",
    "estimate": "0:54:00",
    "category": "Any% Race — N64"
  },
  "Mega Man: Rock N Roll": {
    "title": "Mega Man: Rock N Roll",
    "runner": "Amad",
    "estimate": "0:50:00",
    "category": "Any% — PC"
  },
  "A.R.E.S. Extinction Agenda EX": {
    "title": "A.R.E.S. Extinction Agenda EX",
    "runner": "KiwamiZX",
    "estimate": "0:30:00",
    "category": "Ares vs Taurus Any% NG+ — PC"
  },
  "Mighty Gunvolt Burst": {
    "title": "Mighty Gunvolt Burst",
    "runner": "KiwamiZX",
    "estimate": "0:45:00",
    "category": "Any% (Normal, Call) — PC"
  },
  "Donald in Maui Mallard": {
    "title": "Donald in Maui Mallard",
    "runner": "SBDWolf",
    "estimate": "0:18:00",
    "category": "Any% (Genesis, Practice) — Genesis"
  },
  "The Lion King": {
    "title": "The Lion King",
    "runner": "SBDWolf",
    "estimate": "0:18:00",
    "category": "Any% Easy — SNES"
  },
  "LOVE 3": {
    "title": "LOVE 3",
    "runner": "Char_bunny, Paulister, Heponwana",
    "estimate": "0:20:00",
    "category": "Any% Race — PC"
  },
  "The Pedestrian": {
    "title": "The Pedestrian",
    "runner": "Paulister",
    "estimate": "0:18:00",
    "category": "Any% — PC"
  },
  "Metroid Dread": {
    "title": "Metroid Dread",
    "runner": "Ednolium, Manijure",
    "estimate": "1:35:00",
    "category": "All Bosses Glitchless Race — Switch"
  },
  "Terraria": {
    "title": "Terraria",
    "runner": "Haboo",
    "estimate": "1:50:00",
    "category": "Moon Lord no major abuses — PC"
  },
  "Half-Life: Alyx": {
    "title": "Half-Life: Alyx",
    "runner": "Buffet Time",
    "estimate": "0:50:00",
    "category": "Inbounds — PC: VR"
  },
  "Dark Souls II: Scholar of the First Sin": {
    "title": "Dark Souls II: Scholar of the First Sin",
    "runner": "Nyk_Style",
    "estimate": "1:20:00",
    "category": "Old Souls — PC"
  },
  "BONUS GAME 7 - The Legend of Zelda: A Link to the Past": {
    "title": "BONUS GAME 7 - The Legend of Zelda: A Link to the Past",
    "runner": "Glan",
    "estimate": "1:15:00",
    "category": "100% — SNES"
  },
  "Pokémon Legends: Arceus": {
    "title": "Pokémon Legends: Arceus",
    "runner": "halqery",
    "estimate": "2:45:00",
    "category": "All Lords — Switch"
  },
  "Event Recap": {
    "title": "Event Recap",
    "runner": "Sent, Mike Uyama, JHobz",
    "estimate": "0:15:00",
    "category": "Recap 100% — Live"
  },
  "Super Mario Bros. 3": {
    "title": "Super Mario Bros. 3",
    "runner": "mitchflowerpower",
    "estimate": "0:55:00",
    "category": "Any% Warpless — NES"
  },
  "Finale": {
    "title": "Finale",
    "runner": "GDQ Studio",
    "estimate": "0:15:00",
    "category": "The End — GDQ"
  }
}
