{
  "1davidj": {
    "link": "https://twitch.tv/1davidj",
    "logo": null
  },
  "7rayD": {
    "link": "https://twitch.tv/7rayd",
    "logo": null
  },
  "Acadiel": {
    "link": "https://twitch.tv/acadieldragon",
    "logo": null
  },
  "Aerlien": {
    "link": "https://twitch.tv/aerlien",
    "logo": null
  },
  "AggytheAron": {
    "link": "https://twitch.tv/AggytheAron",
    "logo": null
  },
  "Alnak": {
    "link": "https://twitch.tv/alnak",
    "logo": null
  },
  "Amad": {
    "link": "https://twitch.tv/amad",
    "logo": null
  },
  "Amesiyo": {
    "link": "https://twitch.tv/amesiyo771",
    "logo": null
  },
  "Amyrlinn": {
    "link": "https://twitch.tv/amyrlinn",
    "logo": null
  },
  "AngelicKnight": {
    "link": "https://twitch.tv/AngelicKnight_",
    "logo": null
  },
  "Angelusdemonus": {
    "link": "https://twitch.tv/angelusdemonus",
    "logo": null
  },
  "ApacheSmash": {
    "link": "https://twitch.tv/apachesmash",
    "logo": null
  },
  "Asuka424": {
    "link": "https://twitch.tv/asuka424",
    "logo": null
  },
  "Bag the Tea": {
    "link": "https://twitch.tv/bagthetea",
    "logo": null
  },
  "BananaPegasus": {
    "link": "https://twitch.tv/bananapegasus",
    "logo": null
  },
  "Bar0ti": {
    "link": null,
    "logo": null
  },
  "BashPrime": {
    "link": "https://twitch.tv/bashprime",
    "logo": null
  },
  "Benja": {
    "link": "https://twitch.tv/benjas4",
    "logo": null
  },
  "BigNoNo": {
    "link": "https://twitch.tv/bignono",
    "logo": null
  },
  "Biglaw": {
    "link": "https://twitch.tv/Biglaw",
    "logo": null
  },
  "Blaidan": {
    "link": "https://twitch.tv/blaidan",
    "logo": null
  },
  "Bloupeuh": {
    "link": "https://twitch.tv/bloupeuh",
    "logo": null
  },
  "BlueMetal": {
    "link": "https://twitch.tv/bluemetal",
    "logo": null
  },
  "Bluepen49": {
    "link": "https://twitch.tv/bluepen49",
    "logo": null
  },
  "BluntBunny": {
    "link": "https://twitch.tv/bluntbunny",
    "logo": null
  },
  "Boyks": {
    "link": "https://twitch.tv/boyks",
    "logo": null
  },
  "Buffet Time": {
    "link": "https://twitch.tv/buffet_time",
    "logo": null
  },
  "Bullets": {
    "link": "https://twitch.tv/isbullets",
    "logo": null
  },
  "BystanderTim": {
    "link": "https://twitch.tv/bystandertim_",
    "logo": null
  },
  "ChairGTables": {
    "link": "https://twitch.tv/chairgtables",
    "logo": null
  },
  "Char_bunny": {
    "link": "https://twitch.tv/char_bunny",
    "logo": null
  },
  "Chewy4u": {
    "link": "https://twitch.tv/chewy4u",
    "logo": null
  },
  "CodeNameMeteor": {
    "link": "https://twitch.tv/codenamemeteor",
    "logo": null
  },
  "ColonelFatso": {
    "link": null,
    "logo": null
  },
  "Comet625": {
    "link": "https://twitch.tv/comet625",
    "logo": null
  },
  "Crak Atak": {
    "link": "https://twitch.tv/crak_atak",
    "logo": null
  },
  "DECosmic": {
    "link": "https://twitch.tv/decosmic",
    "logo": null
  },
  "Darksol188": {
    "link": "https://twitch.tv/darksol188",
    "logo": null
  },
  "Dospostmann": {
    "link": "https://twitch.tv/generalandrews",
    "logo": null
  },
  "Dr4gonBlitz": {
    "link": "https://twitch.tv/dr4gonblitz",
    "logo": null
  },
  "Ednolium": {
    "link": "https://twitch.tv/ednolium",
    "logo": null
  },
  "EiP": {
    "link": "https://twitch.tv/eip25",
    "logo": null
  },
  "Elfinout": {
    "link": "https://twitch.tv/elfinout",
    "logo": null
  },
  "Enigma Requiem": {
    "link": "https://twitch.tv/enigmarequiem",
    "logo": null
  },
  "EpicYoshiMaster": {
    "link": "https://twitch.tv/epicyoshimaster",
    "logo": null
  },
  "Erims": {
    "link": "https://twitch.tv/erims",
    "logo": null
  },
  "Evandar": {
    "link": "https://twitch.tv/evandaar",
    "logo": null
  },
  "FlannelKat": {
    "link": "https://twitch.tv/flannelkat",
    "logo": null
  },
  "GDQ Studio": {
    "link": "https://twitch.tv/gamesdonequick",
    "logo": null
  },
  "GeneralAndrews": {
    "link": "https://twitch.tv/generalandrews",
    "logo": null
  },
  "Glan": {
    "link": "https://twitch.tv/glan",
    "logo": null
  },
  "Glint": {
    "link": "https://twitch.tv/geelint",
    "logo": null
  },
  "Gnydsmelt": {
    "link": "https://twitch.tv/gnydsmelt",
    "logo": null
  },
  "Gyrule_": {
    "link": "https://twitch.tv/gyrule_",
    "logo": null
  },
  "Haboo": {
    "link": "https://twitch.tv/thehaboo",
    "logo": null
  },
  "HardcoreGaming": {
    "link": "https://twitch.tv/hardcoregaming07",
    "logo": null
  },
  "Harutomo": {
    "link": "https://twitch.tv/harutomo",
    "logo": null
  },
  "Heponwana": {
    "link": "https://twitch.tv/heponwana",
    "logo": null
  },
  "Hibnotix": {
    "link": "https://twitch.tv/hibnotix",
    "logo": null
  },
  "Iceblue": {
    "link": "https://twitch.tv/iceblue",
    "logo": null
  },
  "ImJhay": {
    "link": "https://twitch.tv/jhay",
    "logo": null
  },
  "Interview Crew": {
    "link": null,
    "logo": null
  },
  "JHobz": {
    "link": "https://twitch.tv/jhobz296",
    "logo": null
  },
  "Jason2890": {
    "link": "https://twitch.tv/jason2890",
    "logo": null
  },
  "JosephJoestar316": {
    "link": "https://twitch.tv/josephjoestar316",
    "logo": null
  },
  "JupiterClimb": {
    "link": "https://twitch.tv/jupiterclimb",
    "logo": null
  },
  "Kainalo": {
    "link": "https://twitch.tv/kainalo",
    "logo": null
  },
  "Kaos_Wulf": {
    "link": "https://twitch.tv/kaos_wulf",
    "logo": null
  },
  "Kass": {
    "link": "https://twitch.tv/kassxcii",
    "logo": null
  },
  "KeynNaka": {
    "link": "https://twitch.tv/keynnaka",
    "logo": null
  },
  "Kirbymastah": {
    "link": "https://twitch.tv/kirbymastah",
    "logo": null
  },
  "KiwamiZX": {
    "link": "https://twitch.tv/KiwamiZX",
    "logo": null
  },
  "Kuro*": {
    "link": "https://twitch.tv/kuroasterisk",
    "logo": null
  },
  "Liquid Squid": {
    "link": "https://twitch.tv/liquidsquid",
    "logo": null
  },
  "LiquidWiFi": {
    "link": "https://twitch.tv/liquidwifi",
    "logo": null
  },
  "LivelyRaccoon": {
    "link": "https://twitch.tv/livelyraccoon",
    "logo": null
  },
  "LonTr0": {
    "link": "https://twitch.tv/lontr0_",
    "logo": null
  },
  "Lotus_RT": {
    "link": "https://twitch.tv/lotus_rt",
    "logo": null
  },
  "Luukie13": {
    "link": "https://twitch.tv/luukie13",
    "logo": null
  },
  "Manijure": {
    "link": "https://twitch.tv/manijure",
    "logo": null
  },
  "Mattmatt": {
    "link": "https://twitch.tv/mattmatt",
    "logo": null
  },
  "Maxylobes": {
    "link": "https://twitch.tv/maxylobes",
    "logo": null
  },
  "Mike Uyama": {
    "link": "https://twitch.tv/mikwuyma",
    "logo": null
  },
  "Mr_Shasta": {
    "link": "https://twitch.tv/mr_shasta",
    "logo": null
  },
  "Msushi": {
    "link": "https://twitch.tv/msushi",
    "logo": null
  },
  "Murcaz": {
    "link": "https://twitch.tv/murcaz",
    "logo": null
  },
  "MutantsAbyss": {
    "link": "https://twitch.tv/mutantsabyss",
    "logo": null
  },
  "Nerd_Squared": {
    "link": "https://twitch.tv/n3rd_squared",
    "logo": null
  },
  "Nyk_Style": {
    "link": "https://twitch.tv/nyk_style",
    "logo": null
  },
  "Nyu": {
    "link": "https://twitch.tv/nyusr",
    "logo": null
  },
  "Ozmourn": {
    "link": "https://twitch.tv/ozmourn",
    "logo": null
  },
  "PARTY MAN X": {
    "link": "https://twitch.tv/partyman_x",
    "logo": null
  },
  "Paul-Knives": {
    "link": "https://twitch.tv/paulknives",
    "logo": null
  },
  "Paulister": {
    "link": "https://twitch.tv/paulister",
    "logo": null
  },
  "Peas": {
    "link": "https://twitch.tv/peassmb",
    "logo": null
  },
  "Pessilist": {
    "link": "https://twitch.tv/pessilist",
    "logo": null
  },
  "Player 5": {
    "link": "https://twitch.tv/player5",
    "logo": null
  },
  "Punchy": {
    "link": "https://twitch.tv/punchy",
    "logo": null
  },
  "Quacksilver": {
    "link": "https://twitch.tv/quacksilverplays",
    "logo": null
  },
  "Rastats": {
    "link": "https://twitch.tv/rastats",
    "logo": null
  },
  "Ratyu": {
    "link": "https://twitch.tv/muratyu201",
    "logo": null
  },
  "Retroverse": {
    "link": "https://twitch.tv/Retroverse_sr",
    "logo": null
  },
  "Riekelt": {
    "link": "https://twitch.tv/riekelt",
    "logo": null
  },
  "Roofon": {
    "link": "https://twitch.tv/roofon",
    "logo": null
  },
  "RuffledBricks": {
    "link": "https://twitch.tv/ruffledbricks",
    "logo": null
  },
  "S-TWO": {
    "link": "https://twitch.tv/stwolive",
    "logo": null
  },
  "SBDWolf": {
    "link": "https://twitch.tv/sbdwolf",
    "logo": null
  },
  "Sadlybadlyy": {
    "link": "https://twitch.tv/sadlybadlyy",
    "logo": null
  },
  "Scottobozo": {
    "link": "https://twitch.tv/scottobozo",
    "logo": null
  },
  "Senen": {
    "link": "https://twitch.tv/senen_",
    "logo": null
  },
  "Sent": {
    "link": "https://twitch.tv/dragonsentinal",
    "logo": null
  },
  "SeraVenza": {
    "link": "https://twitch.tv/SeraVenza",
    "logo": null
  },
  "SergeantRadish": {
    "link": "https://twitch.tv/SergeantRadish",
    "logo": null
  },
  "Shaaf": {
    "link": "https://twitch.tv/w_shaaf",
    "logo": null
  },
  "Skybilz": {
    "link": "https://twitch.tv/Skybilz",
    "logo": null
  },
  "Speck": {
    "link": null,
    "logo": null
  },
  "Spudlyman": {
    "link": "https://twitch.tv/spudlyman",
    "logo": null
  },
  "Subbaro": {
    "link": "https://twitch.tv/subbaro",
    "logo": null
  },
  "SupaScared": {
    "link": "https://twitch.tv/supascared",
    "logo": null
  },
  "SuperViperT302": {
    "link": "https://twitch.tv/supervipert302",
    "logo": null
  },
  "Swordfish4649": {
    "link": "https://twitch.tv/swordfish464",
    "logo": null
  },
  "TapatioJ": {
    "link": "https://twitch.tv/tapatioj",
    "logo": null
  },
  "Tecate": {
    "link": "https://twitch.tv/tecate",
    "logo": null
  },
  "Threeballer": {
    "link": "https://twitch.tv/threeballer97",
    "logo": null
  },
  "Toad22484": {
    "link": "https://twitch.tv/toad22484",
    "logo": null
  },
  "Traitor": {
    "link": "https://twitch.tv/dtraitor1",
    "logo": null
  },
  "Uncle Slam": {
    "link": "https://twitch.tv/iamuncleslam",
    "logo": null
  },
  "UncleReggie": {
    "link": "https://twitch.tv/unclereggie",
    "logo": null
  },
  "UraniumAnchor": {
    "link": "https://twitch.tv/uraniumanchor",
    "logo": null
  },
  "Vermillion": {
    "link": "https://twitch.tv/vermillionnoel",
    "logo": null
  },
  "Vysetra": {
    "link": "https://twitch.tv/vysetra",
    "logo": null
  },
  "Wed": {
    "link": "https://twitch.tv/wedsr",
    "logo": null
  },
  "Woadyb": {
    "link": "https://twitch.tv/woadyb",
    "logo": null
  },
  "YourBoyRudy": {
    "link": "https://twitch.tv/rudy",
    "logo": null
  },
  "Zapplex": {
    "link": "https://twitch.tv/zapplex",
    "logo": null
  },
  "Zheal": {
    "link": "https://twitch.tv/zheal",
    "logo": null
  },
  "anthole": {
    "link": "https://twitch.tv/anthole",
    "logo": null
  },
  "benstephens56": {
    "link": "https://twitch.tv/benstephens56",
    "logo": null
  },
  "blackheartwings": {
    "link": "https://twitch.tv/blackheartwings",
    "logo": null
  },
  "bloodthunder": {
    "link": null,
    "logo": null
  },
  "corndan": {
    "link": "https://twitch.tv/corndan",
    "logo": null
  },
  "danejerus": {
    "link": "https://twitch.tv/danejerus",
    "logo": null
  },
  "davidtki": {
    "link": "https://twitch.tv/davidtki",
    "logo": null
  },
  "desa": {
    "link": "https://twitch.tv/desa35",
    "logo": null
  },
  "dimo": {
    "link": "https://twitch.tv/bromid",
    "logo": null
  },
  "dowolf": {
    "link": "https://twitch.tv/dowolff",
    "logo": null
  },
  "gymnast86": {
    "link": "https://twitch.tv/gymnast86",
    "logo": null
  },
  "halqery": {
    "link": "https://twitch.tv/halqery",
    "logo": null
  },
  "junior": {
    "link": "https://twitch.tv/junior_sm",
    "logo": null
  },
  "junkyard_dave": {
    "link": "https://twitch.tv/junkyard_dave",
    "logo": null
  },
  "laff____": {
    "link": "https://twitch.tv/laff____",
    "logo": null
  },
  "mitchflowerpower": {
    "link": "https://twitch.tv/mitchflowerpower",
    "logo": null
  },
  "pmcTRILOGY": {
    "link": "https://twitch.tv/pmctrilogy",
    "logo": null
  },
  "pokeguy": {
    "link": "https://twitch.tv/pokeguy",
    "logo": null
  },
  "ptminsker": {
    "link": "https://twitch.tv/ptminsker",
    "logo": null
  },
  "rRubiks": {
    "link": "https://twitch.tv/rrubiks",
    "logo": null
  },
  "rythin": {
    "link": "https://twitch.tv/rythin_rta",
    "logo": null
  },
  "sawtoooooth": {
    "link": "https://twitch.tv/sawtoooooth",
    "logo": null
  },
  "sharif": {
    "link": "https://twitch.tv/sharfers",
    "logo": null
  },
  "sharkhat87": {
    "link": "https://twitch.tv/sharkhat87",
    "logo": null
  },
  "shmumbler": {
    "link": "https://twitch.tv/shmumbler",
    "logo": null
  },
  "shovelclaws": {
    "link": "https://twitch.tv/shovelclaws",
    "logo": null
  },
  "slvr__": {
    "link": "https://twitch.tv/slvr__",
    "logo": null
  },
  "squeali0": {
    "link": "https://twitch.tv/squeali0",
    "logo": null
  },
  "teddyras": {
    "link": "https://twitch.tv/teddyras",
    "logo": null
  },
  "theValiantSun": {
    "link": "https://twitch.tv/thevaliantsun",
    "logo": null
  },
  "thearst3rd": {
    "link": "https://twitch.tv/thearst3rd",
    "logo": null
  },
  "thebluemania": {
    "link": "https://twitch.tv/thebluemania",
    "logo": null
  },
  "vanni_van": {
    "link": "https://twitch.tv/vanni_van",
    "logo": null
  },
  "zacharylawrence": {
    "link": "https://twitch.tv/zacharylawrence",
    "logo": null
  },
  "zzrules21": {
    "link": "https://twitch.tv/zzrules21",
    "logo": null
  }
}
