{
  "AdamFerrari64": {
    "link": "https://twitch.tv/adamferrari64",
    "logo": "https://static-cdn.jtvnw.net/jtv_user_pictures/8a2e63e9-805a-43a8-bd5d-1a4aeace7055-profile_image-300x300.png"
  },
  "Amad": {
    "link": "https://twitch.tv/amad__",
    "logo": "https://static-cdn.jtvnw.net/jtv_user_pictures/4044e4a7-c0e5-45a0-b35e-22774a285289-profile_image-300x300.png"
  },
  "Ameiii": {
    "link": "https://twitch.tv/ameiii",
    "logo": "https://static-cdn.jtvnw.net/jtv_user_pictures/8bb0468f-b02e-492c-af1d-09472c81dcdf-profile_image-300x300.png"
  },
  "Aquas": {
    "link": "https://twitch.tv/Aquas",
    "logo": "https://static-cdn.jtvnw.net/jtv_user_pictures/aquas-profile_image-61ac00e5f5f9754e-300x300.png"
  },
  "Argick": {
    "link": "https://twitch.tv/Argick",
    "logo": "https://static-cdn.jtvnw.net/jtv_user_pictures/argick-profile_image-1b77eed267c544dc-300x300.png"
  },
  "AvuKamu": {
    "link": "https://twitch.tv/avukamu",
    "logo": "https://static-cdn.jtvnw.net/jtv_user_pictures/f2eb2f61-f145-4dde-944c-5636c1978664-profile_image-300x300.png"
  },
  "BahamutX_": {
    "link": "https://twitch.tv/BahamutX_",
    "logo": "https://static-cdn.jtvnw.net/jtv_user_pictures/0aef3b73-5ef6-4285-ba66-8cac31a900ab-profile_image-300x300.png"
  },
  "Biglaw": {
    "link": "https://twitch.tv/biglaw",
    "logo": "https://static-cdn.jtvnw.net/jtv_user_pictures/biglaw-profile_image-67639d5c4f402dbe-300x300.jpeg"
  },
  "Bitty_Kong": {
    "link": "https://twitch.tv/bittykongsquest",
    "logo": "https://static-cdn.jtvnw.net/jtv_user_pictures/daf601c2-5755-43a7-a90b-c4e2f18215ca-profile_image-300x300.png"
  },
  "Blechy": {
    "link": "https://twitch.tv/bellery_",
    "logo": "https://static-cdn.jtvnw.net/jtv_user_pictures/bellery_-profile_image-7cf6122ad2730b5d-300x300.png"
  },
  "Bluekandy": {
    "link": "https://twitch.tv/bluekandy",
    "logo": "https://static-cdn.jtvnw.net/jtv_user_pictures/eb6f6efb-6514-4951-b5f5-6bfc48a2967f-profile_image-300x300.png"
  },
  "Bubzia": {
    "link": "https://twitch.tv/bubzia",
    "logo": "https://static-cdn.jtvnw.net/jtv_user_pictures/381a1d0c-5a4a-4e24-9555-7cabcf72419d-profile_image-300x300.png"
  },
  "BugDoctor": {
    "link": "https://twitch.tv/bugdr",
    "logo": "https://static-cdn.jtvnw.net/jtv_user_pictures/8f9e2e4a-1259-4b09-8144-b3b77c5ec269-profile_image-300x300.png"
  },
  "Bullets": {
    "link": "https://twitch.tv/isbullets",
    "logo": "https://static-cdn.jtvnw.net/jtv_user_pictures/14cfc30e-5f9b-4b10-a0c5-87f07ad923f2-profile_image-300x300.png"
  },
  "CHX42": {
    "link": "https://twitch.tv/chx42",
    "logo": "https://static-cdn.jtvnw.net/jtv_user_pictures/96bd7cd1-bca4-46c9-8a14-c41efb7d56c1-profile_image-300x300.png"
  },
  "CLG ZFG": {
    "link": "https://twitch.tv/zfg1",
    "logo": "https://static-cdn.jtvnw.net/jtv_user_pictures/zfg1-profile_image-2643dd004eceaf08-300x300.png"
  },
  "CScottyW": {
    "link": "https://twitch.tv/cscottyw",
    "logo": "https://static-cdn.jtvnw.net/jtv_user_pictures/cscottyw-profile_image-292cddebe3da742f-300x300.png"
  },
  "Calco2": {
    "link": "https://twitch.tv/calco2",
    "logo": "https://static-cdn.jtvnw.net/jtv_user_pictures/calco2-profile_image-57d933aea4527566-300x300.png"
  },
  "Chachamaxx": {
    "link": "https://twitch.tv/chachamaxx",
    "logo": "https://static-cdn.jtvnw.net/jtv_user_pictures/da3a4952-0771-4e82-b684-ad224852564f-profile_image-300x300.png"
  },
  "ChairGTables": {
    "link": "https://twitch.tv/chairgtables",
    "logo": "https://static-cdn.jtvnw.net/jtv_user_pictures/chairgtables-profile_image-b6e3bd38f42b1cf0-300x300.png"
  },
  "Chuck Grody": {
    "link": "https://twitch.tv/chuckgrody",
    "logo": "https://static-cdn.jtvnw.net/jtv_user_pictures/1bfb1597-76bf-4902-b3aa-b03e88c32752-profile_image-300x300.png"
  },
  "ClaireLynnD": {
    "link": "https://twitch.tv/clairelynnd",
    "logo": "https://static-cdn.jtvnw.net/jtv_user_pictures/49d62381-8d84-4b87-89ba-8ab2471a9142-profile_image-300x300.jpg"
  },
  "CovertMuffin": {
    "link": "https://twitch.tv/Covert_Muffin",
    "logo": "https://static-cdn.jtvnw.net/jtv_user_pictures/9d3d93784f8faa82-profile_image-300x300.png"
  },
  "Cropax": {
    "link": "https://twitch.tv/cropax",
    "logo": "https://static-cdn.jtvnw.net/jtv_user_pictures/cropax-profile_image-88a310ec9412c4de-300x300.png"
  },
  "DECosmic": {
    "link": "https://twitch.tv/decosmic",
    "logo": "https://static-cdn.jtvnw.net/jtv_user_pictures/80417128-52d0-4d21-91a5-80fd98a06680-profile_image-300x300.png"
  },
  "DadLovesBeer": {
    "link": "https://twitch.tv/dadlovesbeer",
    "logo": "https://static-cdn.jtvnw.net/jtv_user_pictures/18f2276d-32b6-46eb-9bd2-45def23a5047-profile_image-300x300.png"
  },
  "DemonicRobots": {
    "link": "https://twitch.tv/DemonicRobots",
    "logo": "https://static-cdn.jtvnw.net/jtv_user_pictures/f0d36fa3-68d6-4fca-b49d-1ad7ba08fc88-profile_image-300x300.png"
  },
  "DepCow": {
    "link": "https://twitch.tv/depcow",
    "logo": "https://static-cdn.jtvnw.net/jtv_user_pictures/4901ed1d-f198-482e-9c48-0f169670cdc4-profile_image-300x300.png"
  },
  "Diagon": {
    "link": "https://twitch.tv/diagongdx",
    "logo": "https://static-cdn.jtvnw.net/jtv_user_pictures/4c094b95-c034-41b2-9fc7-dab07e302eff-profile_image-300x300.png"
  },
  "Doumeis": {
    "link": "https://twitch.tv/doumeis",
    "logo": "https://static-cdn.jtvnw.net/jtv_user_pictures/c6c1f7ed-c704-4041-8a6f-6afd5f195bca-profile_image-300x300.png"
  },
  "Draz": {
    "link": "https://twitch.tv/jackdraz",
    "logo": "https://static-cdn.jtvnw.net/jtv_user_pictures/1a2f52cd-111b-4eb3-b828-d366b1f089c8-profile_image-300x300.jpg"
  },
  "DylWingo": {
    "link": "https://twitch.tv/dylwingo",
    "logo": "https://static-cdn.jtvnw.net/jtv_user_pictures/b22ab78f-6ba3-4818-b2d0-5a021257b07f-profile_image-300x300.png"
  },
  "Eazinn": {
    "link": "https://twitch.tv/eazinn",
    "logo": "https://static-cdn.jtvnw.net/jtv_user_pictures/eazinn-profile_image-2c843bd116a08557-300x300.jpeg"
  },
  "Ecdycis": {
    "link": "https://twitch.tv/ecdycis",
    "logo": "https://static-cdn.jtvnw.net/jtv_user_pictures/5efe4756-b9be-4422-a775-ec4a3b11dc32-profile_image-300x300.png"
  },
  "EiP": {
    "link": "https://twitch.tv/eip25",
    "logo": "https://static-cdn.jtvnw.net/jtv_user_pictures/0a72556a-cc3a-4737-a3bb-b20fc2df3379-profile_image-300x300.png"
  },
  "EmosewaMC": {
    "link": "https://twitch.tv/EmosewaMC",
    "logo": "https://static-cdn.jtvnw.net/jtv_user_pictures/d42eb199-91d4-4fd9-96f2-4da49418af3f-profile_image-300x300.png"
  },
  "Etchy": {
    "link": "https://twitch.tv/Etchy",
    "logo": "https://static-cdn.jtvnw.net/jtv_user_pictures/a71427da-ccdd-4bd1-8c57-6eb2a5545fdb-profile_image-300x300.png"
  },
  "Faust4712": {
    "link": "https://twitch.tv/faust4712",
    "logo": "https://static-cdn.jtvnw.net/jtv_user_pictures/93f5639b-ad1c-4c11-8f42-6b40594e7d25-profile_image-300x300.png"
  },
  "Fireman": {
    "link": "https://twitch.tv/firemanpc",
    "logo": "https://static-cdn.jtvnw.net/jtv_user_pictures/99176b054dfa419d-profile_image-300x300.jpeg"
  },
  "Fox of the Flame": {
    "link": "https://twitch.tv/foxoftheflame",
    "logo": "https://static-cdn.jtvnw.net/jtv_user_pictures/1e9bac21-27cf-48e7-a8fb-ffb2b351e749-profile_image-300x300.png"
  },
  "Froob": {
    "link": "https://twitch.tv/froob",
    "logo": "https://static-cdn.jtvnw.net/jtv_user_pictures/froob-profile_image-24e0f8c6bbf590c1-300x300.png"
  },
  "GarbitheGlitcheress": {
    "link": "https://twitch.tv/garbitheglitcheress",
    "logo": "https://static-cdn.jtvnw.net/jtv_user_pictures/c20cf714-9892-4772-8225-8f95b31559b1-profile_image-300x300.png"
  },
  "Glan": {
    "link": "https://twitch.tv/glan",
    "logo": "https://static-cdn.jtvnw.net/jtv_user_pictures/c449ab2e-abff-4936-b4ae-3376e8f644dd-profile_image-300x300.jpg"
  },
  "GliitchWiitch": {
    "link": "https://twitch.tv/GliitchWiitch",
    "logo": "https://static-cdn.jtvnw.net/jtv_user_pictures/db3f1091-06ac-4cac-a868-bc3dd05da50d-profile_image-300x300.png"
  },
  "GlyphDX": {
    "link": "https://twitch.tv/glyphdx",
    "logo": "https://static-cdn.jtvnw.net/jtv_user_pictures/c5e65ec7-d119-4b62-b58f-19ee6b3f9494-profile_image-300x300.png"
  },
  "Gordon Ramsay": {
    "link": "https://twitch.tv/gordinramsay",
    "logo": "https://static-cdn.jtvnw.net/jtv_user_pictures/1ebdfe08-2db8-475a-9f23-2fa9b3cd6803-profile_image-300x300.jpg"
  },
  "GrimShins": {
    "link": "https://twitch.tv/grimshins",
    "logo": "https://static-cdn.jtvnw.net/jtv_user_pictures/b6e827d3-90fd-4d52-8f2d-5a9f577d2f44-profile_image-300x300.png"
  },
  "Grumpmeister": {
    "link": "https://twitch.tv/grumpmeister",
    "logo": "https://static-cdn.jtvnw.net/jtv_user_pictures/grumpmeister-profile_image-95e96fe81235d639-300x300.jpeg"
  },
  "Gyre": {
    "link": "https://twitch.tv/gyre_",
    "logo": "https://static-cdn.jtvnw.net/jtv_user_pictures/gyre_-profile_image-3c95c9d9d8b440df-300x300.jpeg"
  },
  "HDlax": {
    "link": "https://twitch.tv/hdlax1",
    "logo": "https://static-cdn.jtvnw.net/jtv_user_pictures/cb5eda75498ff570-profile_image-300x300.png"
  },
  "Heckson": {
    "link": "https://twitch.tv/heckson",
    "logo": "https://static-cdn.jtvnw.net/jtv_user_pictures/heckson-profile_image-d3020a3015a1aa42-300x300.jpeg"
  },
  "Heinki": {
    "link": "https://twitch.tv/heinki",
    "logo": "https://static-cdn.jtvnw.net/jtv_user_pictures/heinki-profile_image-0fced5e0ded93ed9-300x300.jpeg"
  },
  "Hekigan": {
    "link": "https://twitch.tv/hekigan",
    "logo": "https://static-cdn.jtvnw.net/jtv_user_pictures/4c27573c-4a92-44ca-a338-87df91a96632-profile_image-300x300.png"
  },
  "Heroic_Robb": {
    "link": "https://twitch.tv/legendary_robb",
    "logo": "https://static-cdn.jtvnw.net/jtv_user_pictures/legendary_robb-profile_image-b5ba63f65fcdfe69-300x300.jpeg"
  },
  "Hetfield90": {
    "link": "https://twitch.tv/hetfield90",
    "logo": "https://static-cdn.jtvnw.net/jtv_user_pictures/hetfield90-profile_image-bf1566f09d59f4e1-300x300.jpeg"
  },
  "HuhnerSpeed": {
    "link": "https://twitch.tv/huhnerschreck",
    "logo": "https://static-cdn.jtvnw.net/jtv_user_pictures/afec6f85-7339-434d-b235-e28abccd1b30-profile_image-300x300.png"
  },
  "Iateyourpie": {
    "link": "https://twitch.tv/iateyourpie",
    "logo": "https://static-cdn.jtvnw.net/jtv_user_pictures/iateyourpie-profile_image-c6e9804dd1b1dd35-300x300.png"
  },
  "JHobz": {
    "link": "https://twitch.tv/jhobz296",
    "logo": "https://static-cdn.jtvnw.net/jtv_user_pictures/c6a09b604f615695-profile_image-300x300.png"
  },
  "Jacobo the Chocobo": {
    "link": "https://twitch.tv/jacobothechocobo",
    "logo": "https://static-cdn.jtvnw.net/jtv_user_pictures/84365357-e5aa-4a63-8a45-58c649c58abb-profile_image-300x300.png"
  },
  "Jaguar King": {
    "link": "https://twitch.tv/jaguar_king",
    "logo": "https://static-cdn.jtvnw.net/jtv_user_pictures/jaguar_king-profile_image-75a8d929c0603d40-300x300.jpeg"
  },
  "Jason2890": {
    "link": "https://twitch.tv/Jason2890",
    "logo": "https://static-cdn.jtvnw.net/jtv_user_pictures/12436180-b265-4453-b228-d6c467d8047c-profile_image-300x300.png"
  },
  "Jaxler": {
    "link": "https://twitch.tv/jaxler1",
    "logo": "https://static-cdn.jtvnw.net/jtv_user_pictures/jaxler1-profile_image-87f8e2e4f70d6dd6-300x300.png"
  },
  "Joeybaby69": {
    "link": "https://twitch.tv/joeybaby69",
    "logo": "https://static-cdn.jtvnw.net/jtv_user_pictures/4ee7d844-1a5a-4a74-a2ea-768c57454514-profile_image-300x300.png"
  },
  "KanBan85": {
    "link": "https://twitch.tv/kanban85",
    "logo": "https://static-cdn.jtvnw.net/jtv_user_pictures/kanban85-profile_image-32795e57b6a8f5ca-300x300.jpeg"
  },
  "Keizaron": {
    "link": "https://twitch.tv/keizaron",
    "logo": "https://static-cdn.jtvnw.net/jtv_user_pictures/22850aee-9382-4816-94a1-d79ecc828b31-profile_image-300x300.jpeg"
  },
  "Kosmic": {
    "link": "https://twitch.tv/kosmic",
    "logo": "https://static-cdn.jtvnw.net/jtv_user_pictures/ff633de4-76ba-4d48-8e2f-f5f50b703371-profile_image-300x300.png"
  },
  "KowalLazy": {
    "link": "https://twitch.tv/kowallazy",
    "logo": "https://static-cdn.jtvnw.net/jtv_user_pictures/kowallazy-profile_image-b5add907c0c4c5b7-300x300.png"
  },
  "Kungfufruitcup": {
    "link": "https://twitch.tv/kungfufruitcup",
    "logo": "https://static-cdn.jtvnw.net/jtv_user_pictures/5b74adaf-110d-43a8-8882-4dd1beccfac5-profile_image-300x300.png"
  },
  "LRock617": {
    "link": "https://twitch.tv/lrock617",
    "logo": "https://static-cdn.jtvnw.net/jtv_user_pictures/34c0124d-948c-4028-ad19-335624875fed-profile_image-300x300.png"
  },
  "Lemuura": {
    "link": "https://twitch.tv/lemuura",
    "logo": "https://static-cdn.jtvnw.net/jtv_user_pictures/a8f41e44-e646-40b2-80d3-f030ac0084c7-profile_image-300x300.png"
  },
  "LilAggy": {
    "link": "https://twitch.tv/lilaggy",
    "logo": "https://static-cdn.jtvnw.net/jtv_user_pictures/4c52f6dd-7cec-47cb-8feb-10ca176858cf-profile_image-300x300.png"
  },
  "Lincher": {
    "link": "https://twitch.tv/linchertailow",
    "logo": "https://static-cdn.jtvnw.net/jtv_user_pictures/ef1a9b87-c34f-4c79-baaa-38fecd37665e-profile_image-300x300.png"
  },
  "Linkums": {
    "link": "https://twitch.tv/Linkums",
    "logo": "https://static-cdn.jtvnw.net/jtv_user_pictures/linkums-profile_image-528aaf0c48616616-300x300.png"
  },
  "Lizstar": {
    "link": "https://twitch.tv/lizstar",
    "logo": "https://static-cdn.jtvnw.net/jtv_user_pictures/9c220420-fd36-4c96-a9df-cfac357c8edb-profile_image-300x300.jpeg"
  },
  "Luiz Miguel": {
    "link": "https://twitch.tv/luizmiguel",
    "logo": "https://static-cdn.jtvnw.net/jtv_user_pictures/ffb3157b1d772cb2-profile_image-300x300.png"
  },
  "Maxylobes": {
    "link": "https://twitch.tv/maxylobes",
    "logo": "https://static-cdn.jtvnw.net/jtv_user_pictures/dbe534c2-3ff4-449f-bd0c-5527c0757339-profile_image-300x300.png"
  },
  "MiphaSR": {
    "link": "https://twitch.tv/MiphaSR",
    "logo": "https://static-cdn.jtvnw.net/jtv_user_pictures/487a1219-e2bc-4bae-a6c4-c89fa6c30d32-profile_image-300x300.png"
  },
  "Mitchriz": {
    "link": "https://twitch.tv/mitchriz",
    "logo": "https://static-cdn.jtvnw.net/user-default-pictures-uv/41780b5a-def8-11e9-94d9-784f43822e80-profile_image-300x300.png"
  },
  "MoD366": {
    "link": "https://twitch.tv/MoD366",
    "logo": "https://static-cdn.jtvnw.net/jtv_user_pictures/d2028c5b-27b2-4fa7-9103-17ca52e4d92c-profile_image-300x300.png"
  },
  "MooMooAkai": {
    "link": "https://twitch.tv/moomooakai",
    "logo": "https://static-cdn.jtvnw.net/jtv_user_pictures/8fc3da98-68c9-48b6-9a95-8bfc2a182efc-profile_image-300x300.png"
  },
  "MrMightyMouse": {
    "link": "https://twitch.tv/mrmightymouse_",
    "logo": "https://static-cdn.jtvnw.net/jtv_user_pictures/7fbea789-fd92-40b6-a21a-4b261a7533de-profile_image-300x300.png"
  },
  "Mr_Shasta": {
    "link": "https://twitch.tv/mr_shasta",
    "logo": "https://static-cdn.jtvnw.net/jtv_user_pictures/cf28129c-5a31-4a92-917b-7c66ea75efa5-profile_image-300x300.png"
  },
  "Muty": {
    "link": "https://twitch.tv/muty71",
    "logo": "https://static-cdn.jtvnw.net/jtv_user_pictures/bb51da84-9eec-4594-a550-f344ecde7748-profile_image-300x300.png"
  },
  "Nindiddeh": {
    "link": "https://twitch.tv/nindiddeh",
    "logo": "https://static-cdn.jtvnw.net/jtv_user_pictures/49710951-d8ff-4b66-aa82-4b220d11eca4-profile_image-300x300.png"
  },
  "Nu": {
    "link": "https://twitch.tv/nuuu",
    "logo": "https://static-cdn.jtvnw.net/jtv_user_pictures/f0c1bf1b-d9b4-4e22-80b6-4c9615c27b4e-profile_image-300x300.png"
  },
  "Obiyo": {
    "link": "https://twitch.tv/obiyosrl",
    "logo": "https://static-cdn.jtvnw.net/jtv_user_pictures/96beb23a-abbe-4a31-84ee-05954ddf167d-profile_image-300x300.jpg"
  },
  "Oh_DeeR": {
    "link": "https://twitch.tv/oh_deer",
    "logo": "https://static-cdn.jtvnw.net/jtv_user_pictures/4935ece6-db14-456d-a27c-343dd17afe26-profile_image-300x300.png"
  },
  "OldSchool_Richard": {
    "link": "https://twitch.tv/oldschool_richard",
    "logo": "https://static-cdn.jtvnw.net/jtv_user_pictures/08a0a5d7-9ef8-4b53-a2cf-d3bab938890c-profile_image-300x300.png"
  },
  "Override": {
    "link": "https://twitch.tv/override_dll",
    "logo": "https://static-cdn.jtvnw.net/jtv_user_pictures/override_dll-profile_image-278485a3e1a011e9-300x300.jpeg"
  },
  "PARTY MAN X": {
    "link": "https://www.speedrun.com/user/PARTYMAN_X",
    "logo": "https://www.speedrun.com/themes/user/PARTYMAN_X/image.png"
  },
  "PeekingBoo": {
    "link": "https://twitch.tv/peekingboo",
    "logo": "https://static-cdn.jtvnw.net/jtv_user_pictures/2c0af6ab-7328-4742-9653-d30d6fe2b435-profile_image-300x300.png"
  },
  "PerilousPeanut": {
    "link": "https://twitch.tv/perilouspeanut",
    "logo": "https://static-cdn.jtvnw.net/jtv_user_pictures/1599eb59-a307-4602-8e2d-1236f622a4b8-profile_image-300x300.png"
  },
  "Plexa": {
    "link": "https://twitch.tv/tl_plexa",
    "logo": "https://static-cdn.jtvnw.net/jtv_user_pictures/tl_plexa-profile_image-ef0100ec47da9a53-300x300.png"
  },
  "Pnash": {
    "link": "https://twitch.tv/pnash",
    "logo": "https://static-cdn.jtvnw.net/jtv_user_pictures/2c462216-4627-47a9-85ea-ca031f9048b3-profile_image-300x300.png"
  },
  "Psych0sis": {
    "link": "https://twitch.tv/psych0sis_tv",
    "logo": "https://static-cdn.jtvnw.net/jtv_user_pictures/psych0sis_tv-profile_image-b49e1af3ff51f919-300x300.png"
  },
  "Punchy": {
    "link": "https://twitch.tv/punchy",
    "logo": "https://static-cdn.jtvnw.net/jtv_user_pictures/33ce0c69-7128-4925-ac23-e69ef88555a6-profile_image-300x300.png"
  },
  "QueenSnopea": {
    "link": "https://twitch.tv/queensnopea",
    "logo": "https://static-cdn.jtvnw.net/jtv_user_pictures/a4f2a705-4986-41c0-a144-5a40ce0d88e0-profile_image-300x300.jpg"
  },
  "RetroBrando": {
    "link": "https://twitch.tv/retrobrando_",
    "logo": "https://static-cdn.jtvnw.net/jtv_user_pictures/417b7fdd-ba69-4da7-81ab-10a919c515e8-profile_image-300x300.png"
  },
  "RooseSR": {
    "link": "https://twitch.tv/roosesr",
    "logo": "https://static-cdn.jtvnw.net/jtv_user_pictures/roosesr-profile_image-4045eb6392879236-300x300.jpeg"
  },
  "SaberaMesia": {
    "link": "https://twitch.tv/saberamesia",
    "logo": "https://static-cdn.jtvnw.net/jtv_user_pictures/541ef273-a968-4780-ab75-e80371c56a45-profile_image-300x300.png"
  },
  "SasquatchSensei": {
    "link": "https://twitch.tv/sasquatchsensei",
    "logo": "https://static-cdn.jtvnw.net/jtv_user_pictures/sasquatchsensei-profile_image-ebc8608b449e8f2a-300x300.jpeg"
  },
  "Sathdresh": {
    "link": "https://twitch.tv/sathdresh",
    "logo": "https://static-cdn.jtvnw.net/jtv_user_pictures/17eb9054-12cb-4f1c-a80f-c163e74f3f31-profile_image-300x300.png"
  },
  "Sean_A": {
    "link": "https://twitch.tv/sean_ab",
    "logo": "https://static-cdn.jtvnw.net/jtv_user_pictures/sean_ab-profile_image-72bb3577ec29f707-300x300.jpeg"
  },
  "Skarfelt": {
    "link": "https://twitch.tv/skarfelt_",
    "logo": "https://static-cdn.jtvnw.net/jtv_user_pictures/78dd2dcba6b2f14f-profile_image-300x300.png"
  },
  "SnowyMoogle": {
    "link": "https://twitch.tv/snowymoogle",
    "logo": "https://static-cdn.jtvnw.net/jtv_user_pictures/93e6d4d1-466f-4987-8e2a-c6428a1c6c71-profile_image-300x300.png"
  },
  "SpikeVegeta": {
    "link": "https://twitch.tv/spikevegeta",
    "logo": "https://static-cdn.jtvnw.net/jtv_user_pictures/spikevegeta-profile_image-4ccba409d6b18a3f-300x300.jpeg"
  },
  "Starwin": {
    "link": "https://twitch.tv/starwin",
    "logo": "https://static-cdn.jtvnw.net/jtv_user_pictures/9fb7670c-feda-47a3-b5b0-0f05ccefd62e-profile_image-300x300.png"
  },
  "Swordfish4649": {
    "link": "https://twitch.tv/swordfish464",
    "logo": "https://static-cdn.jtvnw.net/jtv_user_pictures/f61e4f8c-5c7b-48be-95e6-50a4dbfcca7f-profile_image-300x300.jpg"
  },
  "TASBot": {
    "link": "https://www.twitch.tv/dwangoAC",
    "logo": "https://static-cdn.jtvnw.net/jtv_user_pictures/dc67e91f-dad9-4c2c-ab24-2ea73df02055-profile_image-300x300.png"
  },
  "Tecate": {
    "link": "https://twitch.tv/tecate",
    "logo": "https://static-cdn.jtvnw.net/jtv_user_pictures/5f7fe290-f86e-4de9-95eb-27e834a607ed-profile_image-300x300.png"
  },
  "Tech Crew": {
    "link": "https://gamesdonequick.com",
    "logo": null
  },
  "Teleo1": {
    "link": "https://twitch.tv/teleo1",
    "logo": "https://static-cdn.jtvnw.net/jtv_user_pictures/c01a1770-33a4-4668-9086-4e83be47395f-profile_image-300x300.png"
  },
  "The Blacktastic": {
    "link": "https://twitch.tv/theblacktastic",
    "logo": "https://static-cdn.jtvnw.net/jtv_user_pictures/57969906-8785-4c84-9550-1377cbf693cd-profile_image-300x300.png"
  },
  "TiKevin83": {
    "link": "https://twitch.tv/tikevin83",
    "logo": "https://static-cdn.jtvnw.net/jtv_user_pictures/65ae54e7-33bc-474b-a799-87e345b7b725-profile_image-300x300.png"
  },
  "Tyler2022": {
    "link": "https://twitch.tv/tyler2022",
    "logo": "https://static-cdn.jtvnw.net/jtv_user_pictures/43a17b81-cbc7-4416-b2c3-694f33be4ae4-profile_image-300x300.jpeg"
  },
  "V0oid": {
    "link": "https://twitch.tv/v0oid",
    "logo": "https://static-cdn.jtvnw.net/jtv_user_pictures/v0oid-profile_image-b9b4bae849ba1921-300x300.png"
  },
  "ViruseReturns": {
    "link": "https://twitch.tv/virusereturns",
    "logo": "https://static-cdn.jtvnw.net/jtv_user_pictures/b54ef04e-9c5f-4957-9d9a-d572cab5ae3c-profile_image-300x300.png"
  },
  "Vorime": {
    "link": "https://twitch.tv/vorime",
    "logo": "https://static-cdn.jtvnw.net/jtv_user_pictures/vorime-profile_image-70a202fd23c72e67-300x300.jpeg"
  },
  "WaifuRuns": {
    "link": "https://twitch.tv/Waifu",
    "logo": "https://static-cdn.jtvnw.net/jtv_user_pictures/adf20eef-aaf0-46b5-b9fc-a2fc88a73a05-profile_image-300x300.png"
  },
  "Whisperra": {
    "link": "https://twitch.tv/whisperra007",
    "logo": "https://static-cdn.jtvnw.net/jtv_user_pictures/449b5bc7-fec9-4788-9e49-ab366a384eee-profile_image-300x300.png"
  },
  "Wolsk": {
    "link": "https://twitch.tv/wolsk",
    "logo": "https://static-cdn.jtvnw.net/jtv_user_pictures/068a836b-481c-4b9d-89c4-55c9b2fb812b-profile_image-300x300.png"
  },
  "Worldlyy": {
    "link": "https://twitch.tv/worldlyy",
    "logo": "https://static-cdn.jtvnw.net/jtv_user_pictures/d4c51300-bbc8-40b9-9095-59c1193bdad2-profile_image-300x300.png"
  },
  "Xem": {
    "link": "https://twitch.tv/xem92",
    "logo": "https://static-cdn.jtvnw.net/jtv_user_pictures/5f618584-20f9-46ed-ad86-8cd6b2834c35-profile_image-300x300.png"
  },
  "Zaxon96": {
    "link": "https://twitch.tv/zaxon96",
    "logo": "https://static-cdn.jtvnw.net/jtv_user_pictures/2b5e4bdebeee8977-profile_image-300x300.jpeg"
  },
  "ZeeGee": {
    "link": "https://twitch.tv/zeegee_",
    "logo": "https://static-cdn.jtvnw.net/jtv_user_pictures/df3bdc4ede70e5cf-profile_image-300x300.jpeg"
  },
  "Zic3": {
    "link": "https://twitch.tv/Zic3",
    "logo": "https://static-cdn.jtvnw.net/jtv_user_pictures/c3acd84c-0d24-4a05-8daf-61aa59b4f0a8-profile_image-300x300.png"
  },
  "adef": {
    "link": "https://twitch.tv/adef",
    "logo": "https://static-cdn.jtvnw.net/jtv_user_pictures/adef-profile_image-cb1263bafbd3803f-300x300.png"
  },
  "apathyduck": {
    "link": "https://twitch.tv/apathyduck07",
    "logo": "https://static-cdn.jtvnw.net/jtv_user_pictures/fcff108a-b51a-4cfa-80a2-3027250dcce8-profile_image-300x300.jpeg"
  },
  "apple1417": {
    "link": "https://twitch.tv/apple1417",
    "logo": "https://static-cdn.jtvnw.net/jtv_user_pictures/b041533e-de46-4a8e-ae58-cbba3f4b37c4-profile_image-300x300.png"
  },
  "authorblues": {
    "link": "https://twitch.tv/authorblues",
    "logo": "https://static-cdn.jtvnw.net/jtv_user_pictures/797c58ce-25c9-4ff7-9bcb-a447e0da3dcb-profile_image-300x300.png"
  },
  "baldnate": {
    "link": "https://twitch.tv/baldnate",
    "logo": "https://static-cdn.jtvnw.net/jtv_user_pictures/b40ef1ab-01f1-48fc-921b-8b95432b1f59-profile_image-300x300.png"
  },
  "bobbyburm": {
    "link": "https://twitch.tv/bobbyburm",
    "logo": "https://static-cdn.jtvnw.net/jtv_user_pictures/2b592f5f-6568-48bf-900e-a8507b815c41-profile_image-300x300.png"
  },
  "cha0sRTA": {
    "link": "https://twitch.tv/cha0stwitch",
    "logo": "https://static-cdn.jtvnw.net/jtv_user_pictures/cha0stwitch-profile_image-8664838f3d407bd2-300x300.png"
  },
  "coolkid": {
    "link": "https://www.twitch.tv/coolkid",
    "logo": "https://static-cdn.jtvnw.net/jtv_user_pictures/296c6a7503936b97-profile_image-300x300.png"
  },
  "d4gr0n": {
    "link": "https://www.twitch.tv/dagronsr",
    "logo": "https://static-cdn.jtvnw.net/jtv_user_pictures/821fc0c0-abf0-455d-abb8-450c0e8af09a-profile_image-300x300.png"
  },
  "dkPuls": {
    "link": "https://twitch.tv/dkpuls",
    "logo": "https://static-cdn.jtvnw.net/jtv_user_pictures/781f8777-f607-4c9c-9020-e97ad3c8ffa6-profile_image-300x300.png"
  },
  "eddaket": {
    "link": "https://twitch.tv/eddaket",
    "logo": "https://static-cdn.jtvnw.net/jtv_user_pictures/95e48c89-cf56-4b7c-8b52-c003382c2a30-profile_image-300x300.png"
  },
  "edzan": {
    "link": "https://twitch.tv/edzan13",
    "logo": "https://static-cdn.jtvnw.net/jtv_user_pictures/589b1e6b63c1a6bc-profile_image-300x300.png"
  },
  "feasel": {
    "link": "https://twitch.tv/feasel",
    "logo": "https://static-cdn.jtvnw.net/jtv_user_pictures/feasel-profile_image-2e36f264fe26c661-300x300.png"
  },
  "flying fox": {
    "link": "https://www.twitch.tv/flying_fox",
    "logo": "https://static-cdn.jtvnw.net/jtv_user_pictures/fb1a20e5-b82e-4b63-bf9d-29c3d9459238-profile_image-300x300.png"
  },
  "freeland": {
    "link": "https://twitch.tv/freeland1787",
    "logo": "https://static-cdn.jtvnw.net/jtv_user_pictures/b5f69e53-c3d7-4ae3-a232-c899ee31d60c-profile_image-300x300.png"
  },
  "gymnast86": {
    "link": "https://twitch.tv/gymnast86",
    "logo": "https://static-cdn.jtvnw.net/jtv_user_pictures/gymnast86-profile_image-f3114ecf75946be1-300x300.jpeg"
  },
  "havrd": {
    "link": "https://twitch.tv/havrd",
    "logo": "https://static-cdn.jtvnw.net/jtv_user_pictures/havrd-profile_image-eb622874f46bde5c-300x300.jpeg"
  },
  "hedweg": {
    "link": "https://twitch.tv/hedweg",
    "logo": "https://static-cdn.jtvnw.net/jtv_user_pictures/6ff6ed2d65820993-profile_image-300x300.png"
  },
  "heny": {
    "link": "https://twitch.tv/henyk",
    "logo": "https://static-cdn.jtvnw.net/jtv_user_pictures/henyk-profile_image-b52527a9356f0008-300x300.png"
  },
  "karlgerm": {
    "link": "https://twitch.tv/karlgerm",
    "logo": "https://static-cdn.jtvnw.net/jtv_user_pictures/b219b8b5-64eb-4efe-8b69-af6eeca5b135-profile_image-300x300.png"
  },
  "kykystas": {
    "link": "https://www.twitch.tv/kykystas",
    "logo": "https://static-cdn.jtvnw.net/jtv_user_pictures/b0edf61d-fbe5-4d46-856d-b686b8e18940-profile_image-300x300.png"
  },
  "meatr0o": {
    "link": "https://twitch.tv/meatr0o",
    "logo": "https://static-cdn.jtvnw.net/jtv_user_pictures/09c17113-879d-42a1-8f86-959152a0b1c7-profile_image-300x300.png"
  },
  "mitchflowerpower": {
    "link": "https://twitch.tv/mitchflowerpower",
    "logo": "https://static-cdn.jtvnw.net/jtv_user_pictures/14897ba9-9833-4b90-9bf1-1061d643f7f2-profile_image-300x300.png"
  },
  "mr.deagle": {
    "link": "https://www.twitch.tv/uncledeagle",
    "logo": "https://static-cdn.jtvnw.net/jtv_user_pictures/uncledeagle-profile_image-968948dfef63cd55-300x300.png"
  },
  "nucular": {
    "link": "https://www.twitch.tv/nucu1ar",
    "logo": "https://static-cdn.jtvnw.net/jtv_user_pictures/01c1d1f1-76e4-49ac-91bd-d5ab7400acaf-profile_image-300x300.png"
  },
  "pale2": {
    "link": "https://twitch.tv/pale2",
    "logo": "https://static-cdn.jtvnw.net/jtv_user_pictures/09fd62c7-26a5-44f1-a0ca-3ee2b3296c77-profile_image-300x300.png"
  },
  "pmcTRILOGY": {
    "link": "https://twitch.tv/pmctrilogy",
    "logo": "https://static-cdn.jtvnw.net/jtv_user_pictures/355288c2-0a4d-44a5-9d94-c3da0e9245bc-profile_image-300x300.png"
  },
  "rayeo": {
    "link": "https://twitch.tv/rayeo",
    "logo": "https://static-cdn.jtvnw.net/jtv_user_pictures/0eac854c-867f-4e8d-9784-075b7b594560-profile_image-300x300.png"
  },
  "rythin": {
    "link": "https://twitch.tv/rythin_sr",
    "logo": "https://static-cdn.jtvnw.net/jtv_user_pictures/c67da552-2753-4a7d-a0e8-3b398b8bafad-profile_image-300x300.png"
  },
  "shredberg": {
    "link": "https://twitch.tv/shredberg",
    "logo": "https://static-cdn.jtvnw.net/jtv_user_pictures/5da22330-93e4-461b-8aec-b615906a678c-profile_image-300x300.png"
  },
  "swordsmankirby": {
    "link": "https://twitch.tv/swordsmankirby",
    "logo": "https://static-cdn.jtvnw.net/jtv_user_pictures/swordsmankirby-profile_image-ae62c94c1fa87f2e-300x300.jpeg"
  },
  "tbcr": {
    "link": "https://twitch.tv/tbcr_",
    "logo": "https://static-cdn.jtvnw.net/jtv_user_pictures/e1b136d0-b198-4213-9368-5629dc5c16ac-profile_image-300x300.jpeg"
  },
  "teddyras": {
    "link": "https://twitch.tv/teddyras",
    "logo": "https://static-cdn.jtvnw.net/jtv_user_pictures/69e39c55-1628-4305-951d-6d2f4cdfd87d-profile_image-300x300.png"
  },
  "vlacksr": {
    "link": "https://twitch.tv/vlacksr",
    "logo": "https://static-cdn.jtvnw.net/jtv_user_pictures/1ff63779-f195-43e2-8ea1-372c65b39586-profile_image-300x300.png"
  },
  "willbobsled": {
    "link": "https://twitch.tv/willbobsled",
    "logo": "https://static-cdn.jtvnw.net/jtv_user_pictures/d1a59ffa-31cf-43a0-a9ed-f0b9a0cceb3d-profile_image-300x300.png"
  },
  "yelsraek": {
    "link": "https://twitch.tv/yelsraek",
    "logo": "https://static-cdn.jtvnw.net/jtv_user_pictures/95b1d3ca-bd18-4975-a3b7-f0563c99fd07-profile_image-300x300.png"
  },
  "yoshipro": {
    "link": "https://twitch.tv/yp__",
    "logo": "https://static-cdn.jtvnw.net/jtv_user_pictures/b04b7c6b-5ec5-4a63-a742-da76a7bb292d-profile_image-300x300.png"
  }
}
