{"-ganon-":{"link":"https://twitch.tv/ganon","logo":null},"360Chrism":{"link":"https://twitch.tv/360chrism","logo":null},"AChocolateOrange":{"link":"https://twitch.tv/achocolateorange","logo":null},"Ace Delusional":{"link":"https://twitch.tv/AceDelusional","logo":null},"Allegro":{"link":"https://twitch.tv/allegrosrc","logo":null},"AnEternalEnigma":{"link":"https://twitch.tv/aneternalenigma","logo":null},"Aquas":{"link":"https://twitch.tv/Aquas","logo":null},"Artful Hobbes":{"link":"https://twitch.tv/artfulhobbes","logo":null},"Aurateur":{"link":null,"logo":null},"Barbarian":{"link":"https://twitch.tv/barbarousking","logo":null},"Benja":{"link":"https://twitch.tv/benjas4","logo":null},"Biglaw":{"link":"https://twitch.tv/Biglaw","logo":null},"Breakdown":{"link":"https://twitch.tv/breakdown777","logo":null},"Brossentia":{"link":"https://twitch.tv/brossentia","logo":null},"Bullets":{"link":"https://twitch.tv/isbullets","logo":null},"CLG Linkus7":{"link":"https://twitch.tv/linkus7","logo":null},"Can't Even":{"link":"https://twitch.tv/canteven","logo":null},"CarlSagan42":{"link":"https://twitch.tv/carlsagan42","logo":null},"CovertMuffin":{"link":"https://twitch.tv/Covert_Muffin","logo":null},"Crunan":{"link":"https://twitch.tv/crunan__","logo":null},"DanTheVP":{"link":"https://twitch.tv/danthevp","logo":null},"Dayoman":{"link":"https://twitch.tv/dayoman","logo":null},"Deceptix_":{"link":"https://twitch.tv/deceptix_","logo":null},"DemonchildElise":{"link":null,"logo":null},"DemonicRobots":{"link":"https://twitch.tv/DemonicRobots","logo":null},"DoctorDT":{"link":"https://twitch.tv/DoctorDT","logo":null},"DrunkenDraconian":{"link":"https://twitch.tv/drunkendraconian","logo":null},"EldritchWolfie":{"link":"https://twitch.tv/eldritchwolfie","logo":null},"Elipsis":{"link":"https://twitch.tv/elipsis","logo":null},"Enel":{"link":"https://twitch.tv/enel","logo":null},"Epiphane":{"link":"https://twitch.tv/Epiphane","logo":null},"FlannelKat":{"link":"https://twitch.tv/flannelkat","logo":null},"FocusSight":{"link":"https://twitch.tv/FocusSight","logo":null},"FoxyJira":{"link":"https://twitch.tv/foxyjira","logo":null},"Froob":{"link":"https://twitch.tv/froob","logo":null},"GhostKumo":{"link":"https://twitch.tv/ghostkumo","logo":null},"Ghoul02":{"link":"https://twitch.tv/ghoul02","logo":null},"Glan":{"link":"https://twitch.tv/glan","logo":null},"Glitchiness":{"link":"https://twitch.tv/glitchiness","logo":null},"GrosHiken":{"link":"https://twitch.tv/groshiken","logo":null},"HYP3RSOMNIAC":{"link":"https://twitch.tv/hyp3rsomniac","logo":null},"Helix":{"link":"https://twitch.tv/helix13_","logo":null},"Hibnotix":{"link":"https://twitch.tv/hibnotix","logo":null},"Illumina":{"link":"https://twitch.tv/illumina1337","logo":null},"Interview Crew":{"link":null,"logo":null},"IsoFrieze":{"link":"https://twitch.tv/isofrieze","logo":null},"JHobz":{"link":"https://twitch.tv/jhobz296","logo":null},"JaekRock":{"link":"https://twitch.tv/jaekrock","logo":null},"JalBagel":{"link":"https://twitch.tv/jalbagel","logo":null},"Jaxler":{"link":"https://twitch.tv/jaxler1","logo":null},"Jexvrok":{"link":"https://twitch.tv/jexvrok","logo":null},"Jimmy_Diamonds":{"link":"https://twitch.tv/Jimmy_Diamonds","logo":null},"JosephJoestar316":{"link":"https://twitch.tv/josephjoestar316","logo":null},"JupiterClimb":{"link":"https://twitch.tv/jupiterclimb","logo":null},"JurasPatryk":{"link":"https://twitch.tv/juraspatryk","logo":null},"KZ_FREW":{"link":"https://twitch.tv/kz_frew","logo":null},"KamaCrimson":{"link":"https://twitch.tv/kamacrimson","logo":null},"Kaos_Wulf":{"link":"https://twitch.tv/kaos_wulf","logo":null},"Katie4":{"link":"https://twitch.tv/Katie4_","logo":null},"Kefka14":{"link":"https://twitch.tv/kefka14","logo":null},"Keizaron":{"link":"https://twitch.tv/keizaron","logo":null},"Kirbymastah":{"link":"https://twitch.tv/kirbymastah","logo":null},"Kungfufruitcup":{"link":"https://twitch.tv/Kungfufruitcup","logo":null},"LeadOstrich":{"link":"https://twitch.tv/leadostrich","logo":null},"Lizstar":{"link":null,"logo":null},"MaddyInc":{"link":null,"logo":null},"MaeTheDKC":{"link":"https://twitch.tv/maethedkc","logo":null},"Maxylobes":{"link":"https://twitch.tv/maxylobes","logo":null},"McKiddy":{"link":"https://twitch.tv/mckiddy_sr","logo":null},"Mega RetroMan":{"link":"https://twitch.tv/megaretroman","logo":null},"Mekarazium":{"link":"https://twitch.tv/mekarazium","logo":null},"MikeWave":{"link":"https://twitch.tv/mike__wave","logo":null},"MrMightyMouse_":{"link":"https://twitch.tv/mrmightymouse_","logo":null},"Mr_Shasta":{"link":"https://twitch.tv/Mr_Shasta","logo":null},"MuteD6":{"link":"https://twitch.tv/MuteD6_","logo":null},"NPC":{"link":"https://twitch.tv/npc_lives","logo":null},"Nave357":{"link":"https://twitch.tv/nave357","logo":null},"Nukkuler":{"link":"https://twitch.tv/nukkular_reaction","logo":null},"Oatsngoats":{"link":"https://twitch.tv/oatsngoats","logo":null},"Obiyo":{"link":"https://twitch.tv/obiyosrl","logo":null},"Omnigamer":{"link":"https://twitch.tv/omnigamer","logo":null},"Ozmourn":{"link":"https://twitch.tv/ozmourn","logo":null},"PangaeaPanga":{"link":"https://twitch.tv/pangaeapanga","logo":null},"Peace Egg":{"link":"https://twitch.tv/peaceegg","logo":null},"Potty":{"link":"https://twitch.tv/potty","logo":null},"Ppotdot1":{"link":"https://twitch.tv/ppotdot1","logo":null},"RUBIEHART":{"link":"https://twitch.tv/rubiehart","logo":null},"Ritzblues":{"link":"https://twitch.tv/ritzblues783","logo":null},"RsKiller":{"link":"https://twitch.tv/RsKiller","logo":null},"SB_runs":{"link":"https://twitch.tv/SB_runs","logo":null},"SaberaMesia":{"link":"https://twitch.tv/SaberaMesia","logo":null},"SanchoPanda":{"link":"https://twitch.tv/sanchopanda","logo":null},"Sauraen":{"link":null,"logo":null},"Savestate":{"link":"https://twitch.tv/Savestate","logo":null},"Sent":{"link":"https://twitch.tv/dragonsentinal","logo":null},"SethBling":{"link":"https://twitch.tv/SethBling","logo":null},"Shenanagans":{"link":"https://twitch.tv/shenanagans_","logo":null},"Shockwve":{"link":null,"logo":null},"Shoujo":{"link":"https://twitch.tv/shoujo","logo":null},"Simply":{"link":"https://twitch.tv/simply","logo":null},"Space Coast Gaming":{"link":"https://twitch.tv/spacecoastgaming","logo":null},"SpootyBiscuit":{"link":"https://twitch.tv/SpootyBiscuit","logo":null},"SteveZero01":{"link":"https://twitch.tv/stevezero01","logo":null},"Sunnymuffin":{"link":"https://twitch.tv/SunnymuffinSR","logo":null},"TASBot":{"link":null,"logo":null},"TGH":{"link":"https://twitch.tv/tgh_sr","logo":null},"TanukiDan":{"link":"https://twitch.tv/tanukidan","logo":null},"Tech Crew":{"link":null,"logo":null},"The Blacktastic":{"link":null,"logo":null},"The Retro Runner":{"link":"https://twitch.tv/theretrorunner","logo":null},"ThirdWall":{"link":"https://twitch.tv/thirdwall","logo":null},"Tonkotsu":{"link":"https://twitch.tv/tonkotsu_tnkt","logo":null},"UraniumAnchor":{"link":"https://twitch.tv/uraniumanchor","logo":null},"Vynn":{"link":"https://twitch.tv/videos","logo":null},"WaifuRuns":{"link":"https://twitch.tv/waifu","logo":null},"WhiteHat94":{"link":"https://twitch.tv/whitehat94","logo":null},"WinDEU":{"link":"https://twitch.tv/windeu","logo":null},"Xem":{"link":"https://twitch.tv/xem92","logo":null},"ZELLLOOO":{"link":"https://twitch.tv/zelllooo","logo":null},"Zero_IF":{"link":"https://twitch.tv/endeavorgaming","logo":null},"aciidz":{"link":"https://twitch.tv/xImAciidz","logo":null},"adef":{"link":"https://twitch.tv/adef","logo":null},"amoser":{"link":"https://twitch.tv/amoser2","logo":null},"bramhallthefifth":{"link":"https://twitch.tv/bramhallthefifth","logo":null},"bryonato":{"link":"https://twitch.tv/bryonato","logo":null},"catalystz":{"link":"https://twitch.tv/catalystz","logo":null},"cicada":{"link":"https://twitch.tv/cicadasweet","logo":null},"davidtki":{"link":"https://twitch.tv/davidtki","logo":null},"dlimes13":{"link":"https://twitch.tv/dlimes13","logo":null},"drewlith":{"link":"https://twitch.tv/drewlith","logo":null},"duck":{"link":"https://twitch.tv/duck","logo":null},"dwangoAC":{"link":"https://twitch.tv/dwangoAC","logo":null},"eddaket":{"link":"https://twitch.tv/eddaket","logo":null},"grandpoobear":{"link":"https://twitch.tv/grandpoobear","logo":null},"groggydog":{"link":"https://twitch.tv/groggydog","logo":null},"juh0rse":{"link":"https://twitch.tv/juh0rse","logo":null},"juzcook":{"link":"https://twitch.tv/juzcook","logo":null},"kekumanshoyu":{"link":"https://twitch.tv/kekumanshoyu","logo":null},"legrandgrand":{"link":"https://twitch.tv/legrandgrand","logo":null},"leviern":{"link":"https://twitch.tv/ieviern","logo":null},"mlugg":{"link":"https://twitch.tv/mlugg0","logo":null},"pochilin":{"link":"https://twitch.tv/pochilin","logo":null},"quo":{"link":"https://twitch.tv/quoooo","logo":null},"seto kiaba":{"link":"https://twitch.tv/setokiaba","logo":null},"sharif":{"link":"https://twitch.tv/sharfers","logo":null},"sharkhat87":{"link":"https://twitch.tv/sharkhat87","logo":null},"shovda":{"link":"https://twitch.tv/shovda","logo":null},"shredberg":{"link":"https://twitch.tv/shredberg","logo":null},"spikevegeta":{"link":"https://twitch.tv/spikevegeta","logo":null},"starsmiley":{"link":"https://twitch.tv/starsmiley","logo":null},"sumichu":{"link":"https://twitch.tv/sumichu","logo":null},"swordsmankirby":{"link":"https://twitch.tv/swordsmankirby","logo":null},"tbcr":{"link":"https://twitch.tv/tbcr_","logo":null},"teddyras":{"link":"https://twitch.tv/teddyras","logo":null}}