{
  "00greenbean00": {
    "link": "https://twitch.tv/00greenbean00",
    "logo": "https://static-cdn.jtvnw.net/jtv_user_pictures/00greenbean00-profile_image-9b698a3e3c10abed-300x300.png"
  },
  "360Chrism": {
    "link": "https://twitch.tv/360chrism",
    "logo": "https://static-cdn.jtvnw.net/jtv_user_pictures/360chrism-profile_image-923e48819b871f89-300x300.jpeg"
  },
  "AKC12": {
    "link": "https://twitch.tv/akc_12",
    "logo": "https://static-cdn.jtvnw.net/jtv_user_pictures/akc_12-profile_image-3edce0c24c2a846b-300x300.png"
  },
  "Ajarmar": {
    "link": "https://twitch.tv/Ajarmar",
    "logo": "https://static-cdn.jtvnw.net/jtv_user_pictures/ajarmar-profile_image-5540b79e3666965a-300x300.png"
  },
  "Amyrlinn": {
    "link": "https://twitch.tv/amyrlinn",
    "logo": "https://static-cdn.jtvnw.net/jtv_user_pictures/amyrlinn-profile_image-39175ea4bd65f916-300x300.png"
  },
  "Andy": {
    "link": "https://twitch.tv/andy",
    "logo": "https://static-cdn.jtvnw.net/jtv_user_pictures/andy-profile_image-4e83cf68a89e5b33-300x300.png"
  },
  "Aquas": {
    "link": "https://twitch.tv/Aquas_",
    "logo": "https://static-cdn.jtvnw.net/user-default-pictures/49988c7b-57bc-4dee-bd4f-6df4ad215d3a-profile_image-300x300.jpg"
  },
  "AverageTrey": {
    "link": "https://twitch.tv/averagetrey",
    "logo": "https://static-cdn.jtvnw.net/jtv_user_pictures/averagetrey-profile_image-47d14699973b1d0d-300x300.png"
  },
  "BBF": {
    "link": "https://twitch.tv/bbf_",
    "logo": "https://static-cdn.jtvnw.net/jtv_user_pictures/68cba74f-1595-4a39-b4d6-ed6ae5bf888a-profile_image-300x300.png"
  },
  "BT": {
    "link": "https://twitch.tv/breastickle",
    "logo": "https://static-cdn.jtvnw.net/jtv_user_pictures/breastickle-profile_image-85cf5407a2a81ee2-300x300.png"
  },
  "Bawkbasoup": {
    "link": "https://twitch.tv/bawkbasoup",
    "logo": "https://static-cdn.jtvnw.net/jtv_user_pictures/bawkbasoup-profile_image-737868044a412a6a-300x300.jpeg"
  },
  "Bismuth": {
    "link": "https://twitch.tv/bismuth9",
    "logo": "https://static-cdn.jtvnw.net/jtv_user_pictures/bismuth9-profile_image-ad1931e80866183f-300x300.jpeg"
  },
  "Blechy": {
    "link": "https://twitch.tv/blechzorz",
    "logo": "https://static-cdn.jtvnw.net/jtv_user_pictures/blechzorz-profile_image-34d44825afa8fa51-300x300.png"
  },
  "Blood_Thunder": {
    "link": "https://twitch.tv/BloodThunder",
    "logo": "https://static-cdn.jtvnw.net/jtv_user_pictures/5ea79bd0e4e6a1b7-profile_image-300x300.png"
  },
  "Brossentia": {
    "link": "https://twitch.tv/brossentia",
    "logo": "https://static-cdn.jtvnw.net/jtv_user_pictures/92d92d3eea38e956-profile_image-300x300.jpeg"
  },
  "Bullets": {
    "link": "https://twitch.tv/isbullets",
    "logo": "https://static-cdn.jtvnw.net/jtv_user_pictures/c6ca9d6c-0a09-49d8-96d9-75d504fd15cf-profile_image-300x300.png"
  },
  "Calco2": {
    "link": "https://twitch.tv/calco2",
    "logo": "https://static-cdn.jtvnw.net/jtv_user_pictures/calco2-profile_image-57d933aea4527566-300x300.png"
  },
  "Carcinogen": {
    "link": "https://twitch.tv/carcinogensda",
    "logo": "https://static-cdn.jtvnw.net/jtv_user_pictures/carcinogensda-profile_image-cd54b1d486b74a70-300x300.png"
  },
  "CavemanDCJ": {
    "link": "https://twitch.tv/cavemandcj",
    "logo": "https://static-cdn.jtvnw.net/jtv_user_pictures/cavemandcj-profile_image-eee5d4bc1451f754-300x300.png"
  },
  "ChristosOwen": {
    "link": "https://twitch.tv/christosowen",
    "logo": "https://static-cdn.jtvnw.net/jtv_user_pictures/cd8289841f57244c-profile_image-300x300.jpeg"
  },
  "Claris": {
    "link": "https://twitch.tv/claris/",
    "logo": "https://static-cdn.jtvnw.net/jtv_user_pictures/bf27bbff0ce2a665-profile_image-300x300.png"
  },
  "ColonelFatso": {
    "link": "https://twitch.tv/colonelfatso",
    "logo": "https://static-cdn.jtvnw.net/jtv_user_pictures/d6c9f433ba8f1fe8-profile_image-300x300.png"
  },
  "Countdown42": {
    "link": "https://twitch.tv/countdown69",
    "logo": "https://static-cdn.jtvnw.net/jtv_user_pictures/countdown69-profile_image-fb99e4ffb8a9914c-300x300.png"
  },
  "CovertMuffin": {
    "link": "https://twitch.tv/Covert_Muffin",
    "logo": "https://static-cdn.jtvnw.net/jtv_user_pictures/9d3d93784f8faa82-profile_image-300x300.png"
  },
  "Cubeface": {
    "link": "https://twitch.tv/cubeface21",
    "logo": "https://static-cdn.jtvnw.net/jtv_user_pictures/cubeface21-profile_image-0bb2af4f66930a76-300x300.jpeg"
  },
  "Cypherin": {
    "link": "https://twitch.tv/cypherin",
    "logo": "https://static-cdn.jtvnw.net/jtv_user_pictures/cypherin-profile_image-edd60fb4f56eea43-300x300.png"
  },
  "DarkTerrex": {
    "link": "https://twitch.tv/darkterrex",
    "logo": "https://static-cdn.jtvnw.net/jtv_user_pictures/darkterrex-profile_image-5d7c6fc0f1116023-300x300.jpeg"
  },
  "Darkwing Duck": {
    "link": "https://twitch.tv/darkwing_duck_sda",
    "logo": "https://static-cdn.jtvnw.net/jtv_user_pictures/darkwing_duck_sda-profile_image-0e30d11b8785baf0-300x300.jpeg"
  },
  "Distro": {
    "link": "https://twitch.tv/DistroTV",
    "logo": "https://static-cdn.jtvnw.net/jtv_user_pictures/distrotv-profile_image-3c3f199ac980a9db-300x300.png"
  },
  "Dr4gonBlitz": {
    "link": "https://twitch.tv/dr4gonblitz",
    "logo": "https://static-cdn.jtvnw.net/jtv_user_pictures/dr4gonblitz-profile_image-df74cebf3d8be7ce-300x300.png"
  },
  "DrTChops": {
    "link": "https://twitch.tv/drtchops",
    "logo": "https://static-cdn.jtvnw.net/jtv_user_pictures/drtchops-profile_image-51d7313d6edadfd9-300x300.jpeg"
  },
  "Dragondarch": {
    "link": "https://twitch.tv/dragondarchsda",
    "logo": "https://static-cdn.jtvnw.net/jtv_user_pictures/d63a70102d4f385d-profile_image-300x300.png"
  },
  "EmeraldAly": {
    "link": "https://twitch.tv/emeraldaly",
    "logo": "https://static-cdn.jtvnw.net/jtv_user_pictures/emeraldaly-profile_image-850dec65cab7ded5-300x300.jpeg"
  },
  "EndySWE": {
    "link": "https://twitch.tv/endyswe",
    "logo": "https://static-cdn.jtvnw.net/jtv_user_pictures/endyswe-profile_image-be9452c8d181fa56-300x300.jpeg"
  },
  "Engi": {
    "link": "https://twitch.tv/engirta",
    "logo": "https://static-cdn.jtvnw.net/jtv_user_pictures/a4921faa-ce7a-4eed-b35a-dc8634de1e20-profile_image-300x300.jpg"
  },
  "Funkmastermp": {
    "link": "https://twitch.tv/funkmastermp",
    "logo": "https://static-cdn.jtvnw.net/jtv_user_pictures/funkmastermp-profile_image-33d6590edce1c712-300x300.png"
  },
  "GameguySD": {
    "link": "https://twitch.tv/gameguysd",
    "logo": "https://static-cdn.jtvnw.net/jtv_user_pictures/gameguysd-profile_image-bf4825e4c8e4f369-300x300.jpeg"
  },
  "Glackum": {
    "link": "https://twitch.tv/glackum",
    "logo": "https://static-cdn.jtvnw.net/jtv_user_pictures/4138219823699314-profile_image-300x300.png"
  },
  "GloriousLiar": {
    "link": "https://twitch.tv/gloriousliar",
    "logo": "https://static-cdn.jtvnw.net/jtv_user_pictures/gloriousliar-profile_image-1f9221d66f676fce-300x300.jpeg"
  },
  "Hornlitz": {
    "link": "https://twitch.tv/hornlitz",
    "logo": "https://static-cdn.jtvnw.net/jtv_user_pictures/3256b370498be272-profile_image-300x300.jpeg"
  },
  "Hydra": {
    "link": "https://twitch.tv/HydraSR",
    "logo": "https://static-cdn.jtvnw.net/user-default-pictures/4cbf10f1-bb9f-4f57-90e1-15bf06cfe6f5-profile_image-300x300.jpg"
  },
  "IRLAnimeBoi": {
    "link": "https://twitch.tv/irlanimeboi",
    "logo": "https://static-cdn.jtvnw.net/jtv_user_pictures/cabecf77-ef81-4b52-95b4-4c9141078a23-profile_image-300x300.png"
  },
  "JHobz": {
    "link": "https://twitch.tv/jhobz296",
    "logo": "https://static-cdn.jtvnw.net/jtv_user_pictures/c6a09b604f615695-profile_image-300x300.png"
  },
  "JSR2gamers": {
    "link": "https://twitch.tv/jsr2gamers",
    "logo": "https://static-cdn.jtvnw.net/jtv_user_pictures/c8b14161398c5ed0-profile_image-300x300.png"
  },
  "Jaguar King": {
    "link": "https://twitch.tv/jaguar_king",
    "logo": "https://static-cdn.jtvnw.net/jtv_user_pictures/jaguar_king-profile_image-75a8d929c0603d40-300x300.jpeg"
  },
  "Jamie": {
    "link": "https://twitch.tv/Kinnijup",
    "logo": "https://static-cdn.jtvnw.net/jtv_user_pictures/kinnijup-profile_image-221f2d5dcf45db6e-300x300.png"
  },
  "JermRo": {
    "link": "https://twitch.tv/jermro",
    "logo": "https://static-cdn.jtvnw.net/jtv_user_pictures/046805f35a4b3047-profile_image-300x300.png"
  },
  "Joka": {
    "link": "https://twitch.tv/jokaah",
    "logo": "https://static-cdn.jtvnw.net/jtv_user_pictures/jokaah-profile_image-bb8a1fffd90374a4-300x300.jpeg"
  },
  "KHfan169": {
    "link": "https://twitch.tv/khfan169",
    "logo": "https://static-cdn.jtvnw.net/jtv_user_pictures/khfan169-profile_image-b4ae40359de08c10-300x300.jpeg"
  },
  "Keizaron": {
    "link": "https://twitch.tv/keizaron",
    "logo": "https://static-cdn.jtvnw.net/jtv_user_pictures/keizaron-profile_image-eb9f72c4a4bc32f0-300x300.jpeg"
  },
  "Kinnijup": {
    "link": "https://twitch.tv/Kinnijup",
    "logo": "https://static-cdn.jtvnw.net/jtv_user_pictures/kinnijup-profile_image-221f2d5dcf45db6e-300x300.png"
  },
  "Kirbymastah": {
    "link": "https://twitch.tv/kirbymastah",
    "logo": "https://static-cdn.jtvnw.net/jtv_user_pictures/kirbymastah-profile_image-7bef33616aa2eee6-300x300.png"
  },
  "Kolthor_TheBarbarian": {
    "link": "https://twitch.tv/kolthor_thebarbarian",
    "logo": "https://static-cdn.jtvnw.net/jtv_user_pictures/kolthor_thebarbarian-profile_image-e6496e02540ac9a0-300x300.png"
  },
  "Konasumi": {
    "link": "https://twitch.tv/konasumi",
    "logo": "https://static-cdn.jtvnw.net/jtv_user_pictures/4ea9e3c1-7986-4227-ad43-d64dbbd08572-profile_image-300x300.png"
  },
  "Kotti": {
    "link": "https://twitch.tv/thekotti",
    "logo": "https://static-cdn.jtvnw.net/jtv_user_pictures/thekotti-profile_image-8a84d6f29a34fd29-300x300.png"
  },
  "KowalLazy": {
    "link": "https://twitch.tv/kowallazy",
    "logo": "https://static-cdn.jtvnw.net/jtv_user_pictures/kowallazy-profile_image-b5add907c0c4c5b7-300x300.png"
  },
  "Le Hulk": {
    "link": "https://twitch.tv/le_hulk",
    "logo": "https://static-cdn.jtvnw.net/jtv_user_pictures/le_hulk-profile_image-a547b05c0d307577-300x300.png"
  },
  "Linkums": {
    "link": "https://twitch.tv/Linkums",
    "logo": "https://static-cdn.jtvnw.net/jtv_user_pictures/linkums-profile_image-528aaf0c48616616-300x300.png"
  },
  "Liz the Goddess": {
    "link": "https://twitch.tv/lizgoddess",
    "logo": "https://static-cdn.jtvnw.net/jtv_user_pictures/lizgoddess-profile_image-44bf7b16353084e0-300x300.jpeg"
  },
  "MetaSigma": {
    "link": "https://twitch.tv/MetaSigma",
    "logo": "https://static-cdn.jtvnw.net/jtv_user_pictures/metasigma-profile_image-286421d37eeab287-300x300.png"
  },
  "Mickely3": {
    "link": "https://twitch.tv/Mickely",
    "logo": "https://static-cdn.jtvnw.net/jtv_user_pictures/mickely-profile_image-ab1f4535fa214272-300x300.png"
  },
  "Midboss": {
    "link": "https://twitch.tv/midboss2",
    "logo": "https://static-cdn.jtvnw.net/jtv_user_pictures/midboss2-profile_image-c25736b199b63cdd-300x300.jpeg"
  },
  "Mike Uyama": {
    "link": "https://twitch.tv/mikwuyma",
    "logo": "https://static-cdn.jtvnw.net/jtv_user_pictures/mikwuyma-profile_image-09c18607eeb0f1a5-300x300.jpeg"
  },
  "MrFailzzz": {
    "link": "https://twitch.tv/mrfailzzz",
    "logo": "https://static-cdn.jtvnw.net/jtv_user_pictures/7e7dda38-ab73-42d1-bed6-d64061e6f50e-profile_image-300x300.png"
  },
  "Mr_Shasta": {
    "link": "https://twitch.tv/mr_shasta",
    "logo": "https://static-cdn.jtvnw.net/jtv_user_pictures/e8b36729c3adc2f1-profile_image-300x300.png"
  },
  "Mr_Wiggelz": {
    "link": "https://twitch.tv/mr_wiggelz",
    "logo": "https://static-cdn.jtvnw.net/jtv_user_pictures/mr_wiggelz-profile_image-684eb08b253f3ee9-300x300.jpeg"
  },
  "NESCardinality": {
    "link": "https://twitch.tv/nescardinality",
    "logo": "https://static-cdn.jtvnw.net/jtv_user_pictures/nescardinality-profile_image-5d52611d17b99661-300x300.jpeg"
  },
  "NachoBrado": {
    "link": "https://twitch.tv/nachobrado",
    "logo": "https://static-cdn.jtvnw.net/jtv_user_pictures/nachobrado-profile_image-4dbe1b2625e609c1-300x300.png"
  },
  "Omnigamer": {
    "link": "https://twitch.tv/omnigamer",
    "logo": "https://static-cdn.jtvnw.net/jtv_user_pictures/omnigamer-profile_image-bb8f6d3f03b9f3bb-300x300.jpeg"
  },
  "OutrageousJosh": {
    "link": "https://twitch.tv/outrageousjosh",
    "logo": "https://static-cdn.jtvnw.net/jtv_user_pictures/outrageousjosh-profile_image-c1ec933c565ea6ec-300x300.jpeg"
  },
  "PJ": {
    "link": "https://twitch.tv/pjdicesare",
    "logo": "https://static-cdn.jtvnw.net/jtv_user_pictures/6e2084e5d6ce75d7-profile_image-300x300.png"
  },
  "PinkPajamas": {
    "link": "https://twitch.tv/pinkpajamas",
    "logo": "https://static-cdn.jtvnw.net/jtv_user_pictures/pinkpajamas-profile_image-b10f3473d5d98249-300x300.png"
  },
  "Poahr": {
    "link": "https://twitch.tv/poahr",
    "logo": "https://static-cdn.jtvnw.net/jtv_user_pictures/poahr-profile_image-75e282af079b4c9c-300x300.png"
  },
  "Protomagicalgirl": {
    "link": "https://twitch.tv/protomagicalgirl",
    "logo": "https://static-cdn.jtvnw.net/jtv_user_pictures/protomagicalgirl-profile_image-b980d19e7cca206b-300x300.png"
  },
  "Punchy": {
    "link": "https://twitch.tv/punchi",
    "logo": "https://static-cdn.jtvnw.net/jtv_user_pictures/punchi-profile_image-b882d7d4c33e8490-300x300.png"
  },
  "R3DninjaJOSH": {
    "link": "https://twitch.tv/r3dninjajosh",
    "logo": "https://static-cdn.jtvnw.net/jtv_user_pictures/r3dninjajosh-profile_image-762722c60e1475dd-300x300.jpeg"
  },
  "RandomEffekt": {
    "link": "https://twitch.tv/randomeffekt",
    "logo": "https://static-cdn.jtvnw.net/jtv_user_pictures/randomeffekt-profile_image-1cc0e56b0323e7b1-300x300.jpeg"
  },
  "RbdJellyfish": {
    "link": "https://twitch.tv/rbdjellyfish",
    "logo": "https://static-cdn.jtvnw.net/jtv_user_pictures/f5f751c4233bb442-profile_image-300x300.png"
  },
  "RebelDragon95": {
    "link": "https://twitch.tv/rebeldragon95",
    "logo": "https://static-cdn.jtvnw.net/jtv_user_pictures/db6a4a49-62f8-4adf-ba7d-8c71a4b42558-profile_image-300x300.png"
  },
  "RepentMF": {
    "link": "https://twitch.tv/tf4theo",
    "logo": "https://static-cdn.jtvnw.net/jtv_user_pictures/tf4theo-profile_image-2ddd4af2e06cd033-300x300.jpeg"
  },
  "Reyathae": {
    "link": "https://twitch.tv/reyathae",
    "logo": "https://static-cdn.jtvnw.net/jtv_user_pictures/282fedc3d8b0673a-profile_image-300x300.jpeg"
  },
  "RottDawg": {
    "link": "https://twitch.tv/rottdawg",
    "logo": "https://static-cdn.jtvnw.net/jtv_user_pictures/rottdawg-profile_image-52509b92d8cfba8c-300x300.png"
  },
  "SNeaky": {
    "link": "https://twitch.tv/SNeeaaky",
    "logo": "https://static-cdn.jtvnw.net/jtv_user_pictures/sneeaaky-profile_image-5f4fcb4f7fbfb802-300x300.png"
  },
  "Scrublord": {
    "link": "https://twitch.tv/scrublord701",
    "logo": "https://static-cdn.jtvnw.net/jtv_user_pictures/scrublord701-profile_image-1f28580e7369fe96-300x300.jpeg"
  },
  "Sent": {
    "link": "https://twitch.tv/dragonsentinal",
    "logo": "https://static-cdn.jtvnw.net/jtv_user_pictures/dragonsentinal-profile_image-1fc633f93ce96918-300x300.png"
  },
  "Seraphim1313": {
    "link": "https://twitch.tv/seraphim1313",
    "logo": "https://static-cdn.jtvnw.net/jtv_user_pictures/seraphim1313-profile_image-38d9f5c31011d2a8-300x300.png"
  },
  "SilverStar6609": {
    "link": "https://twitch.tv/silverstar6609",
    "logo": "https://static-cdn.jtvnw.net/jtv_user_pictures/silverstar6609-profile_image-29e49ed35fd2f4bb-300x300.jpeg"
  },
  "Skavenger216": {
    "link": "https://twitch.tv/skavenger216",
    "logo": "https://static-cdn.jtvnw.net/jtv_user_pictures/skavenger216-profile_image-0b3fd03a96bf5ad6-300x300.jpeg"
  },
  "SpikeVegeta": {
    "link": "https://twitch.tv/spikevegeta",
    "logo": "https://static-cdn.jtvnw.net/jtv_user_pictures/spikevegeta-profile_image-4ccba409d6b18a3f-300x300.jpeg"
  },
  "Sten": {
    "link": "https://twitch.tv/sten",
    "logo": "https://static-cdn.jtvnw.net/jtv_user_pictures/sten-profile_image-29f43c9653bf7000-300x300.png"
  },
  "Stllr": {
    "link": "https://twitch.tv/stllr",
    "logo": "https://static-cdn.jtvnw.net/jtv_user_pictures/139bf54fb626cc49-profile_image-300x300.png"
  },
  "Streamline": {
    "link": "https://twitch.tv/streamline119",
    "logo": "https://static-cdn.jtvnw.net/jtv_user_pictures/4774b558-1a32-4da8-8f1a-1d1a925acd16-profile_image-300x300.png"
  },
  "SuccinctAndPunchy": {
    "link": "https://twitch.tv/punchi",
    "logo": "https://static-cdn.jtvnw.net/jtv_user_pictures/punchi-profile_image-b882d7d4c33e8490-300x300.png"
  },
  "TGH": {
    "link": "https://twitch.tv/tgh_sr",
    "logo": "https://static-cdn.jtvnw.net/jtv_user_pictures/tgh_sr-profile_image-94590c620acfdef7-300x300.png"
  },
  "Tech Crew": {
    "link": null,
    "logo": null
  },
  "Terra": {
    "link": "https://twitch.tv/terra21",
    "logo": "https://static-cdn.jtvnw.net/jtv_user_pictures/terra21-profile_image-fa6a28e8f1abdaaa-300x300.png"
  },
  "ThaRixer": {
    "link": "https://twitch.tv/tharixer",
    "logo": "https://static-cdn.jtvnw.net/jtv_user_pictures/10c274ef26b56005-profile_image-300x300.jpeg"
  },
  "The Master": {
    "link": "https://twitch.tv/themaster627",
    "logo": "https://static-cdn.jtvnw.net/jtv_user_pictures/themaster627-profile_image-7a72110a47d79a0e-300x300.jpeg"
  },
  "TheFuncannon": {
    "link": "https://twitch.tv/thefuncannon",
    "logo": "https://static-cdn.jtvnw.net/jtv_user_pictures/thefuncannon-profile_image-526136625e0f7828-300x300.png"
  },
  "TheMexicanRunner": {
    "link": "https://twitch.tv/themexicanrunner",
    "logo": "https://static-cdn.jtvnw.net/jtv_user_pictures/themexicanrunner-profile_image-ddebad8299ab2d41-300x300.png"
  },
  "Toad22484": {
    "link": "https://twitch.tv/toad22484",
    "logo": "https://static-cdn.jtvnw.net/jtv_user_pictures/toad22484-profile_image-e34d5616a8acd318-300x300.png"
  },
  "Tokyo90": {
    "link": "https://twitch.tv/tokyo90",
    "logo": "https://static-cdn.jtvnw.net/jtv_user_pictures/tokyo90-profile_image-c36b59c618650c14-300x300.png"
  },
  "TonesBalones": {
    "link": "https://twitch.tv/tonesbalones",
    "logo": "https://static-cdn.jtvnw.net/jtv_user_pictures/tonesbalones-profile_image-bccbef59cdb7f6c5-300x300.png"
  },
  "TrevPerson": {
    "link": "https://twitch.tv/trevperson",
    "logo": "https://static-cdn.jtvnw.net/jtv_user_pictures/trevperson-profile_image-4d79dacfe7003f4c-300x300.jpeg"
  },
  "Turbo Gilman": {
    "link": "https://twitch.tv/turbogilman",
    "logo": "https://static-cdn.jtvnw.net/jtv_user_pictures/turbogilman-profile_image-21bb0b210926c2e2-300x300.jpeg"
  },
  "V0oid": {
    "link": "https://twitch.tv/v0oid",
    "logo": "https://static-cdn.jtvnw.net/jtv_user_pictures/v0oid-profile_image-b9b4bae849ba1921-300x300.png"
  },
  "VB__": {
    "link": "https://twitch.tv/vbspeedruns",
    "logo": "https://static-cdn.jtvnw.net/jtv_user_pictures/vbspeedruns-profile_image-ead4520a2e3d050c-300x300.jpeg"
  },
  "Vulajin": {
    "link": "https://twitch.tv/vulajin",
    "logo": "https://static-cdn.jtvnw.net/jtv_user_pictures/vulajin-profile_image-68a5b26b920ba1a5-300x300.png"
  },
  "Wall of Spain": {
    "link": "https://twitch.tv/wall_of_spain",
    "logo": "https://static-cdn.jtvnw.net/jtv_user_pictures/dd36417ed00f2d08-profile_image-300x300.jpeg"
  },
  "Walrus_Prime": {
    "link": "https://twitch.tv/walrus_prime",
    "logo": "https://static-cdn.jtvnw.net/jtv_user_pictures/walrus_prime-profile_image-ad1334563848f803-300x300.jpeg"
  },
  "WhiteHat94": {
    "link": "https://twitch.tv/whitehat94",
    "logo": "https://static-cdn.jtvnw.net/jtv_user_pictures/whitehat94-profile_image-d162f73579a3fb09-300x300.jpeg"
  },
  "Wobs23": {
    "link": "https://twitch.tv/wobs23",
    "logo": "https://static-cdn.jtvnw.net/jtv_user_pictures/e5b06a8e91ffab53-profile_image-300x300.jpeg"
  },
  "ZFG": {
    "link": "https://twitch.tv/zfg1",
    "logo": "https://static-cdn.jtvnw.net/jtv_user_pictures/zfg1-profile_image-2643dd004eceaf08-300x300.png"
  },
  "Zaraki": {
    "link": "https://twitch.tv/zaraki_0427",
    "logo": "https://static-cdn.jtvnw.net/user-default-pictures/bb97f7e6-f11a-4194-9708-52bf5a5125e8-profile_image-300x300.jpg"
  },
  "Zela1": {
    "link": "https://twitch.tv/zela1",
    "logo": "https://static-cdn.jtvnw.net/jtv_user_pictures/2339dcc96f91365e-profile_image-300x300.jpeg"
  },
  "Zic3": {
    "link": "https://twitch.tv/Zic3",
    "logo": "https://static-cdn.jtvnw.net/jtv_user_pictures/zic3-profile_image-8b9467a95e49fdc2-300x300.png"
  },
  "a_moustache": {
    "link": "https://twitch.tv/a_moustache",
    "logo": "https://static-cdn.jtvnw.net/jtv_user_pictures/a_moustache-profile_image-31e47a30b4560913-300x300.png"
  },
  "alexh0we": {
    "link": "https://twitch.tv/alexh0we",
    "logo": "https://static-cdn.jtvnw.net/jtv_user_pictures/767ea7626ee15474-profile_image-300x300.png"
  },
  "angrylanks": {
    "link": "https://twitch.tv/angrylanks",
    "logo": "https://static-cdn.jtvnw.net/jtv_user_pictures/5ae385ff0f43069c-profile_image-300x300.png"
  },
  "atz": {
    "link": "https://twitch.tv/anatomyz_2",
    "logo": "https://static-cdn.jtvnw.net/user-default-pictures/49988c7b-57bc-4dee-bd4f-6df4ad215d3a-profile_image-300x300.jpg"
  },
  "authorblues": {
    "link": "https://twitch.tv/authorblues",
    "logo": "https://static-cdn.jtvnw.net/jtv_user_pictures/authorblues-profile_image-e361f135a304af15-300x300.png"
  },
  "bjw": {
    "link": "https://twitch.tv/bjw",
    "logo": "https://static-cdn.jtvnw.net/jtv_user_pictures/bjw-profile_image-98fc8bd0a024a8ad-300x300.png"
  },
  "burhác": {
    "link": "https://twitch.tv/burhac",
    "logo": "https://static-cdn.jtvnw.net/jtv_user_pictures/burhac-profile_image-297e36c9c39a35f8-300x300.jpeg"
  },
  "cassiothird": {
    "link": "https://twitch.tv/cassiothird",
    "logo": "https://static-cdn.jtvnw.net/jtv_user_pictures/cassiothird-profile_image-00999273bb5dd718-300x300.jpeg"
  },
  "chronoon": {
    "link": "https://twitch.tv/chronoon",
    "logo": "https://static-cdn.jtvnw.net/jtv_user_pictures/chronoon-profile_image-8a2a0b1f3351628f-300x300.jpeg"
  },
  "cleartonic": {
    "link": "https://twitch.tv/cleartonic",
    "logo": "https://static-cdn.jtvnw.net/jtv_user_pictures/cleartonic-profile_image-fe5639dee91b79ea-300x300.png"
  },
  "cojosao": {
    "link": "https://twitch.tv/cojosao",
    "logo": "https://static-cdn.jtvnw.net/jtv_user_pictures/cojosao-profile_image-496575d830acd2aa-300x300.jpeg"
  },
  "coolkid": {
    "link": "https://twitch.tv/coolkid",
    "logo": "https://static-cdn.jtvnw.net/jtv_user_pictures/296c6a7503936b97-profile_image-300x300.png"
  },
  "crash6351": {
    "link": "https://twitch.tv/crash6351",
    "logo": "https://static-cdn.jtvnw.net/jtv_user_pictures/crash6351-profile_image-e8ca765b01a1102d-300x300.jpeg"
  },
  "cyghfer": {
    "link": "https://twitch.tv/cyghfer",
    "logo": "https://static-cdn.jtvnw.net/jtv_user_pictures/cyghfer-profile_image-78baf33e66a52fdd-300x300.jpeg"
  },
  "darbian": {
    "link": "https://twitch.tv/darbian",
    "logo": "https://static-cdn.jtvnw.net/jtv_user_pictures/darbian-profile_image-e355b45af8c35e03-300x300.png"
  },
  "darkman78": {
    "link": "https://twitch.tv/darkman78",
    "logo": "https://static-cdn.jtvnw.net/jtv_user_pictures/darkman78-profile_image-b16731636ddef881-300x300.jpeg"
  },
  "dxtr": {
    "link": "https://twitch.tv/dxtr",
    "logo": "https://static-cdn.jtvnw.net/jtv_user_pictures/dxtr-profile_image-61dff9e89d0e9062-300x300.png"
  },
  "espumbrajolt": {
    "link": "https://www.twitch.tv/espumbrajolt1246",
    "logo": "https://static-cdn.jtvnw.net/jtv_user_pictures/espumbrajolt1246-profile_image-8592e2b3ddfecc75-300x300.jpeg"
  },
  "fastatcc": {
    "link": "https://twitch.tv/fastatcc",
    "logo": "https://static-cdn.jtvnw.net/jtv_user_pictures/fastatcc-profile_image-25ff2a5d51259bb5-300x300.png"
  },
  "garadas21": {
    "link": "https://twitch.tv/garadas21",
    "logo": "https://static-cdn.jtvnw.net/jtv_user_pictures/garadas21-profile_image-cbf496203a51c98d-300x300.png"
  },
  "garbanzcurity": {
    "link": "https://twitch.tv/garbanzcurity",
    "logo": "https://static-cdn.jtvnw.net/jtv_user_pictures/garbanzcurity-profile_image-a93e414dc2eb677b-300x300.png"
  },
  "halfcoordinated": {
    "link": "https://twitch.tv/halfcoordinated",
    "logo": "https://static-cdn.jtvnw.net/jtv_user_pictures/halfcoordinated-profile_image-6aabf8fbe3ac2a74-300x300.png"
  },
  "headstrong1290": {
    "link": "https://twitch.tv/headstrong1290",
    "logo": "https://static-cdn.jtvnw.net/jtv_user_pictures/headstrong1290-profile_image-b3bbc39c68aad6bf-300x300.jpeg"
  },
  "heyZeusHeresToast": {
    "link": "https://twitch.tv/heyzeusherestoast",
    "logo": "https://static-cdn.jtvnw.net/jtv_user_pictures/heyzeusherestoast-profile_image-d2a71a147ad61e94-300x300.png"
  },
  "jimmypoopins": {
    "link": "https://twitch.tv/jimmypoopins",
    "logo": "https://static-cdn.jtvnw.net/jtv_user_pictures/jimmypoopins-profile_image-1bffc2fe2c549e64-300x300.jpeg"
  },
  "letterswords": {
    "link": "https://twitch.tv/letterswords",
    "logo": "https://static-cdn.jtvnw.net/jtv_user_pictures/letterswords-profile_image-247ac0ee2ae34bc5-300x300.png"
  },
  "metroidmcfly": {
    "link": "https://twitch.tv/metroidmcfly",
    "logo": "https://static-cdn.jtvnw.net/jtv_user_pictures/4acae023a1dfbc2a-profile_image-300x300.png"
  },
  "mr.deagle": {
    "link": "https://twitch.tv/uncledeagle",
    "logo": "https://static-cdn.jtvnw.net/jtv_user_pictures/uncledeagle-profile_image-968948dfef63cd55-300x300.png"
  },
  "murmilio": {
    "link": "https://twitch.tv/murmilio",
    "logo": "https://static-cdn.jtvnw.net/jtv_user_pictures/a20af69da346a4d7-profile_image-300x300.png"
  },
  "p-p-j": {
    "link": "https://twitch.tv/P_P_J",
    "logo": "https://static-cdn.jtvnw.net/jtv_user_pictures/p_p_j-profile_image-531d04339e35a335-300x300.png"
  },
  "peteyboo": {
    "link": "https://twitch.tv/peteyboo",
    "logo": "https://static-cdn.jtvnw.net/jtv_user_pictures/peteyboo-profile_image-5ea4d6ce025a0d20-300x300.png"
  },
  "plywood": {
    "link": "https://twitch.tv/plywood_",
    "logo": "https://static-cdn.jtvnw.net/jtv_user_pictures/b196d26c2f330a64-profile_image-300x300.png"
  },
  "prisi": {
    "link": "https://twitch.tv/prisiii3",
    "logo": "https://static-cdn.jtvnw.net/jtv_user_pictures/prisiii3-profile_image-81b89a4d21b7bd03-300x300.jpeg"
  },
  "riversmccown": {
    "link": "https://twitch.tv/riversmccown",
    "logo": "https://static-cdn.jtvnw.net/jtv_user_pictures/f948ea2755c5e215-profile_image-300x300.jpeg"
  },
  "sajiki": {
    "link": "https://twitch.tv/sajiki",
    "logo": "https://static-cdn.jtvnw.net/jtv_user_pictures/sajiki-profile_image-0c5bc71660248647-300x300.jpeg"
  },
  "scaz.zaf": {
    "link": "https://twitch.tv/scazzaf",
    "logo": "https://static-cdn.jtvnw.net/jtv_user_pictures/0b4dcc20a479cd30-profile_image-300x300.png"
  },
  "shoka": {
    "link": "https://twitch.tv/shokashoka",
    "logo": "https://static-cdn.jtvnw.net/jtv_user_pictures/shokashoka-profile_image-b862c94e10ab0696-300x300.jpeg"
  },
  "sigma": {
    "link": "https://twitch.tv/sigmasin",
    "logo": "https://static-cdn.jtvnw.net/jtv_user_pictures/sigmasin-profile_image-be9ad106c643b4ad-300x300.jpeg"
  },
  "simplyfir": {
    "link": "https://www.twitch.tv/fir_",
    "logo": "https://static-cdn.jtvnw.net/jtv_user_pictures/fir_-profile_image-bbb9cb915b0bf8f7-300x300.png"
  },
  "slashinfty": {
    "link": "https://twitch.tv/slashinfty",
    "logo": "https://static-cdn.jtvnw.net/jtv_user_pictures/slashinfty-profile_image-afec6273559c70bf-300x300.png"
  },
  "squibbons": {
    "link": "https://twitch.tv/squibbons",
    "logo": "https://static-cdn.jtvnw.net/jtv_user_pictures/squibbons-profile_image-5e01eb976b909262-300x300.png"
  },
  "tapioca": {
    "link": "https://twitch.tv/tapioca",
    "logo": "https://static-cdn.jtvnw.net/jtv_user_pictures/tapioca-profile_image-1f0bb21a473bca83-300x300.png"
  },
  "tinahacks": {
    "link": "https://twitch.tv/tinahacks",
    "logo": "https://static-cdn.jtvnw.net/jtv_user_pictures/400d7c2189f89e59-profile_image-300x300.jpeg"
  },
  "ultrauberness": {
    "link": "https://twitch.tv/ultrauberness",
    "logo": "https://static-cdn.jtvnw.net/jtv_user_pictures/ultrauberness-profile_image-4402902017d59413-300x300.jpeg"
  },
  "waffle42": {
    "link": "https://twitch.tv/waffle42",
    "logo": "https://static-cdn.jtvnw.net/jtv_user_pictures/waffle42-profile_image-782652e029acf997-300x300.jpeg"
  },
  "warm_ham": {
    "link": "https://twitch.tv/warm_ham",
    "logo": "https://static-cdn.jtvnw.net/jtv_user_pictures/warm_ham-profile_image-652d8c76b70b6c45-300x300.png"
  },
  "whitman_price_": {
    "link": "https://twitch.tv/whitman_price_",
    "logo": "https://static-cdn.jtvnw.net/jtv_user_pictures/whitman_price_-profile_image-e90eeeea1477f5b1-300x300.jpeg"
  },
  "wusscake": {
    "link": "https://twitch.tv/wusscake",
    "logo": "https://static-cdn.jtvnw.net/jtv_user_pictures/f238f8e6123763da-profile_image-300x300.png"
  },
  "yamayuu": {
    "link": "https://twitch.tv/yamayuu1223",
    "logo": "https://static-cdn.jtvnw.net/jtv_user_pictures/yamayuu1223-profile_image-46788fc30ecac7b7-300x300.jpeg"
  },
  "zallard1": {
    "link": "https://twitch.tv/zallard1",
    "logo": "https://static-cdn.jtvnw.net/jtv_user_pictures/zallard1-profile_image-5340d464ea1687fa-300x300.png"
  }
}
