{
  "360Chrism": {
    "link": "https://twitch.tv/360chrism",
    "logo": "https://static-cdn.jtvnw.net/jtv_user_pictures/00498e1c-41ff-4078-a54e-d82bb41a5d9a-profile_image-300x300.png"
  },
  "Admiral Flapjack": {
    "link": "https://twitch.tv/admiral_flapjack",
    "logo": "https://static-cdn.jtvnw.net/jtv_user_pictures/a5439ced-d061-4f66-955d-7cd2ee607f41-profile_image-300x300.png"
  },
  "Alexy Sinclair": {
    "link": "https://twitch.tv/Alexy_Sinclair",
    "logo": "https://static-cdn.jtvnw.net/jtv_user_pictures/626e402e-2686-4be2-a4b3-bb12ac87a0f4-profile_image-300x300.png"
  },
  "Andy": {
    "link": "https://twitch.tv/andy",
    "logo": "https://static-cdn.jtvnw.net/jtv_user_pictures/andy-profile_image-4e83cf68a89e5b33-300x300.png"
  },
  "AnthonyCaliber": {
    "link": "https://twitch.tv/anthonycaliber",
    "logo": "https://static-cdn.jtvnw.net/jtv_user_pictures/ec8c0b5c-4516-4559-a1a6-c268d771a088-profile_image-300x300.png"
  },
  "Apollo22237": {
    "link": "https://twitch.tv/apollo22237",
    "logo": "https://static-cdn.jtvnw.net/jtv_user_pictures/9c6a1f2a-cccf-4c2b-a9d3-c09c7963534a-profile_image-300x300.png"
  },
  "Aquas": {
    "link": "https://twitch.tv/Aquas",
    "logo": "https://static-cdn.jtvnw.net/jtv_user_pictures/aquas-profile_image-61ac00e5f5f9754e-300x300.png"
  },
  "Aurateur": {
    "link": "https://twitch.tv/aurateur",
    "logo": "https://static-cdn.jtvnw.net/jtv_user_pictures/321cdd2c-11f4-41d0-bdf7-cae94c1e3d5f-profile_image-300x300.png"
  },
  "Barbarian": {
    "link": "https://twitch.tv/barbarousking",
    "logo": "https://static-cdn.jtvnw.net/jtv_user_pictures/3a9bae91-36a3-4dd0-9c84-38a88d6c7809-profile_image-300x300.png"
  },
  "BluntBunny": {
    "link": "https://twitch.tv/bluntbunny",
    "logo": "https://static-cdn.jtvnw.net/jtv_user_pictures/d1043d18-9b78-4808-a65a-b5589fe299e1-profile_image-300x300.png"
  },
  "Bonus Runner": {
    "link": "https://gamesdonequick.com",
    "logo": null
  },
  "Bryonato": {
    "link": "https://twitch.tv/bryonato",
    "logo": "https://static-cdn.jtvnw.net/jtv_user_pictures/bryonato-profile_image-f77fab386179a1e6-300x300.png"
  },
  "Bullets": {
    "link": "https://twitch.tv/isbullets",
    "logo": "https://static-cdn.jtvnw.net/jtv_user_pictures/14cfc30e-5f9b-4b10-a0c5-87f07ad923f2-profile_image-300x300.png"
  },
  "ByteMe": {
    "link": "https://twitch.tv/x_byteme_x",
    "logo": "https://static-cdn.jtvnw.net/jtv_user_pictures/204b3b95-3bdb-412d-93e8-488760abcf11-profile_image-300x300.png"
  },
  "CLG Linkus7": {
    "link": "https://twitch.tv/linkus7",
    "logo": "https://static-cdn.jtvnw.net/jtv_user_pictures/linkus7-profile_image-b9e6a279dcfe16c0-300x300.png"
  },
  "Cantaloupeme": {
    "link": "https://twitch.tv/cantaloupeme",
    "logo": "https://static-cdn.jtvnw.net/jtv_user_pictures/cantaloupeme-profile_image-ff5001c263a4f8b5-300x300.jpeg"
  },
  "Carl Sagan": {
    "link": "https://twitch.tv/carlsagan42",
    "logo": "https://static-cdn.jtvnw.net/jtv_user_pictures/carlsagan42-profile_image-4f9713e92e4b1149-300x300.png"
  },
  "Claris": {
    "link": "https://twitch.tv/claris",
    "logo": "https://static-cdn.jtvnw.net/jtv_user_pictures/a58d0cff-ff00-4754-b6e1-8c70e597f9d4-profile_image-300x300.png"
  },
  "Clipper1": {
    "link": "https://twitch.tv/clipper1",
    "logo": "https://static-cdn.jtvnw.net/jtv_user_pictures/5ef2a019-2aac-4391-b22d-601ed5cf8617-profile_image-300x300.png"
  },
  "CovertMuffin": {
    "link": "https://twitch.tv/Covert_Muffin",
    "logo": "https://static-cdn.jtvnw.net/jtv_user_pictures/9d3d93784f8faa82-profile_image-300x300.png"
  },
  "CriticalCyd": {
    "link": "https://twitch.tv/criticalcyd",
    "logo": "https://static-cdn.jtvnw.net/jtv_user_pictures/criticalcyd-profile_image-89a002c025ef74d5-300x300.jpeg"
  },
  "Cypherin": {
    "link": "https://twitch.tv/cypherin",
    "logo": "https://static-cdn.jtvnw.net/jtv_user_pictures/cypherin-profile_image-edd60fb4f56eea43-300x300.png"
  },
  "DECosmic": {
    "link": "https://twitch.tv/decosmic",
    "logo": "https://static-cdn.jtvnw.net/jtv_user_pictures/1462dd84-c16f-48ed-8aaa-fb86c5e48e75-profile_image-300x300.png"
  },
  "DarkTerrex": {
    "link": "https://twitch.tv/darkterrex",
    "logo": "https://static-cdn.jtvnw.net/jtv_user_pictures/darkterrex-profile_image-5d7c6fc0f1116023-300x300.jpeg"
  },
  "Ecdycis": {
    "link": "https://twitch.tv/ecdycis",
    "logo": "https://static-cdn.jtvnw.net/jtv_user_pictures/dc8b416f-f40b-44cd-9e26-70c013f20e48-profile_image-300x300.png"
  },
  "Elpis": {
    "link": "https://twitch.tv/theelpis",
    "logo": "https://static-cdn.jtvnw.net/jtv_user_pictures/72195c28-935a-4c10-987a-d83312039ba5-profile_image-300x300.jpg"
  },
  "Enhu": {
    "link": "https://twitch.tv/enhu",
    "logo": "https://static-cdn.jtvnw.net/jtv_user_pictures/1be72cf6-2609-4ad8-90eb-eac76cf3e77c-profile_image-300x300.png"
  },
  "EyeOf_Newt": {
    "link": "https://twitch.tv/eyeof_newt",
    "logo": "https://static-cdn.jtvnw.net/jtv_user_pictures/f27880c4-8fa2-4673-ad06-39af4ba2a3f7-profile_image-300x300.png"
  },
  "FFR Pro 21": {
    "link": "https://twitch.tv/ffrpro21",
    "logo": "https://static-cdn.jtvnw.net/jtv_user_pictures/ffrpro21-profile_image-f2a4fccbb0b18c91-300x300.png"
  },
  "Faust4712": {
    "link": "https://twitch.tv/faust4712",
    "logo": "https://static-cdn.jtvnw.net/jtv_user_pictures/b831a9e3-4e74-4fe1-af3b-955d29f74385-profile_image-300x300.png"
  },
  "FeralPigMan": {
    "link": "https://twitch.tv/feralpigman",
    "logo": "https://static-cdn.jtvnw.net/jtv_user_pictures/feralpigman-profile_image-a38324ca42026638-300x300.jpeg"
  },
  "Finalflame": {
    "link": "https://twitch.tv/Finalflame",
    "logo": "https://static-cdn.jtvnw.net/jtv_user_pictures/finalflame-profile_image-49d0ad1f9ca42688-300x300.png"
  },
  "FrostedGH": {
    "link": "https://twitch.tv/frostedgh",
    "logo": "https://static-cdn.jtvnw.net/jtv_user_pictures/3bbbf071-7245-48fa-a7fb-d4c7cd0be95a-profile_image-300x300.png"
  },
  "Gelly": {
    "link": "https://twitch.tv/gelly",
    "logo": "https://static-cdn.jtvnw.net/jtv_user_pictures/gelly-profile_image-bbcad2e7a914b5f6-300x300.png"
  },
  "Goof": {
    "link": "https://twitch.tv/royalgoof",
    "logo": "https://static-cdn.jtvnw.net/jtv_user_pictures/7c702b39-f3fc-4618-9d2f-a6c1a5ef4901-profile_image-300x300.png"
  },
  "Greenmario": {
    "link": "https://twitch.tv/greenmario",
    "logo": "https://static-cdn.jtvnw.net/jtv_user_pictures/def99cd7-b88d-49c3-bf79-96a491e6bc64-profile_image-300x300.png"
  },
  "Gunnermaniac": {
    "link": "https://twitch.tv/gunnermaniac",
    "logo": "https://static-cdn.jtvnw.net/jtv_user_pictures/701a507daf74684f-profile_image-300x300.jpeg"
  },
  "Gyoo": {
    "link": "https://twitch.tv/gyoo_",
    "logo": "https://static-cdn.jtvnw.net/jtv_user_pictures/691905015b2669fb-profile_image-300x300.jpeg"
  },
  "Helix": {
    "link": "https://twitch.tv/Helix13_",
    "logo": "https://static-cdn.jtvnw.net/jtv_user_pictures/6c537867-ebd4-48c2-a045-3a354ffa534c-profile_image-300x300.png"
  },
  "JRP2234": {
    "link": "https://twitch.tv/jrp2234",
    "logo": "https://static-cdn.jtvnw.net/jtv_user_pictures/5c395857-e69e-4a3f-b792-f96e716587b7-profile_image-300x300.png"
  },
  "JoeDamillio": {
    "link": "https://twitch.tv/joedamillio",
    "logo": "https://static-cdn.jtvnw.net/jtv_user_pictures/joedamillio-profile_image-3fb1468bd4a5b136-300x300.jpeg"
  },
  "Joester98": {
    "link": "https://twitch.tv/joester98",
    "logo": "https://static-cdn.jtvnw.net/jtv_user_pictures/joester98-profile_image-6adb7018bf83119a-300x300.png"
  },
  "Joeybaby69": {
    "link": "https://twitch.tv/joeybaby69",
    "logo": "https://static-cdn.jtvnw.net/jtv_user_pictures/d4f7e173-ae57-432c-aa6a-03369b6960b4-profile_image-300x300.png"
  },
  "JoshRTA": {
    "link": "https://twitch.tv/joshrta",
    "logo": "https://static-cdn.jtvnw.net/jtv_user_pictures/joshrta-profile_image-a10a8a83b2b8be20-300x300.jpeg"
  },
  "KLM1187": {
    "link": "https://twitch.tv/klm1187",
    "logo": "https://static-cdn.jtvnw.net/jtv_user_pictures/93b3896b-de92-4ac3-bcb3-d5fdf205dcf0-profile_image-300x300.png"
  },
  "Kap": {
    "link": "https://twitch.tv/kapkaprevenge",
    "logo": "https://static-cdn.jtvnw.net/jtv_user_pictures/2237f4e6964e5734-profile_image-300x300.png"
  },
  "KillaLombax": {
    "link": "https://twitch.tv/killalombax",
    "logo": "https://static-cdn.jtvnw.net/jtv_user_pictures/67cbd637-5d14-4293-997b-9aed26c09469-profile_image-300x300.png"
  },
  "KingDime": {
    "link": "https://twitch.tv/kingdime",
    "logo": "https://static-cdn.jtvnw.net/jtv_user_pictures/kingdime-profile_image-53df2098af16d0ce-300x300.jpeg"
  },
  "KingRhodesTn": {
    "link": "https://twitch.tv/kingrhodestn",
    "logo": "https://static-cdn.jtvnw.net/jtv_user_pictures/kingrhodestn-profile_image-96533129dccda8f2-300x300.jpeg"
  },
  "LRock617": {
    "link": "https://twitch.tv/lrock617",
    "logo": "https://static-cdn.jtvnw.net/jtv_user_pictures/94f6b8a4169dba1d-profile_image-300x300.jpeg"
  },
  "LackAttack24": {
    "link": "https://twitch.tv/lackattack24",
    "logo": "https://static-cdn.jtvnw.net/jtv_user_pictures/lackattack24-profile_image-f631a7f04c5bce08-300x300.png"
  },
  "Liquid Squid": {
    "link": "https://twitch.tv/liquidsquidd",
    "logo": "https://static-cdn.jtvnw.net/jtv_user_pictures/0cb1e5a1-29f5-4526-ae3f-83cbd802357e-profile_image-300x300.png"
  },
  "Lizstar": {
    "link": "https://twitch.tv/lizstar",
    "logo": "https://static-cdn.jtvnw.net/jtv_user_pictures/9c220420-fd36-4c96-a9df-cfac357c8edb-profile_image-300x300.jpeg"
  },
  "Luzbelheim": {
    "link": "https://twitch.tv/luzbelheim",
    "logo": "https://static-cdn.jtvnw.net/jtv_user_pictures/luzbelheim-profile_image-2a5dd8a828162834-300x300.jpeg"
  },
  "Maxylobes": {
    "link": "https://twitch.tv/maxylobes",
    "logo": "https://static-cdn.jtvnw.net/jtv_user_pictures/dbe534c2-3ff4-449f-bd0c-5527c0757339-profile_image-300x300.png"
  },
  "Mike Uyama": {
    "link": "https://twitch.tv/mikwuyma",
    "logo": "https://static-cdn.jtvnw.net/jtv_user_pictures/mikwuyma-profile_image-09c18607eeb0f1a5-300x300.jpeg"
  },
  "MikeWave": {
    "link": "https://twitch.tv/mike__wave",
    "logo": "https://static-cdn.jtvnw.net/jtv_user_pictures/6ad90af3-bfcd-46c0-ba80-b49beb2e998b-profile_image-300x300.png"
  },
  "Milkman": {
    "link": "https://twitch.tv/mr_milkman44",
    "logo": "https://static-cdn.jtvnw.net/user-default-pictures-uv/cdd517fe-def4-11e9-948e-784f43822e80-profile_image-300x300.png"
  },
  "MrDino023": {
    "link": "https://twitch.tv/MrDino023",
    "logo": "https://static-cdn.jtvnw.net/jtv_user_pictures/dca3f293-190e-4272-8ead-3d3e3087e393-profile_image-300x300.png"
  },
  "MrUppercaseT": {
    "link": "https://twitch.tv/mruppercaset",
    "logo": "https://static-cdn.jtvnw.net/jtv_user_pictures/d2ddb081-7afe-4a1b-8a6a-136f91b398fb-profile_image-300x300.png"
  },
  "Muttski": {
    "link": "https://twitch.tv/muttski",
    "logo": "https://static-cdn.jtvnw.net/jtv_user_pictures/9ee4749b-189d-44db-a152-51cc90e3a797-profile_image-300x300.png"
  },
  "NPC": {
    "link": "https://twitch.tv/npc_lives",
    "logo": "https://static-cdn.jtvnw.net/jtv_user_pictures/03fa7c11-3e53-492b-ae5d-6b281f909cc3-profile_image-300x300.jpg"
  },
  "Necrocopter": {
    "link": "https://twitch.tv/necrocopterlp",
    "logo": "https://static-cdn.jtvnw.net/jtv_user_pictures/8c5d51fe-c258-49a2-b02c-75fcb21c88ca-profile_image-300x300.png"
  },
  "NickBGoHard": {
    "link": "https://twitch.tv/nickbgohard",
    "logo": "https://static-cdn.jtvnw.net/jtv_user_pictures/f9efeae5-0afc-4926-b409-a18ba5a4d158-profile_image-300x300.png"
  },
  "Notriley4": {
    "link": "https://twitch.tv/notriley4",
    "logo": "https://static-cdn.jtvnw.net/jtv_user_pictures/8dd58ff6-9152-4d77-b149-fefc661a43ac-profile_image-300x300.png"
  },
  "Oatsngoats": {
    "link": "https://twitch.tv/oatsngoats",
    "logo": "https://static-cdn.jtvnw.net/jtv_user_pictures/1dfdbb6ed73b8fcf-profile_image-300x300.jpeg"
  },
  "Omnigamer": {
    "link": "https://twitch.tv/omnigamer",
    "logo": "https://static-cdn.jtvnw.net/jtv_user_pictures/omnigamer-profile_image-bb8f6d3f03b9f3bb-300x300.jpeg"
  },
  "PJ": {
    "link": "https://twitch.tv/pjdicesare",
    "logo": "https://static-cdn.jtvnw.net/jtv_user_pictures/a137cc9c-5237-44f6-9151-c4e0c494f00f-profile_image-300x300.png"
  },
  "PangaeaPanga": {
    "link": "https://twitch.tv/pangaeapanga",
    "logo": "https://static-cdn.jtvnw.net/jtv_user_pictures/pangaeapanga-profile_image-dfae8789666c2bc2-300x300.png"
  },
  "Pessilist": {
    "link": "https://twitch.tv/pessilist",
    "logo": "https://static-cdn.jtvnw.net/jtv_user_pictures/465e535b-5104-496b-b9e0-5e6e5022e229-profile_image-300x300.png"
  },
  "PeteDorr": {
    "link": "https://twitch.tv/PeteDorr",
    "logo": "https://static-cdn.jtvnw.net/jtv_user_pictures/petedorr-profile_image-bd2ea5ec4a074952-300x300.jpeg"
  },
  "Ppotdot1": {
    "link": "https://twitch.tv/ppotdot1",
    "logo": "https://static-cdn.jtvnw.net/jtv_user_pictures/ppotdot1-profile_image-af7cb142f8087810-300x300.png"
  },
  "Pro_JN": {
    "link": "https://twitch.tv/pro_jn",
    "logo": "https://static-cdn.jtvnw.net/jtv_user_pictures/pro_jn-profile_image-04bce9e3cab085cd-300x300.png"
  },
  "Psych0sis": {
    "link": "https://twitch.tv/psych0sis_tv",
    "logo": "https://static-cdn.jtvnw.net/jtv_user_pictures/psych0sis_tv-profile_image-b49e1af3ff51f919-300x300.png"
  },
  "Puncayshun": {
    "link": "https://twitch.tv/puncayshun",
    "logo": "https://static-cdn.jtvnw.net/jtv_user_pictures/puncayshun-profile_image-c70e13aa9cda9e19-300x300.png"
  },
  "Qttsix": {
    "link": "https://twitch.tv/qttsix",
    "logo": "https://static-cdn.jtvnw.net/jtv_user_pictures/7a830382-fadb-4b1b-832f-0ce304adf17d-profile_image-300x300.png"
  },
  "RaichuMGS": {
    "link": "https://twitch.tv/raichumgs",
    "logo": "https://static-cdn.jtvnw.net/jtv_user_pictures/a9a0511e-95ce-4609-9335-0cfae5c35642-profile_image-300x300.png"
  },
  "Regole": {
    "link": "https://twitch.tv/regoleslayer",
    "logo": "https://static-cdn.jtvnw.net/jtv_user_pictures/regoleslayer-profile_image-e228374edc3a5ce1-300x300.png"
  },
  "Reset": {
    "link": "https://twitch.tv/ResetSPEEDRUNNING",
    "logo": "https://static-cdn.jtvnw.net/jtv_user_pictures/99633369-8f0d-4ced-b990-f5044f8fea58-profile_image-300x300.png"
  },
  "Resistingframe": {
    "link": "https://twitch.tv/resistingframe",
    "logo": "https://static-cdn.jtvnw.net/jtv_user_pictures/47e179d7-e8b7-40b2-91d3-c178ea7a4354-profile_image-300x300.png"
  },
  "Rezovayix": {
    "link": "https://twitch.tv/rezovayix",
    "logo": "https://static-cdn.jtvnw.net/jtv_user_pictures/rezovayix-profile_image-e5d51907a2c28ced-300x300.png"
  },
  "RiskyCB": {
    "link": "https://twitch.tv/RiskyCB",
    "logo": "https://static-cdn.jtvnw.net/jtv_user_pictures/riskycb-profile_image-572c4459d2347cf9-300x300.jpeg"
  },
  "SNeaky": {
    "link": "https://twitch.tv/SNeeaaky",
    "logo": "https://static-cdn.jtvnw.net/jtv_user_pictures/sneeaaky-profile_image-5f4fcb4f7fbfb802-300x300.png"
  },
  "Sagehero": {
    "link": "https://twitch.tv/sagehero",
    "logo": "https://static-cdn.jtvnw.net/jtv_user_pictures/sagehero-profile_image-06e804f2fbd5f044-300x300.jpeg"
  },
  "Satoryu": {
    "link": "https://twitch.tv/SatoryuGDQ",
    "logo": "https://static-cdn.jtvnw.net/jtv_user_pictures/a79954b6-1ac3-4ab0-8f71-009d2e802e7b-profile_image-300x300.jpg"
  },
  "Scrublord": {
    "link": "https://twitch.tv/scrublord701",
    "logo": "https://static-cdn.jtvnw.net/jtv_user_pictures/scrublord701-profile_image-1f28580e7369fe96-300x300.jpeg"
  },
  "Sean_A": {
    "link": "https://twitch.tv/sean_ab",
    "logo": "https://static-cdn.jtvnw.net/jtv_user_pictures/sean_ab-profile_image-72bb3577ec29f707-300x300.jpeg"
  },
  "Sharo": {
    "link": "https://www.twitch.tv/Sharo_",
    "logo": "https://static-cdn.jtvnw.net/jtv_user_pictures/9fdbb323-086f-46c9-8582-ac0f4f38d148-profile_image-300x300.png"
  },
  "Shockwve": {
    "link": "https://twitch.tv/shockwve",
    "logo": "https://static-cdn.jtvnw.net/jtv_user_pictures/0f7cc4bc-f0ec-4d8a-9cc5-8a0f72953dfc-profile_image-300x300.png"
  },
  "Simply": {
    "link": "https://twitch.tv/simply",
    "logo": "https://static-cdn.jtvnw.net/jtv_user_pictures/simply-profile_image-150836b25c16056d-300x300.png"
  },
  "Sjorec": {
    "link": "https://twitch.tv/sjorec",
    "logo": "https://static-cdn.jtvnw.net/jtv_user_pictures/c8beb7e8-9c86-4767-9318-56a82130d4fc-profile_image-300x300.png"
  },
  "Smartball": {
    "link": "https://twitch.tv/smartball",
    "logo": "https://static-cdn.jtvnw.net/jtv_user_pictures/smartball-profile_image-13e457e24279aa6f-300x300.jpeg"
  },
  "Snowfats": {
    "link": "https://twitch.tv/snowfats",
    "logo": "https://static-cdn.jtvnw.net/jtv_user_pictures/snowfats-profile_image-bab887cbce23da96-300x300.jpeg"
  },
  "Sonikkustar": {
    "link": "https://twitch.tv/sonikkustar",
    "logo": "https://static-cdn.jtvnw.net/jtv_user_pictures/sonikkustar-profile_image-676164c40402305c-300x300.jpeg"
  },
  "Soppanaama": {
    "link": "https://twitch.tv/soppanaama",
    "logo": "https://static-cdn.jtvnw.net/jtv_user_pictures/soppanaama-profile_image-59f4c6778c052621-300x300.png"
  },
  "SpootyBiscuit": {
    "link": "https://twitch.tv/spootybiscuit",
    "logo": "https://static-cdn.jtvnw.net/jtv_user_pictures/b3b93874-94a6-46f6-b207-e3ad19e86ca0-profile_image-300x300.png"
  },
  "StoneAgeMarcus": {
    "link": "https://twitch.tv/StoneAgeMarcus",
    "logo": "https://static-cdn.jtvnw.net/jtv_user_pictures/stoneagemarcus-profile_image-0cf1b1e4377d825e-300x300.jpeg"
  },
  "TASBot": {
    "link": "https://www.twitch.tv/dwangoAC",
    "logo": "https://static-cdn.jtvnw.net/jtv_user_pictures/086a13a0-2dff-4673-bac8-3185076e1243-profile_image-300x300.png"
  },
  "TGH": {
    "link": "https://www.twitch.tv/tgh_sr",
    "logo": "https://static-cdn.jtvnw.net/jtv_user_pictures/b5eafba8-8e39-4ad4-b859-3ba406fe5559-profile_image-300x300.png"
  },
  "Tasselfoot": {
    "link": "https://www.twitch.tv/Tasselfoot",
    "logo": "https://static-cdn.jtvnw.net/jtv_user_pictures/7f93d37c-5de9-48e8-bbcd-8f94086b9d71-profile_image-300x300.png"
  },
  "Tech Crew": {
    "link": "https://gamesdonequick.com",
    "logo": null
  },
  "Teleo1": {
    "link": "https://twitch.tv/teleo1",
    "logo": "https://static-cdn.jtvnw.net/jtv_user_pictures/c01a1770-33a4-4668-9086-4e83be47395f-profile_image-300x300.png"
  },
  "Thabeast721": {
    "link": "https://twitch.tv/thabeast721",
    "logo": "https://static-cdn.jtvnw.net/jtv_user_pictures/thabeast721-profile_image-60ee802c028a537f-300x300.jpeg"
  },
  "TheFuncannon": {
    "link": "https://twitch.tv/thefuncannon",
    "logo": "https://static-cdn.jtvnw.net/jtv_user_pictures/thefuncannon-profile_image-526136625e0f7828-300x300.png"
  },
  "TheHaxor": {
    "link": "https://www.twitch.tv/thehaxor",
    "logo": "https://static-cdn.jtvnw.net/jtv_user_pictures/thehaxor-profile_image-bcf498eafc3392b1-300x300.jpeg"
  },
  "TheMexicanRunner": {
    "link": "https://twitch.tv/themexicanrunner",
    "logo": "https://static-cdn.jtvnw.net/jtv_user_pictures/themexicanrunner-profile_image-ddebad8299ab2d41-300x300.png"
  },
  "ThePackle": {
    "link": "https://twitch.tv/thepackle",
    "logo": "https://static-cdn.jtvnw.net/jtv_user_pictures/8dc7f10b-326e-4943-b67b-b27a5a88ed46-profile_image-300x300.png"
  },
  "ThePoloKing": {
    "link": "https://mixer.com/ThePoloKing/",
    "logo": "https://uploads.mixer.com/avatar/m8tutp5e-72268474.jpg?width=300&height=300"
  },
  "Thurler": {
    "link": "https://twitch.tv/thurler",
    "logo": "https://static-cdn.jtvnw.net/jtv_user_pictures/21b56f11168a91c7-profile_image-300x300.png"
  },
  "TiKevin83": {
    "link": "https://twitch.tv/tikevin83",
    "logo": "https://static-cdn.jtvnw.net/jtv_user_pictures/65ae54e7-33bc-474b-a799-87e345b7b725-profile_image-300x300.png"
  },
  "Tojju": {
    "link": "https://twitch.tv/tojju",
    "logo": "https://static-cdn.jtvnw.net/jtv_user_pictures/1536e7ad-d700-4dd9-8b9b-da0c9e55973f-profile_image-300x300.jpg"
  },
  "Tokeegee": {
    "link": "https://twitch.tv/Tokeegee",
    "logo": "https://static-cdn.jtvnw.net/jtv_user_pictures/4328d0a7-d376-4dda-9dd2-3b2a4e3dde19-profile_image-300x300.png"
  },
  "Tokyo90": {
    "link": "https://twitch.tv/tokyo90",
    "logo": "https://static-cdn.jtvnw.net/jtv_user_pictures/tokyo90-profile_image-c36b59c618650c14-300x300.png"
  },
  "Traderkirk": {
    "link": "https://twitch.tv/traderkirk",
    "logo": "https://static-cdn.jtvnw.net/jtv_user_pictures/df13bd25-1a8a-4e29-9fb9-b05ab2e06b79-profile_image-300x300.png"
  },
  "V0oid": {
    "link": "https://twitch.tv/v0oid",
    "logo": "https://static-cdn.jtvnw.net/jtv_user_pictures/v0oid-profile_image-b9b4bae849ba1921-300x300.png"
  },
  "Valvinraim": {
    "link": "https://twitch.tv/valvinraim",
    "logo": "https://static-cdn.jtvnw.net/jtv_user_pictures/958f96ef-967b-4098-8c99-682739665f84-profile_image-300x300.png"
  },
  "Various": {
    "link": null,
    "logo": null
  },
  "WOLFDNC": {
    "link": "https://twitch.tv/wolfdnc",
    "logo": "https://static-cdn.jtvnw.net/jtv_user_pictures/b4c15ddb-582d-41f6-92cc-a6253ede2728-profile_image-300x300.jpg"
  },
  "Warp World": {
    "link": "https://twitch.tv/warpworldstaff",
    "logo": "https://static-cdn.jtvnw.net/jtv_user_pictures/0d3abb3c-3a7c-4881-8a51-51ee716d12ac-profile_image-300x300.jpg"
  },
  "Winslinator": {
    "link": "https://twitch.tv/winslinator",
    "logo": "https://static-cdn.jtvnw.net/jtv_user_pictures/578ce4b8-87af-4c92-bf44-69f4ed4bbd05-profile_image-300x300.png"
  },
  "WizWarioo": {
    "link": "https://twitch.tv/wizwarioo",
    "logo": "https://static-cdn.jtvnw.net/jtv_user_pictures/676ca3e7-469d-4f33-9bdd-db391d4f6e37-profile_image-300x300.png"
  },
  "ZFG": {
    "link": "https://twitch.tv/zfg1",
    "logo": "https://static-cdn.jtvnw.net/jtv_user_pictures/zfg1-profile_image-2643dd004eceaf08-300x300.png"
  },
  "Zaustus": {
    "link": "https://www.twitch.tv/zaustus",
    "logo": "https://static-cdn.jtvnw.net/jtv_user_pictures/e3c24d44-3452-4fc5-be07-94b2d3cc1ef4-profile_image-300x300.png"
  },
  "Zaxon96": {
    "link": "https://twitch.tv/zaxon96",
    "logo": "https://static-cdn.jtvnw.net/jtv_user_pictures/2b5e4bdebeee8977-profile_image-300x300.jpeg"
  },
  "Zic3": {
    "link": "https://twitch.tv/Zic3",
    "logo": "https://static-cdn.jtvnw.net/jtv_user_pictures/zic3-profile_image-8b9467a95e49fdc2-300x300.png"
  },
  "adef": {
    "link": "https://twitch.tv/adef",
    "logo": "https://static-cdn.jtvnw.net/jtv_user_pictures/adef-profile_image-cb1263bafbd3803f-300x300.png"
  },
  "authorblues": {
    "link": "https://twitch.tv/authorblues",
    "logo": "https://static-cdn.jtvnw.net/jtv_user_pictures/797c58ce-25c9-4ff7-9bcb-a447e0da3dcb-profile_image-300x300.png"
  },
  "badBlackShark": {
    "link": "https://twitch.tv/trueblackshark",
    "logo": "https://static-cdn.jtvnw.net/jtv_user_pictures/3916fdee-dcf2-49cb-b934-3fac9b475cf3-profile_image-300x300.png"
  },
  "becored": {
    "link": "https://www.twitch.tv/beco",
    "logo": "https://static-cdn.jtvnw.net/jtv_user_pictures/05c84fec-d3cb-4589-b674-09553f9f8267-profile_image-300x300.png"
  },
  "berlindude1": {
    "link": "https://twitch.tv/berlindude1",
    "logo": "https://static-cdn.jtvnw.net/jtv_user_pictures/berlindude1-profile_image-c2c11014f3990f2b-300x300.jpeg"
  },
  "bloodthunder": {
    "link": "https://twitch.tv/BloodThunder",
    "logo": "https://static-cdn.jtvnw.net/jtv_user_pictures/5ea79bd0e4e6a1b7-profile_image-300x300.png"
  },
  "cajink87": {
    "link": "https://twitch.tv/cajink87",
    "logo": "https://static-cdn.jtvnw.net/jtv_user_pictures/9da5f5e2fc9aeab8-profile_image-300x300.jpeg"
  },
  "codepiece": {
    "link": "https://twitch.tv/codepiece9",
    "logo": "https://static-cdn.jtvnw.net/jtv_user_pictures/b36c76a4-dd96-447e-8f29-8a32d99537aa-profile_image-300x300.png"
  },
  "colin": {
    "link": "https://twitch.tv/colinbolts",
    "logo": "https://static-cdn.jtvnw.net/jtv_user_pictures/895207b79b04c947-profile_image-300x300.jpeg"
  },
  "cook": {
    "link": "https://twitch.tv/unusualcook",
    "logo": "https://static-cdn.jtvnw.net/jtv_user_pictures/unusualcook-profile_image-6662f02010fa2d1d-300x300.png"
  },
  "coolkid": {
    "link": "https://www.twitch.tv/coolkid",
    "logo": "https://static-cdn.jtvnw.net/jtv_user_pictures/296c6a7503936b97-profile_image-300x300.png"
  },
  "darrenville": {
    "link": "https://twitch.tv/darrenville",
    "logo": "https://static-cdn.jtvnw.net/jtv_user_pictures/6b519d2d-ba6f-48f4-8007-d6254d008bc5-profile_image-300x300.png"
  },
  "dosboxfalco": {
    "link": "https://twitch.tv/dosboxfalco",
    "logo": "https://static-cdn.jtvnw.net/jtv_user_pictures/f538c0293b558ecb-profile_image-300x300.jpeg"
  },
  "dowolf": {
    "link": "https://twitch.tv/dowolff",
    "logo": "https://static-cdn.jtvnw.net/jtv_user_pictures/dowolff-profile_image-46485f0c92e43e3a-300x300.jpeg"
  },
  "dwangoAC": {
    "link": "https://twitch.tv/dwangoac",
    "logo": "https://static-cdn.jtvnw.net/jtv_user_pictures/086a13a0-2dff-4673-bac8-3185076e1243-profile_image-300x300.png"
  },
  "flarebear": {
    "link": "https://www.twitch.tv/flarebearSR",
    "logo": "https://static-cdn.jtvnw.net/jtv_user_pictures/47da8613-b3e4-4abf-aeb9-e2faf9ebf58a-profile_image-300x300.png"
  },
  "flying fox": {
    "link": "https://www.twitch.tv/flying_fox",
    "logo": "https://static-cdn.jtvnw.net/jtv_user_pictures/302ff88a-d2be-4997-8e1d-c83b2fafcd34-profile_image-300x300.png"
  },
  "grandpoobear": {
    "link": "https://www.twitch.tv/GrandPOOBear",
    "logo": "https://static-cdn.jtvnw.net/jtv_user_pictures/348db1ba-d5cf-44e3-abec-27256d1ec685-profile_image-300x300.png"
  },
  "greatjhon": {
    "link": "https://twitch.tv/greatjhon",
    "logo": "https://static-cdn.jtvnw.net/jtv_user_pictures/582572e6-9d6c-4e81-a1f7-dd0a0f7085a2-profile_image-300x300.png"
  },
  "gusto": {
    "link": "https://twitch.tv/gusyphus2",
    "logo": "https://static-cdn.jtvnw.net/user-default-pictures-uv/215b7342-def9-11e9-9a66-784f43822e80-profile_image-300x300.png"
  },
  "gymnast86": {
    "link": "https://twitch.tv/gymnast86",
    "logo": "https://static-cdn.jtvnw.net/jtv_user_pictures/gymnast86-profile_image-f3114ecf75946be1-300x300.jpeg"
  },
  "halfcoordinated": {
    "link": "https://twitch.tv/halfcoordinated",
    "logo": "https://static-cdn.jtvnw.net/jtv_user_pictures/6e75c67e-4b8e-47eb-bb16-62a5052dfdd8-profile_image-300x300.png"
  },
  "headstrong1290": {
    "link": "https://twitch.tv/headstrong1290",
    "logo": "https://static-cdn.jtvnw.net/jtv_user_pictures/headstrong1290-profile_image-b3bbc39c68aad6bf-300x300.jpeg"
  },
  "janglestorm": {
    "link": "https://twitch.tv/janglestorm",
    "logo": "https://static-cdn.jtvnw.net/jtv_user_pictures/janglestorm-profile_image-2b3538c872d5bc59-300x300.png"
  },
  "jimmypoopins": {
    "link": "https://twitch.tv/jimmypoopins",
    "logo": "https://static-cdn.jtvnw.net/jtv_user_pictures/jimmypoopins-profile_image-1bffc2fe2c549e64-300x300.jpeg"
  },
  "justinman114": {
    "link": "https://twitch.tv/justinman114",
    "logo": "https://static-cdn.jtvnw.net/jtv_user_pictures/justinman114-profile_image-f9b26e7e9b26d8cc-300x300.jpeg"
  },
  "juzcook": {
    "link": "https://twitch.tv/juzcook",
    "logo": "https://static-cdn.jtvnw.net/jtv_user_pictures/e94e7b0b14560151-profile_image-300x300.jpeg"
  },
  "lookintoad": {
    "link": "https://twitch.tv/lookintoad",
    "logo": "https://static-cdn.jtvnw.net/jtv_user_pictures/ec0c8d57-750d-4d9d-b0fd-526404da19b2-profile_image-300x300.jpg"
  },
  "metroidmcfly": {
    "link": "https://twitch.tv/metroidmcfly",
    "logo": "https://static-cdn.jtvnw.net/jtv_user_pictures/c1678436-8d2b-47b3-9ed4-815c673aab0a-profile_image-300x300.png"
  },
  "mitchflowerpower": {
    "link": "https://twitch.tv/mitchflowerpower",
    "logo": "https://static-cdn.jtvnw.net/jtv_user_pictures/b2faa1a4854017d6-profile_image-300x300.png"
  },
  "mohoc": {
    "link": "https://twitch.tv/mohoc7",
    "logo": "https://static-cdn.jtvnw.net/jtv_user_pictures/mohoc7-profile_image-2c85e7be62848bda-300x300.jpeg"
  },
  "murmilio": {
    "link": "https://twitch.tv/murmilio",
    "logo": "https://static-cdn.jtvnw.net/jtv_user_pictures/a20af69da346a4d7-profile_image-300x300.png"
  },
  "nucular": {
    "link": "https://www.twitch.tv/nucu1ar",
    "logo": "https://static-cdn.jtvnw.net/jtv_user_pictures/ef3e45d6-98cb-4116-838e-4a0203bb27f3-profile_image-300x300.jpeg"
  },
  "ohon": {
    "link": "https://twitch.tv/ohonta",
    "logo": "https://static-cdn.jtvnw.net/jtv_user_pictures/ohonta-profile_image-adb64471bcf702ad-300x300.png"
  },
  "rayeo": {
    "link": "https://twitch.tv/rayeo",
    "logo": "https://static-cdn.jtvnw.net/jtv_user_pictures/8674c7de-a4bc-492a-a3c4-49866c0d2b3d-profile_image-300x300.png"
  },
  "rcdrone": {
    "link": "https://twitch.tv/rcdrone",
    "logo": "https://static-cdn.jtvnw.net/jtv_user_pictures/269b96ec-af93-4ee5-a4a9-d47509df3804-profile_image-300x300.png"
  },
  "ryukahr": {
    "link": "https://twitch.tv/ryukahr",
    "logo": "https://static-cdn.jtvnw.net/jtv_user_pictures/bb51c5e8-a173-405d-b5c0-1c978cef7688-profile_image-300x300.png"
  },
  "sYn": {
    "link": "https://twitch.tv/syn_stream",
    "logo": "https://static-cdn.jtvnw.net/jtv_user_pictures/e84e214f-4f35-4d59-a815-a94d2b73663a-profile_image-300x300.png"
  },
  "salvner": {
    "link": "https://twitch.tv/salvner",
    "logo": "https://static-cdn.jtvnw.net/jtv_user_pictures/7e99de29-a604-4e56-b6f7-0543b4dd9574-profile_image-300x300.png"
  },
  "sharif": {
    "link": "https://www.twitch.tv/sharfers",
    "logo": "https://static-cdn.jtvnw.net/jtv_user_pictures/a62a567b-512c-49ca-9380-6a88f89fe1ea-profile_image-300x300.png"
  },
  "shedd": {
    "link": "https://twitch.tv/shedd_bird",
    "logo": "https://static-cdn.jtvnw.net/jtv_user_pictures/shedd_bird-profile_image-29ced0eae64540bb-300x300.jpeg"
  },
  "sickynar": {
    "link": "https://twitch.tv/sickynar",
    "logo": "https://static-cdn.jtvnw.net/jtv_user_pictures/4cfc25dc-3458-40dd-9cd8-99be172dd9a7-profile_image-300x300.jpg"
  },
  "stewie_cartman": {
    "link": "https://www.twitch.tv/stewie_cartman",
    "logo": "https://static-cdn.jtvnw.net/jtv_user_pictures/68f6f54dd9e67ec5-profile_image-300x300.jpeg"
  },
  "tapioca": {
    "link": "https://twitch.tv/tapioca",
    "logo": "https://static-cdn.jtvnw.net/jtv_user_pictures/b62a0bb8-a365-4024-9110-052584d24107-profile_image-300x300.jpg"
  },
  "teapartycthulu": {
    "link": "https://twitch.tv/teapartycthulu",
    "logo": "https://static-cdn.jtvnw.net/jtv_user_pictures/ae869fe9-d39e-4be6-80b5-e4ad221458f2-profile_image-300x300.png"
  },
  "teddyras": {
    "link": "https://twitch.tv/teddyras",
    "logo": "https://static-cdn.jtvnw.net/jtv_user_pictures/69e39c55-1628-4305-951d-6d2f4cdfd87d-profile_image-300x300.png"
  },
  "theboyks": {
    "link": "https://twitch.tv/theboyks",
    "logo": "https://static-cdn.jtvnw.net/jtv_user_pictures/faf0d05f-a074-4eff-ab17-0348bde2c269-profile_image-300x300.png"
  },
  "tomatoangus": {
    "link": "https://www.twitch.tv/tomatoanus",
    "logo": "https://static-cdn.jtvnw.net/jtv_user_pictures/tomatoanus-profile_image-61091b22b154e80f-300x300.jpeg"
  },
  "tvgBadger": {
    "link": "https://www.twitch.tv/badger",
    "logo": "https://static-cdn.jtvnw.net/jtv_user_pictures/b03bfa24-116c-4c23-b9ee-c663eba8440f-profile_image-300x300.png"
  },
  "v_input_output": {
    "link": "https://twitch.tv/v_input_output",
    "logo": "https://static-cdn.jtvnw.net/jtv_user_pictures/6746482e-a5f4-4962-a79b-1f2c802e9c00-profile_image-300x300.jpg"
  },
  "wartab": {
    "link": "https://twitch.tv/wartab",
    "logo": "https://static-cdn.jtvnw.net/jtv_user_pictures/a61fb893-d154-405a-90f1-02d29172f55d-profile_image-300x300.png"
  },
  "yisk": {
    "link": "https://twitch.tv/yisk",
    "logo": "https://static-cdn.jtvnw.net/jtv_user_pictures/62713df5-339b-4cd9-915d-f0f7f78eca6a-profile_image-300x300.png"
  }
}
