{
  "360Chrism": {
    "link": "https://twitch.tv/360chrism",
    "logo": "https://static-cdn.jtvnw.net/jtv_user_pictures/379e6b6f-cb5a-4ed1-8336-c01dca3b4a5f-profile_image-300x300.png"
  },
  "Ahady": {
    "link": "https://twitch.tv/ahady",
    "logo": "https://static-cdn.jtvnw.net/jtv_user_pictures/84f2ae0f-de8a-430e-a117-db0696cc3529-profile_image-300x300.png"
  },
  "Anthopants": {
    "link": "https://twitch.tv/anthopants",
    "logo": "https://static-cdn.jtvnw.net/jtv_user_pictures/105d0d38-8030-45b6-a9a3-4412a821b54b-profile_image-300x300.png"
  },
  "Beckski93": {
    "link": "https://twitch.tv/beckski93",
    "logo": "https://static-cdn.jtvnw.net/jtv_user_pictures/f63d270c-4529-49f5-9313-779de7049159-profile_image-300x300.png"
  },
  "Biglaw": {
    "link": "https://twitch.tv/biglaw",
    "logo": "https://static-cdn.jtvnw.net/jtv_user_pictures/biglaw-profile_image-67639d5c4f402dbe-300x300.jpeg"
  },
  "Brandooates": {
    "link": "https://twitch.tv/brandooates",
    "logo": "https://static-cdn.jtvnw.net/jtv_user_pictures/cf5d95ed-6ae3-4ea7-97f6-925f8448b8c9-profile_image-300x300.png"
  },
  "Brossentia": {
    "link": "https://twitch.tv/brossentia",
    "logo": "https://static-cdn.jtvnw.net/jtv_user_pictures/92d92d3eea38e956-profile_image-300x300.jpeg"
  },
  "CLG Linkus7": {
    "link": "https://twitch.tv/linkus7",
    "logo": "https://static-cdn.jtvnw.net/jtv_user_pictures/linkus7-profile_image-b9e6a279dcfe16c0-300x300.png"
  },
  "Chaikitty": {
    "link": "https://twitch.tv/chaikitty",
    "logo": "https://static-cdn.jtvnw.net/jtv_user_pictures/00d857ba-24ea-4fae-9127-9bde050ad9f0-profile_image-300x300.png"
  },
  "Cynaschism": {
    "link": "https://twitch.tv/cynaschism",
    "logo": "https://static-cdn.jtvnw.net/jtv_user_pictures/cynaschism-profile_image-f80702f2cdb31393-300x300.png"
  },
  "Edobean": {
    "link": "https://twitch.tv/edobean",
    "logo": "https://static-cdn.jtvnw.net/jtv_user_pictures/edobean-profile_image-790db0d4a6f06052-300x300.png"
  },
  "FunkMastaDre": {
    "link": "https://twitch.tv/funkmastadre",
    "logo": "https://static-cdn.jtvnw.net/jtv_user_pictures/8cad7b8b-aa94-4374-aa13-108fffc29d5a-profile_image-300x300.jpg"
  },
  "Hazeblade": {
    "link": "https://twitch.tv/hazeblade",
    "logo": "https://static-cdn.jtvnw.net/jtv_user_pictures/a2cb17d4-9089-4c7a-b111-8bf5fe24d5eb-profile_image-300x300.png"
  },
  "Hootey": {
    "link": "https://twitch.tv/hootey",
    "logo": "https://static-cdn.jtvnw.net/jtv_user_pictures/hootey-profile_image-db19c7615a7bb884-300x300.png"
  },
  "Imaginary Inkorporated": {
    "link": "https://twitch.tv/imaginaryinkorporated",
    "logo": "https://static-cdn.jtvnw.net/user-default-pictures/49988c7b-57bc-4dee-bd4f-6df4ad215d3a-profile_image-300x300.jpg"
  },
  "JHobz": {
    "link": "https://twitch.tv/jhobz296",
    "logo": "https://static-cdn.jtvnw.net/jtv_user_pictures/c6a09b604f615695-profile_image-300x300.png"
  },
  "JSR_": {
    "link": "https://twitch.tv/jsr_",
    "logo": "https://static-cdn.jtvnw.net/jtv_user_pictures/44072db6-6af2-4a9b-9dc8-5c08077019fa-profile_image-300x300.png"
  },
  "Kenhie": {
    "link": "https://twitch.tv/kenhie",
    "logo": "https://static-cdn.jtvnw.net/jtv_user_pictures/094996bb-6a87-4b3e-bd6a-08aa023142dc-profile_image-300x300.png"
  },
  "LattMackey": {
    "link": "https://twitch.tv/lattmackey",
    "logo": "https://static-cdn.jtvnw.net/jtv_user_pictures/2a9f0df2-eb06-4a00-a0b8-68a2850ac735-profile_image-300x300.png"
  },
  "Lizstar": {
    "link": "https://twitch.tv/lizstar",
    "logo": "https://static-cdn.jtvnw.net/jtv_user_pictures/9c220420-fd36-4c96-a9df-cfac357c8edb-profile_image-300x300.jpeg"
  },
  "Mr_Shasta": {
    "link": "https://twitch.tv/mr_shasta",
    "logo": "https://static-cdn.jtvnw.net/jtv_user_pictures/cf28129c-5a31-4a92-917b-7c66ea75efa5-profile_image-300x300.png"
  },
  "MunchaKoopas": {
    "link": "https://twitch.tv/munchakoopas",
    "logo": "https://static-cdn.jtvnw.net/jtv_user_pictures/munchakoopas-profile_image-8f8e4e965f9b8192-300x300.jpeg"
  },
  "Orcastraw": {
    "link": "https://twitch.tv/orcastraw",
    "logo": "https://static-cdn.jtvnw.net/jtv_user_pictures/d1f4ddfb-7d7c-4c17-a2fd-2f194b02f46a-profile_image-300x300.png"
  },
  "PeteDorr": {
    "link": "https://twitch.tv/PeteDorr",
    "logo": "https://static-cdn.jtvnw.net/jtv_user_pictures/petedorr-profile_image-bd2ea5ec4a074952-300x300.jpeg"
  },
  "Picante": {
    "link": "https://twitch.tv/picante",
    "logo": "https://static-cdn.jtvnw.net/jtv_user_pictures/97e03fef-1f6b-41ec-888d-48c5035b72e0-profile_image-300x300.png"
  },
  "PulseEffect": {
    "link": "https://twitch.tv/PulseEffects",
    "logo": "https://static-cdn.jtvnw.net/jtv_user_pictures/cafa059d-0b41-431e-84e6-cdd8fdb6c811-profile_image-300x300.png"
  },
  "Retr0virus11": {
    "link": "https://twitch.tv/retr0virus11",
    "logo": "https://static-cdn.jtvnw.net/jtv_user_pictures/8e6f96db-2055-4cc3-bbad-98871893310d-profile_image-300x300.png"
  },
  "RhinoG": {
    "link": "https://twitch.tv/RhinoG",
    "logo": "https://static-cdn.jtvnw.net/jtv_user_pictures/10dab8a6-1eab-4751-9445-2467a3b79e86-profile_image-300x300.png"
  },
  "Rockstomb": {
    "link": "https://twitch.tv/rockstomb",
    "logo": "https://static-cdn.jtvnw.net/jtv_user_pictures/1a40fe8d-90d3-4c21-aae3-e497a6d17886-profile_image-300x300.png"
  },
  "SpootyBiscuit": {
    "link": "https://twitch.tv/spootybiscuit",
    "logo": "https://static-cdn.jtvnw.net/jtv_user_pictures/b3b93874-94a6-46f6-b207-e3ad19e86ca0-profile_image-300x300.png"
  },
  "SuperSonic71087": {
    "link": "https://twitch.tv/SuperSonic71087",
    "logo": "https://static-cdn.jtvnw.net/jtv_user_pictures/197bd24a-71d8-46e4-a821-5c33f1c41576-profile_image-300x300.png"
  },
  "TGH": {
    "link": "https://twitch.tv/tgh_sr",
    "logo": "https://static-cdn.jtvnw.net/jtv_user_pictures/ee262620-6cbe-403a-bf32-138ebb401ff3-profile_image-300x300.png"
  },
  "Tecate": {
    "link": "https://twitch.tv/tecate",
    "logo": "https://static-cdn.jtvnw.net/jtv_user_pictures/5f7fe290-f86e-4de9-95eb-27e834a607ed-profile_image-300x300.png"
  },
  "Tech Crew": {
    "link": "https://twitch.tv/GamesDoneQuick",
    "logo": null
  },
  "ViolinGamer": {
    "link": "https://twitch.tv/ViolinGamer_",
    "logo": "https://static-cdn.jtvnw.net/jtv_user_pictures/3fd62d53661a46b7-profile_image-300x300.png"
  },
  "WOLFDNC": {
    "link": "https://twitch.tv/wolfdnc",
    "logo": "https://static-cdn.jtvnw.net/jtv_user_pictures/b4c15ddb-582d-41f6-92cc-a6253ede2728-profile_image-300x300.jpg"
  },
  "Waifu_": {
    "link": "https://twitch.tv/Waifu",
    "logo": "https://static-cdn.jtvnw.net/jtv_user_pictures/336cddb2-0d0b-4472-b1b1-8508c7d9184e-profile_image-300x300.png"
  },
  "Yoshi_Zilla": {
    "link": "https://twitch.tv/yoshi_zilla",
    "logo": "https://static-cdn.jtvnw.net/jtv_user_pictures/29fce7bd-8687-46af-8199-c521482dc3ef-profile_image-300x300.png"
  },
  "danejerus": {
    "link": "https://twitch.tv/danejerus",
    "logo": "https://static-cdn.jtvnw.net/jtv_user_pictures/ce6df040-de21-4da5-b496-43dad25dc36a-profile_image-300x300.png"
  },
  "darrenville": {
    "link": "https://twitch.tv/darrenville",
    "logo": "https://static-cdn.jtvnw.net/jtv_user_pictures/d0c4a42257b349a0-profile_image-300x300.png"
  },
  "gymnast86": {
    "link": "https://twitch.tv/gymnast86",
    "logo": "https://static-cdn.jtvnw.net/jtv_user_pictures/gymnast86-profile_image-f3114ecf75946be1-300x300.jpeg"
  },
  "megmacattack": {
    "link": "https://twitch.tv/megmacattack",
    "logo": "https://static-cdn.jtvnw.net/jtv_user_pictures/ff754536-4511-4e71-9d51-9c1e07fbf83a-profile_image-300x300.jpg"
  },
  "mustbetuesdaymusic": {
    "link": "https://twitch.tv/mustbetuesdaymusic",
    "logo": "https://static-cdn.jtvnw.net/jtv_user_pictures/mustbetuesdaymusic-profile_image-492862dfb887e37d-300x300.jpeg"
  },
  "mystakin": {
    "link": "https://twitch.tv/mystakin",
    "logo": "https://static-cdn.jtvnw.net/jtv_user_pictures/74adf529-3c77-4789-897f-51d83f5ded8e-profile_image-300x300.jpg"
  },
  "pmcTRILOGY": {
    "link": "https://twitch.tv/pmctrilogy",
    "logo": "https://static-cdn.jtvnw.net/jtv_user_pictures/355288c2-0a4d-44a5-9d94-c3da0e9245bc-profile_image-300x300.png"
  },
  "rooslugs": {
    "link": "https://twitch.tv/rooslugs",
    "logo": "https://static-cdn.jtvnw.net/jtv_user_pictures/88d77326-20ad-4ada-8eae-1e6bd226069f-profile_image-300x300.jpg"
  },
  "tekkie": {
    "link": "https://twitch.tv/ufotekkie",
    "logo": "https://static-cdn.jtvnw.net/jtv_user_pictures/43749b76-9c10-4bc4-8cae-c0ba027b517c-profile_image-300x300.jpg"
  },
  "zallard1": {
    "link": "https://twitch.tv/zallard1",
    "logo": "https://static-cdn.jtvnw.net/jtv_user_pictures/zallard1-profile_image-5340d464ea1687fa-300x300.png"
  }
}
