{
    "097Aceofspades": {
        "logo": "https://static-cdn.jtvnw.net/jtv_user_pictures/097aceofspades-profile_image-5061a12f2484a6ad-300x300.png",
        "link": "https://twitch.tv/097Aceofspades"
    },
    "Adefgames": {
        "logo": "https://static-cdn.jtvnw.net/jtv_user_pictures/adefgames-profile_image-cb1263bafbd3803f-300x300.png",
        "link": "https://twitch.tv/Adefgames"
    },
    "Almo": {
        "logo": "https://static-cdn.jtvnw.net/jtv_user_pictures/almolicious-profile_image-0c28fc37d835672d-300x300.jpeg",
        "link": "https://twitch.tv/almolicious"
    },
    "Amyrlinn": {
        "logo": "https://static-cdn.jtvnw.net/jtv_user_pictures/amyrlinn-profile_image-39175ea4bd65f916-300x300.png",
        "link": "https://twitch.tv/Amyrlinn"
    },
    "AnEternalEnigma": {
        "logo": "https://static-cdn.jtvnw.net/jtv_user_pictures/aneternalenigma-profile_image-250e190908a32050-300x300.png",
        "link": "https://twitch.tv/AnEternalEnigma"
    },
    "Andy": {
        "logo": "https://static-cdn.jtvnw.net/jtv_user_pictures/andy-profile_image-4e83cf68a89e5b33-300x300.png",
        "link": "https://twitch.tv/Andy"
    },
    "AverageTrey": {
        "logo": "https://static-cdn.jtvnw.net/jtv_user_pictures/averagetrey-profile_image-47d14699973b1d0d-300x300.png",
        "link": "https://twitch.tv/AverageTrey"
    },
    "Azorae": {
        "logo": "https://static-cdn.jtvnw.net/jtv_user_pictures/azorae-profile_image-b6a66ca38149ea98-300x300.png",
        "link": "https://twitch.tv/Azorae"
    },
    "Bawkbasoup": {
        "logo": "https://static-cdn.jtvnw.net/jtv_user_pictures/bawkbasoup-profile_image-737868044a412a6a-300x300.jpeg",
        "link": "https://twitch.tv/Bawkbasoup"
    },
    "Behemoth87": {
        "logo": "https://static-cdn.jtvnw.net/jtv_user_pictures/behemoth87-profile_image-9da8b1d87ac4df6f-300x300.jpeg",
        "link": "https://twitch.tv/Behemoth87"
    },
    "Bismuth": {
        "logo": "https://static-cdn.jtvnw.net/jtv_user_pictures/bismuth9-profile_image-ad1931e80866183f-300x300.jpeg",
        "link": "https://twitch.tv/Bismuth9"
    },
    "Blechy": {
        "logo": "https://static-cdn.jtvnw.net/jtv_user_pictures/blechzorz-profile_image-34d44825afa8fa51-300x300.png",
        "link": "https://twitch.tv/blechzorz"
    },
    "Blood_Thunder": {
        "logo": "https://static-cdn.jtvnw.net/jtv_user_pictures/bl00d_thunder-profile_image-1e7cdc921d42d6d9-300x300.png",
        "link": "https://twitch.tv/bl00d_thunder"
    },
    "BlueMetal": {
        "logo": "https://static-cdn.jtvnw.net/jtv_user_pictures/bluem3tal-profile_image-1471baf1db92c8ba-300x300.jpeg",
        "link": "https://twitch.tv/bluem3tal"
    },
    "BluntBunny": {
        "logo": "https://static-cdn.jtvnw.net/jtv_user_pictures/bluntbunny-profile_image-3c68028180b179fb-300x300.png",
        "link": "https://twitch.tv/BluntBunny"
    },
    "Bounceyboy": {
        "logo": "https://static-cdn.jtvnw.net/jtv_user_pictures/bounceyboy-profile_image-b65cae6b2825fd56-300x300.jpeg",
        "link": "https://twitch.tv/Bounceyboy"
    },
    "Brossentia": {
        "logo": "https://static-cdn.jtvnw.net/jtv_user_pictures/brossentia-profile_image-22027e471006b25d-300x300.jpeg",
        "link": "https://twitch.tv/Brossentia"
    },
    "BubblesDelFuego": {
        "logo": "https://static-cdn.jtvnw.net/jtv_user_pictures/bubblesdelfuego-profile_image-efd5c584186c32b6-300x300.png",
        "link": "https://twitch.tv/BubblesDelFuego"
    },
    "Bullets": {
        "logo": "https://static-cdn.jtvnw.net/jtv_user_pictures/bullets-profile_image-fd222f42b143fced-300x300.jpeg",
        "link": "https://twitch.tv/Bullets"
    },
    "Calebhart42": {
        "logo": "https://static-cdn.jtvnw.net/jtv_user_pictures/calebhart42-profile_image-7b4b7f6f663bf4a6-300x300.jpeg",
        "link": "https://twitch.tv/Calebhart42"
    },
    "CaneofPacci": {
        "logo": "https://static-cdn.jtvnw.net/jtv_user_pictures/caneofpacci-profile_image-2ed04f25c4a7fda1-300x300.jpeg",
        "link": "https://twitch.tv/CaneofPacci"
    },
    "Cantaloupeme": {
        "logo": "https://static-cdn.jtvnw.net/jtv_user_pictures/cantaloupeme-profile_image-ff5001c263a4f8b5-300x300.jpeg",
        "link": "https://twitch.tv/Cantaloupeme"
    },
    "CapnClever": {
        "logo": "https://static-cdn.jtvnw.net/jtv_user_pictures/capnclever-profile_image-c80b326e260f7f58-300x300.png",
        "link": "https://twitch.tv/CapnClever"
    },
    "Countdown42": {
        "logo": "https://static-cdn.jtvnw.net/jtv_user_pictures/countdown69-profile_image-fb99e4ffb8a9914c-300x300.png",
        "link": "https://twitch.tv/countdown69"
    },
    "Crak Atak": {
        "logo": "https://static-cdn.jtvnw.net/jtv_user_pictures/crak_atak-profile_image-803aba087cb5c7a1-300x300.jpeg",
        "link": "https://twitch.tv/Crak_Atak"
    },
    "Crippe": {
        "logo": "https://static-cdn.jtvnw.net/jtv_user_pictures/crippe123-profile_image-fb447f515cb0ab7d-300x300.jpeg",
        "link": "https://twitch.tv/Crippe123"
    },
    "Cryphon": {
        "logo": "https://static-cdn.jtvnw.net/jtv_user_pictures/cryphon-profile_image-90a73df7538805d1-300x300.png",
        "link": "https://twitch.tv/Cryphon"
    },
    "CrystalUnclear": {
        "logo": "https://static-cdn.jtvnw.net/jtv_user_pictures/crystalunclear-profile_image-5c24a70c9c5ce253-300x300.jpeg",
        "link": "https://twitch.tv/CrystalUnclear"
    },
    "Cubeface": {
        "logo": "https://static-cdn.jtvnw.net/jtv_user_pictures/cubeface21-profile_image-0bb2af4f66930a76-300x300.jpeg",
        "link": "https://twitch.tv/cubeface21"
    },
    "CuteFluffyBunny": {
        "logo": "https://static-cdn.jtvnw.net/jtv_user_pictures/cfb-profile_image-fec147f4fc9d5c5c-300x300.png",
        "link": "https://twitch.tv/cfb"
    },
    "Darkman78": {
        "logo": "https://static-cdn.jtvnw.net/jtv_user_pictures/thadarkman78-profile_image-b16731636ddef881-300x300.jpeg",
        "link": "https://twitch.tv/thadarkman78"
    },
    "DbX": {
        "logo": "https://static-cdn.jtvnw.net/jtv_user_pictures/dbx-profile_image-0c6379e208f7e094-300x300.jpeg",
        "link": "https://twitch.tv/DbX"
    },
    "DevilSquirrel": {
        "logo": "https://static-cdn.jtvnw.net/jtv_user_pictures/devilsquirrel-profile_image-19cf16d4b6818226-300x300.jpeg",
        "link": "https://twitch.tv/DevilSquirrel"
    },
    "DoDeChehedron": {
        "logo": "https://static-cdn.jtvnw.net/jtv_user_pictures/dodechehedron-profile_image-8a6ebad5dc6b3971-300x300.png",
        "link": "https://twitch.tv/DoDeChehedron"
    },
    "DolphinDasher": {
        "logo": "https://static-cdn.jtvnw.net/jtv_user_pictures/dolphindasher-profile_image-805aa512c4500ff4-300x300.png",
        "link": "https://twitch.tv/DolphinDasher"
    },
    "Domalix": {
        "logo": "https://static-cdn.jtvnw.net/jtv_user_pictures/domalix-profile_image-da1e8161ceea5aee-300x300.jpeg",
        "link": "https://twitch.tv/Domalix"
    },
    "DrTChops": {
        "logo": "https://static-cdn.jtvnw.net/jtv_user_pictures/drtchops-profile_image-51d7313d6edadfd9-300x300.jpeg",
        "link": "https://twitch.tv/DrTChops"
    },
    "Drakodan": {
        "logo": "https://static-cdn.jtvnw.net/jtv_user_pictures/drako_dan-profile_image-5f727b5cd820d4af-300x300.png",
        "link": "https://twitch.tv/drako_dan"
    },
    "Eazinn": {
        "logo": "https://static-cdn.jtvnw.net/jtv_user_pictures/eazinn-profile_image-2c843bd116a08557-300x300.jpeg",
        "link": "https://twitch.tv/Eazinn"
    },
    "EnchantressOfNumbers": {
        "logo": "https://static-cdn.jtvnw.net/jtv_user_pictures/enchantressofnumbers-profile_image-3b90df5b5e856286-300x300.jpeg",
        "link": "https://twitch.tv/EnchantressOfNumbers"
    },
    "Endy": {
        "logo": "https://static-cdn.jtvnw.net/jtv_user_pictures/endyswe-profile_image-be9452c8d181fa56-300x300.jpeg",
        "link": "https://twitch.tv/endyswe"
    },
    "Fathlo23": {
        "logo": "https://static-cdn.jtvnw.net/jtv_user_pictures/fathlo23-profile_image-27536ed7c8b2f30b-300x300.png",
        "link": "https://twitch.tv/Fathlo23"
    },
    "Feral5x": {
        "logo": "https://static-cdn.jtvnw.net/jtv_user_pictures/feral5x-profile_image-df1b712c277614a0-300x300.jpeg",
        "link": "https://twitch.tv/feral5x"
    },
    "ForOhFor": {
        "logo": "https://static-cdn.jtvnw.net/jtv_user_pictures/forohforerror-profile_image-e72b2095ff2cbee6-300x300.png",
        "link": "https://twitch.tv/forohforerror"
    },
    "Furious Paul": {
        "logo": "https://static-cdn.jtvnw.net/jtv_user_pictures/furiouspaul-profile_image-ad92b09ee6379518-300x300.jpeg",
        "link": "https://twitch.tv/FuriousPaul"
    },
    "Fuzzyness": {
        "logo": "https://static-cdn.jtvnw.net/jtv_user_pictures/fuzzyness-profile_image-8095c9977fb91362-300x300.jpeg",
        "link": "https://twitch.tv/Fuzzyness"
    },
    "Golden": {
        "logo": "https://static-cdn.jtvnw.net/jtv_user_pictures/go1den-profile_image-91e5c2d2d54794c1-300x300.png",
        "link": "https://twitch.tv/go1den"
    },
    "GreenZSaber": {
        "logo": "https://static-cdn.jtvnw.net/jtv_user_pictures/greenzsaber-profile_image-f44d948f8c25886b-300x300.jpeg",
        "link": "https://twitch.tv/GreenZSaber"
    },
    "Grimelios": {
        "logo": "https://static-cdn.jtvnw.net/jtv_user_pictures/grimelios-profile_image-dba689fd51e9d1de-300x300.jpeg",
        "link": "https://twitch.tv/Grimelios"
    },
    "Gusmancini": {
        "logo": null,
        "link": "https://twitch.tv/Gusmancini"
    },
    "Gyre": {
        "logo": "https://static-cdn.jtvnw.net/jtv_user_pictures/gyre_-profile_image-3c95c9d9d8b440df-300x300.jpeg",
        "link": "https://twitch.tv/gyre_"
    },
    "InfestedRiche": {
        "logo": "https://static-cdn.jtvnw.net/jtv_user_pictures/infestedriche-profile_image-e8dc6e0e05532633-300x300.png",
        "link": "https://twitch.tv/InfestedRiche"
    },
    "Irisjoker": {
        "logo": "https://static-cdn.jtvnw.net/jtv_user_pictures/irisjoker-profile_image-3df2c087475ee670-300x300.png",
        "link": "https://twitch.tv/Irisjoker"
    },
    "Ivan": {
        "logo": "https://static-cdn.jtvnw.net/jtv_user_pictures/ivan-profile_image-3a7d49b980474bae-300x300.png",
        "link": "https://twitch.tv/Ivan"
    },
    "Jackafur": {
        "logo": "https://static-cdn.jtvnw.net/jtv_user_pictures/jackafur-profile_image-15707b72e9117624-300x300.jpeg",
        "link": "https://twitch.tv/Jackafur"
    },
    "Jaguar King": {
        "logo": "https://static-cdn.jtvnw.net/jtv_user_pictures/jaguar_king-profile_image-75a8d929c0603d40-300x300.jpeg",
        "link": "https://twitch.tv/Jaguar_King"
    },
    "JamEvil": {
        "logo": "https://static-cdn.jtvnw.net/jtv_user_pictures/jameviler-profile_image-e4bc329912154593-300x300.png",
        "link": "https://twitch.tv/jameviler"
    },
    "JerKro": {
        "logo": "https://static-cdn.jtvnw.net/jtv_user_pictures/jerkro-profile_image-99c0b7715db76516-300x300.png",
        "link": "https://twitch.tv/jerkro"
    },
    "JoeDamillio": {
        "logo": "https://static-cdn.jtvnw.net/jtv_user_pictures/joedamillio-profile_image-3fb1468bd4a5b136-300x300.jpeg",
        "link": "https://twitch.tv/JoeDamillio"
    },
    "Joester98": {
        "logo": "https://static-cdn.jtvnw.net/jtv_user_pictures/joester98-profile_image-6adb7018bf83119a-300x300.png",
        "link": "https://twitch.tv/Joester98"
    },
    "KVD": {
        "logo": "https://static-cdn.jtvnw.net/jtv_user_pictures/smk_machine-profile_image-fd8bb88b586a92ba-300x300.jpeg",
        "link": "https://twitch.tv/smk_machine"
    },
    "KZ_FREW": {
        "logo": "https://static-cdn.jtvnw.net/jtv_user_pictures/kz_frew-profile_image-45ea7987bf85fcb7-300x300.png",
        "link": "https://twitch.tv/KZ_FREW"
    },
    "Kanis999": {
        "logo": "https://static-cdn.jtvnw.net/jtv_user_pictures/kanis999-profile_image-8de6ca87cde288f6-300x300.png",
        "link": "https://twitch.tv/Kanis999"
    },
    "Keaur": {
        "logo": "https://static-cdn.jtvnw.net/jtv_user_pictures/keaur-profile_image-0c719d381fb8488a-300x300.png",
        "link": "https://twitch.tv/Keaur"
    },
    "Keverage": {
        "logo": "https://static-cdn.jtvnw.net/jtv_user_pictures/keverage-profile_image-acd80d8934b630a2-300x300.png",
        "link": "https://twitch.tv/Keverage"
    },
    "KevinDDR": {
        "logo": "https://static-cdn.jtvnw.net/jtv_user_pictures/kevinddr-profile_image-89d05f71e9db7ac5-300x300.jpeg",
        "link": "https://twitch.tv/KevinDDR"
    },
    "Kirbymastah": {
        "logo": "https://static-cdn.jtvnw.net/jtv_user_pictures/kirbymastah-profile_image-7bef33616aa2eee6-300x300.png",
        "link": "https://twitch.tv/Kirbymastah"
    },
    "Klaige": {
        "logo": "https://static-cdn.jtvnw.net/jtv_user_pictures/klaige-profile_image-64d523d9cc3af4fb-300x300.jpeg",
        "link": "https://twitch.tv/Klaige"
    },
    "Komrade": {
        "logo": "https://static-cdn.jtvnw.net/jtv_user_pictures/komradekontroll-profile_image-a324ff488e4c43f8-300x300.png",
        "link": "https://twitch.tv/komradekontroll"
    },
    "Konasumi": {
        "logo": "https://static-cdn.jtvnw.net/jtv_user_pictures/konasumi-profile_image-535fbfb7de9a9025-300x300.png",
        "link": "https://twitch.tv/Konasumi"
    },
    "Kosmicd12": {
        "logo": "https://static-cdn.jtvnw.net/jtv_user_pictures/kosmicd12-profile_image-9afd10ef233df190-300x300.png",
        "link": "https://twitch.tv/Kosmicd12"
    },
    "LackAttack24": {
        "logo": "https://static-cdn.jtvnw.net/jtv_user_pictures/lackattack24-profile_image-f631a7f04c5bce08-300x300.png",
        "link": "https://twitch.tv/LackAttack24"
    },
    "Le Hulk": {
        "logo": "https://static-cdn.jtvnw.net/jtv_user_pictures/le_hulk-profile_image-a547b05c0d307577-300x300.png",
        "link": "https://twitch.tv/Le_Hulk"
    },
    "Linkums": {
        "logo": "https://static-cdn.jtvnw.net/jtv_user_pictures/linkums-profile_image-528aaf0c48616616-300x300.png",
        "link": "https://twitch.tv/Linkums"
    },
    "Linkus7": {
        "logo": "https://static-cdn.jtvnw.net/jtv_user_pictures/linkus7-profile_image-b9e6a279dcfe16c0-300x300.png",
        "link": "https://twitch.tv/Linkus7"
    },
    "M1_Account": {
        "logo": "https://static-cdn.jtvnw.net/jtv_user_pictures/m1_account-profile_image-998a95f81cb2a784-300x300.png",
        "link": "https://twitch.tv/M1_Account"
    },
    "MBM": {
        "logo": "https://static-cdn.jtvnw.net/jtv_user_pictures/mexiricanbassmonkey-profile_image-5359d3c268984cf9-300x300.png",
        "link": "https://twitch.tv/mexiricanbassmonkey"
    },
    "MattyIce3131": {
        "logo": "https://static-cdn.jtvnw.net/jtv_user_pictures/mattyice3131-profile_image-96f82af3bc7a39eb-300x300.png",
        "link": "https://twitch.tv/MattyIce3131"
    },
    "Maxylobes": {
        "logo": "https://static-cdn.jtvnw.net/jtv_user_pictures/maxylobes-profile_image-0ef14d77685874b2-300x300.png",
        "link": "https://twitch.tv/Maxylobes"
    },
    "Mecha Richter": {
        "logo": "https://static-cdn.jtvnw.net/jtv_user_pictures/mecharichter-profile_image-d6e2e89c9af845ee-300x300.jpeg",
        "link": "https://twitch.tv/MechaRichter"
    },
    "Miles": {
        "logo": "https://static-cdn.jtvnw.net/jtv_user_pictures/milessmb-profile_image-f6fee6ddd6b1ff7e-300x300.jpeg",
        "link": "https://twitch.tv/milessmb"
    },
    "Mithical9": {
        "logo": "https://static-cdn.jtvnw.net/jtv_user_pictures/mithical9-profile_image-5a31a17b2bcc0f44-300x300.png",
        "link": "https://twitch.tv/Mithical9"
    },
    "Mr_Weables": {
        "logo": "https://static-cdn.jtvnw.net/jtv_user_pictures/mr_weables-profile_image-09ba00bb429d4399-300x300.png",
        "link": "https://twitch.tv/Mr_Weables"
    },
    "MunchaKoopas": {
        "logo": "https://static-cdn.jtvnw.net/jtv_user_pictures/munchakoopas-profile_image-8f8e4e965f9b8192-300x300.jpeg",
        "link": "https://twitch.tv/MunchaKoopas"
    },
    "Natty": {
        "logo": "https://static-cdn.jtvnw.net/jtv_user_pictures/nattyone720-profile_image-dc018e4c70c133a3-300x300.jpeg",
        "link": "https://twitch.tv/nattyone720"
    },
    "Neerrm": {
        "logo": "https://static-cdn.jtvnw.net/jtv_user_pictures/neerrm-profile_image-d658588677fc190d-300x300.png",
        "link": "https://twitch.tv/Neerrm"
    },
    "Nocturne_": {
        "logo": null,
        "link": "https://twitch.tv/Nocturne_"
    },
    "Omnigamer": {
        "logo": "https://static-cdn.jtvnw.net/jtv_user_pictures/omnigamer-profile_image-bb8f6d3f03b9f3bb-300x300.jpeg",
        "link": "https://twitch.tv/Omnigamer"
    },
    "Overfiendvip": {
        "logo": "https://static-cdn.jtvnw.net/jtv_user_pictures/overfiendvip-profile_image-714793f00dbb3b1f-300x300.jpeg",
        "link": "https://twitch.tv/Overfiendvip"
    },
    "PJ": {
        "logo": "https://static-cdn.jtvnw.net/jtv_user_pictures/pjdicesare-profile_image-15e8b1b4f831b48c-300x300.png",
        "link": "https://twitch.tv/pjdicesare"
    },
    "PX_": {
        "logo": "https://static-cdn.jtvnw.net/jtv_user_pictures/pxtfd-profile_image-9b190f52e2698a18-300x300.png",
        "link": "https://twitch.tv/pxtfd"
    },
    "PangaeaPanga": {
        "logo": "https://static-cdn.jtvnw.net/jtv_user_pictures/pangaeapanga-profile_image-dfae8789666c2bc2-300x300.png",
        "link": "https://twitch.tv/PangaeaPanga"
    },
    "Peanut": {
        "logo": "https://static-cdn.jtvnw.net/jtv_user_pictures/peanutphobia_-profile_image-a42fcc72a0fa8ea2-300x300.jpeg",
        "link": "https://twitch.tv/peanutphobia_"
    },
    "Pessimism": {
        "logo": "https://static-cdn.jtvnw.net/jtv_user_pictures/xpessimism-profile_image-64019664af923ed9-300x300.jpeg",
        "link": "https://twitch.tv/xpessimism"
    },
    "Pokehero": {
        "logo": "https://static-cdn.jtvnw.net/jtv_user_pictures/thepokehero49-profile_image-5ad99f1b7434d4aa-300x300.png",
        "link": "https://twitch.tv/thepokehero49"
    },
    "Ppotdot1": {
        "logo": "https://static-cdn.jtvnw.net/jtv_user_pictures/ppotdot1-profile_image-af7cb142f8087810-300x300.png",
        "link": "https://twitch.tv/Ppotdot1"
    },
    "Pro_JN": {
        "logo": "https://static-cdn.jtvnw.net/jtv_user_pictures/pro_jn-profile_image-04bce9e3cab085cd-300x300.png",
        "link": "https://twitch.tv/Pro_JN"
    },
    "PvtCb": {
        "logo": "https://static-cdn.jtvnw.net/jtv_user_pictures/pvtcb-profile_image-6f7a456c7da8771c-300x300.png",
        "link": "https://twitch.tv/PvtCb"
    },
    "R3DninjaJOSH": {
        "logo": "https://static-cdn.jtvnw.net/jtv_user_pictures/r3dninjajosh-profile_image-762722c60e1475dd-300x300.jpeg",
        "link": "https://twitch.tv/R3DninjaJOSH"
    },
    "RaindropDry": {
        "logo": "https://static-cdn.jtvnw.net/jtv_user_pictures/raindropdry-profile_image-545dcf1ab28e6401-300x300.png",
        "link": "https://twitch.tv/RaindropDry"
    },
    "RandomPinkBunny": {
        "logo": "https://static-cdn.jtvnw.net/jtv_user_pictures/randompinkbunny-profile_image-9f6208323993973b-300x300.png",
        "link": "https://twitch.tv/RandomPinkBunny"
    },
    "Razgrillz": {
        "logo": "https://static-cdn.jtvnw.net/jtv_user_pictures/razgrillz-profile_image-6f7228f3383080c7-300x300.jpeg",
        "link": "https://twitch.tv/Razgrillz"
    },
    "RbdJellyfish": {
        "logo": "https://static-cdn.jtvnw.net/jtv_user_pictures/rbdjellyfish-profile_image-1ae7058791b91a74-300x300.png",
        "link": "https://twitch.tv/RbdJellyfish"
    },
    "RiskyCB": {
        "logo": "https://static-cdn.jtvnw.net/jtv_user_pictures/riskycb-profile_image-572c4459d2347cf9-300x300.jpeg",
        "link": "https://twitch.tv/RiskyCB"
    },
    "SCXCR": {
        "logo": "https://static-cdn.jtvnw.net/jtv_user_pictures/scxcr-profile_image-89758699bbb3d106-300x300.jpeg",
        "link": "https://twitch.tv/SCXCR"
    },
    "SHiFT": {
        "logo": "https://static-cdn.jtvnw.net/jtv_user_pictures/shift_hd-profile_image-58f4cf7d7127e76f-300x300.jpeg",
        "link": "https://twitch.tv/shift_hd"
    },
    "Saintmillion": {
        "logo": "https://static-cdn.jtvnw.net/jtv_user_pictures/saintmillion-profile_image-b82a234d2b9af4c0-300x300.jpeg",
        "link": "https://twitch.tv/Saintmillion"
    },
    "Sami Cetin": {
        "logo": null,
        "link": "https://http://www.mariokartplayers.com/smk/profile.php?pid=16"
    },
    "Seraphim1313": {
        "logo": "https://static-cdn.jtvnw.net/jtv_user_pictures/seraphim1313-profile_image-96ec1f9368dd3eef-300x300.jpeg",
        "link": "https://twitch.tv/Seraphim1313"
    },
    "ShiningDragoon": {
        "logo": "https://static-cdn.jtvnw.net/jtv_user_pictures/shiningdragoon-profile_image-baccc23dac9e7c9e-300x300.jpeg",
        "link": "https://twitch.tv/ShiningDragoon"
    },
    "Shockwve": {
        "logo": "https://static-cdn.jtvnw.net/jtv_user_pictures/shockwve-profile_image-7dce682e6000299b-300x300.jpeg",
        "link": "https://twitch.tv/Shockwve"
    },
    "Six": {
        "logo": "https://static-cdn.jtvnw.net/jtv_user_pictures/six_string_-profile_image-2a7ee0bebe6b07c7-300x300.png",
        "link": "https://twitch.tv/six_string_"
    },
    "Sjorec": {
        "logo": "https://static-cdn.jtvnw.net/jtv_user_pictures/sjorec-profile_image-f540ac0d739de9ef-300x300.png",
        "link": "https://twitch.tv/Sjorec"
    },
    "Skavenger216": {
        "logo": "https://static-cdn.jtvnw.net/jtv_user_pictures/skavenger216-profile_image-0b3fd03a96bf5ad6-300x300.jpeg",
        "link": "https://twitch.tv/Skavenger216"
    },
    "Skitz": {
        "logo": "https://static-cdn.jtvnw.net/jtv_user_pictures/skitz_007-profile_image-ebc9c41aa2568165-300x300.jpeg",
        "link": "https://twitch.tv/skitz_007"
    },
    "Slurpeeninja": {
        "logo": "https://static-cdn.jtvnw.net/jtv_user_pictures/slurpeeninja-profile_image-792cc59f8b4c5659-300x300.jpeg",
        "link": "https://twitch.tv/Slurpeeninja"
    },
    "Smaugy": {
        "logo": "https://static-cdn.jtvnw.net/jtv_user_pictures/smaugy-profile_image-1d5d25683a5d98ff-300x300.png",
        "link": "https://twitch.tv/Smaugy"
    },
    "SpikeVegeta": {
        "logo": "https://static-cdn.jtvnw.net/jtv_user_pictures/spikevegeta-profile_image-4ccba409d6b18a3f-300x300.jpeg",
        "link": "https://twitch.tv/spikevegeta"
    },
    "Spiriax": {
        "logo": "https://static-cdn.jtvnw.net/jtv_user_pictures/spiriax-profile_image-9cca1ac6cf89dbbf-300x300.png",
        "link": "https://twitch.tv/Spiriax"
    },
    "SpootyBiscuit": {
        "logo": "https://static-cdn.jtvnw.net/jtv_user_pictures/spootybiscuit-profile_image-387ae1b25264b14b-300x300.png",
        "link": "https://twitch.tv/SpootyBiscuit"
    },
    "SsupNerds": {
        "logo": "https://static-cdn.jtvnw.net/jtv_user_pictures/ssupnerds-profile_image-758579ff6f299a31-300x300.jpeg",
        "link": "https://twitch.tv/SsupNerds"
    },
    "Stinkycheeseone890": {
        "logo": "https://static-cdn.jtvnw.net/jtv_user_pictures/stinkycheeseone890-profile_image-1cbc2edc67679e4c-300x300.png",
        "link": "https://twitch.tv/Stinkycheeseone890"
    },
    "Striker": {
        "logo": "https://static-cdn.jtvnw.net/jtv_user_pictures/striker-profile_image-4a22cd2c1acf9605-300x300.jpeg",
        "link": "https://twitch.tv/Striker"
    },
    "StrongmanLin": {
        "logo": "https://static-cdn.jtvnw.net/jtv_user_pictures/strongmanlin-profile_image-551135b0d5d6babf-300x300.png",
        "link": "https://twitch.tv/strongmanlin"
    },
    "Studio": {
        "logo": "https://static-cdn.jtvnw.net/jtv_user_pictures/sovietwaffle-profile_image-80199aeeafd19c99-300x300.jpeg",
        "link": "https://twitch.tv/sovietwaffle"
    },
    "Supreme": {
        "logo": "https://static-cdn.jtvnw.net/jtv_user_pictures/supreme-profile_image-0dc4dfffdc82945b-300x300.jpeg",
        "link": "https://twitch.tv/Supreme"
    },
    "SwordofSeals": {
        "logo": "https://static-cdn.jtvnw.net/jtv_user_pictures/swordofseals-profile_image-06bd0d6e5140b646-300x300.png",
        "link": "https://twitch.tv/SwordofSeals"
    },
    "T3tsuya": {
        "logo": "https://static-cdn.jtvnw.net/jtv_user_pictures/t3tsuya-profile_image-d7f208b4f0a738da-300x300.png",
        "link": "https://twitch.tv/T3tsuya"
    },
    "TGH": {
        "logo": "https://static-cdn.jtvnw.net/jtv_user_pictures/tgh_plays-profile_image-94590c620acfdef7-300x300.png",
        "link": "https://twitch.tv/tgh_plays"
    },
    "Tech Crew": {
        "logo": null,
        "link": null
    },
    "TheMexicanRunner": {
        "logo": "https://static-cdn.jtvnw.net/jtv_user_pictures/themexicanrunner-profile_image-ddebad8299ab2d41-300x300.png",
        "link": "https://twitch.tv/TheMexicanRunner"
    },
    "TheTyrant14": {
        "logo": "https://static-cdn.jtvnw.net/jtv_user_pictures/thetyrant14-profile_image-604f9ed5ada9dad7-300x300.png",
        "link": "https://twitch.tv/TheTyrant14"
    },
    "Theguesst": {
        "logo": "https://static-cdn.jtvnw.net/jtv_user_pictures/theguesst-profile_image-56c53cd6c4d53900-300x300.png",
        "link": "https://twitch.tv/theguesst"
    },
    "Toad22484": {
        "logo": "https://static-cdn.jtvnw.net/jtv_user_pictures/toad22484-profile_image-e578409d6b8d5878-300x300.jpeg",
        "link": "https://twitch.tv/Toad22484"
    },
    "TonyOgbot": {
        "logo": "http://edge.sf.hitbox.tv/static/img/channel/TonyOgbot_53e2bdf2c7dd4_large.jpg",
        "link": "https://hitbox.tv/tonyogbot"
    },
    "V0oid": {
        "logo": "https://static-cdn.jtvnw.net/jtv_user_pictures/v0oid-profile_image-b9b4bae849ba1921-300x300.png",
        "link": "https://twitch.tv/V0oid"
    },
    "Vallu": {
        "logo": "https://static-cdn.jtvnw.net/jtv_user_pictures/vallu111-profile_image-8f24a65177c00ba6-300x300.jpeg",
        "link": "https://twitch.tv/vallu111"
    },
    "Vulajin": {
        "logo": "https://static-cdn.jtvnw.net/jtv_user_pictures/vulajin-profile_image-68a5b26b920ba1a5-300x300.png",
        "link": "https://twitch.tv/Vulajin"
    },
    "Walrus_prime": {
        "logo": "https://static-cdn.jtvnw.net/jtv_user_pictures/walrus_prime-profile_image-ad1334563848f803-300x300.jpeg",
        "link": "https://twitch.tv/Walrus_prime"
    },
    "WanderingMind": {
        "logo": "https://static-cdn.jtvnw.net/jtv_user_pictures/thewanderingmind-profile_image-af0bb4a4885810bb-300x300.png",
        "link": "https://twitch.tv/thewanderingmind"
    },
    "WhiteHat94": {
        "logo": "https://static-cdn.jtvnw.net/jtv_user_pictures/whitehat94-profile_image-d162f73579a3fb09-300x300.jpeg",
        "link": "https://twitch.tv/WhiteHat94"
    },
    "WildAnaconda69": {
        "logo": "https://static-cdn.jtvnw.net/jtv_user_pictures/wildanaconda69-profile_image-cf64d1f09e633286-300x300.jpeg",
        "link": "https://twitch.tv/WildAnaconda69"
    },
    "Xdragon": {
        "logo": "https://static-cdn.jtvnw.net/jtv_user_pictures/xdragon95-profile_image-7ed460ac85af2ee0-300x300.png",
        "link": "https://twitch.tv/xdragon95"
    },
    "Xelna": {
        "logo": "https://static-cdn.jtvnw.net/jtv_user_pictures/xelna-profile_image-9e9ab5693f4a8e38-300x300.png",
        "link": "https://twitch.tv/Xelna"
    },
    "Xem": {
        "logo": "https://static-cdn.jtvnw.net/jtv_user_pictures/xem92-profile_image-bae6982d5890289e-300x300.png",
        "link": "https://twitch.tv/xem92"
    },
    "Zic3": {
        "logo": "https://static-cdn.jtvnw.net/jtv_user_pictures/zic3-profile_image-af9929baa89830fc-300x300.png",
        "link": "https://twitch.tv/Zic3"
    },
    "andrewg": {
        "logo": "https://static-cdn.jtvnw.net/jtv_user_pictures/andrewg1990-profile_image-28a56b690db073c3-300x300.jpeg",
        "link": "https://twitch.tv/andrewg1990"
    },
    "authorblues": {
        "logo": "https://static-cdn.jtvnw.net/jtv_user_pictures/authorblues-profile_image-97e1a318fc7a34d8-300x300.jpeg",
        "link": "https://twitch.tv/authorblues"
    },
    "badBlackShark": {
        "logo": "https://static-cdn.jtvnw.net/jtv_user_pictures/trueblackshark-profile_image-016bb36604c3125e-300x300.jpeg",
        "link": "https://twitch.tv/trueblackshark"
    },
    "badbrakes": {
        "logo": "https://static-cdn.jtvnw.net/jtv_user_pictures/badbrakes-profile_image-e44678e4eb5fd134-300x300.jpeg",
        "link": "https://twitch.tv/badbrakes"
    },
    "benstephens56": {
        "logo": "https://static-cdn.jtvnw.net/jtv_user_pictures/benstephens56-profile_image-57fcc3bd9eb4090e-300x300.png",
        "link": "https://twitch.tv/benstephens56"
    },
    "bjw": {
        "logo": "https://static-cdn.jtvnw.net/jtv_user_pictures/bjw-profile_image-98fc8bd0a024a8ad-300x300.png",
        "link": "https://twitch.tv/bjw"
    },
    "cook": {
        "logo": "https://static-cdn.jtvnw.net/jtv_user_pictures/unusualcook-profile_image-6662f02010fa2d1d-300x300.png",
        "link": "https://twitch.tv/unusualcook"
    },
    "coolkid": {
        "logo": "https://static-cdn.jtvnw.net/jtv_user_pictures/dabigbooi-profile_image-db6d0e79fa45f950-300x300.png",
        "link": "https://twitch.tv/dabigbooi"
    },
    "darbian": {
        "logo": "https://static-cdn.jtvnw.net/jtv_user_pictures/darbian-profile_image-e355b45af8c35e03-300x300.png",
        "link": "https://twitch.tv/darbian"
    },
    "demoli": {
        "logo": "https://static-cdn.jtvnw.net/jtv_user_pictures/demoli_-profile_image-573116d1209d6eda-300x300.png",
        "link": "https://twitch.tv/demoli_"
    },
    "dram55": {
        "logo": "https://static-cdn.jtvnw.net/jtv_user_pictures/dram55-profile_image-cfae8e66aa55200e-300x300.png",
        "link": "https://twitch.tv/dram55"
    },
    "dwangoAC": {
        "logo": "https://static-cdn.jtvnw.net/jtv_user_pictures/dwangoac-profile_image-2485e7aab13efd69-300x300.png",
        "link": "https://twitch.tv/dwangoAC"
    },
    "dxtr": {
        "logo": "https://static-cdn.jtvnw.net/jtv_user_pictures/dxtrslab-profile_image-61dff9e89d0e9062-300x300.png",
        "link": "https://twitch.tv/dxtrslab"
    },
    "feasel": {
        "logo": "https://static-cdn.jtvnw.net/jtv_user_pictures/feasel-profile_image-2e36f264fe26c661-300x300.png",
        "link": "https://twitch.tv/feasel"
    },
    "garadas21": {
        "logo": "https://static-cdn.jtvnw.net/jtv_user_pictures/garadas21-profile_image-cbf496203a51c98d-300x300.png",
        "link": "https://twitch.tv/garadas21"
    },
    "garbanzoguy": {
        "logo": "https://static-cdn.jtvnw.net/jtv_user_pictures/garbanzoguy-profile_image-a93e414dc2eb677b-300x300.png",
        "link": "https://twitch.tv/garbanzoguy"
    },
    "giygasblues": {
        "logo": "https://static-cdn.jtvnw.net/jtv_user_pictures/giygasblues-profile_image-4c65fa2f686d656e-300x300.png",
        "link": "https://twitch.tv/giygasblues"
    },
    "glasnonck": {
        "logo": "https://static-cdn.jtvnw.net/jtv_user_pictures/glasnonck-profile_image-643a59bb0a7db21a-300x300.png",
        "link": "https://twitch.tv/glasnonck"
    },
    "grandpoobear": {
        "logo": "https://static-cdn.jtvnw.net/jtv_user_pictures/grand_poobear-profile_image-1383c3d09c3ea939-300x300.png",
        "link": "https://twitch.tv/grand_poobear"
    },
    "headstrong1290": {
        "logo": "https://static-cdn.jtvnw.net/jtv_user_pictures/headstrong1290-profile_image-b3bbc39c68aad6bf-300x300.jpeg",
        "link": "https://twitch.tv/headstrong1290"
    },
    "huey": {
        "logo": "https://static-cdn.jtvnw.net/jtv_user_pictures/huey-profile_image-5d732c7ab3b0357b-300x300.jpeg",
        "link": "https://twitch.tv/huey"
    },
    "iongravirei": {
        "logo": "https://static-cdn.jtvnw.net/jtv_user_pictures/iongravirei-profile_image-d9808f69c3eb3d74-300x300.png",
        "link": "https://twitch.tv/iongravirei"
    },
    "jimmypoopins": {
        "logo": "https://static-cdn.jtvnw.net/jtv_user_pictures/jimmypoopins-profile_image-1bffc2fe2c549e64-300x300.jpeg",
        "link": "https://twitch.tv/jimmypoopins"
    },
    "KeystoneLight": {
        "logo": "https://static-cdn.jtvnw.net/jtv_user_pictures/keysstonelight-profile_image-87a9dc2cfdda9e4e-300x300.jpeg",
        "link": "https://twitch.tv/keysstonelight"
    },
    "killingpepsi": {
        "logo": "https://static-cdn.jtvnw.net/jtv_user_pictures/killingpepsi-profile_image-4d37bb5f28e3ba9e-300x300.jpeg",
        "link": "https://twitch.tv/killingpepsi"
    },
    "mashystrr": {
        "logo": "https://static-cdn.jtvnw.net/jtv_user_pictures/mashystrr-profile_image-4fa6ee35427a44aa-300x300.png",
        "link": "https://twitch.tv/mashystrr"
    },
    "Mr. K": {
        "logo": "https://static-cdn.jtvnw.net/jtv_user_pictures/mister___k-profile_image-29bdc8b80a54f629-300x300.png",
        "link": "https://twitch.tv/mister___k"
    },
    "mr.deagle": {
        "logo": "https://static-cdn.jtvnw.net/jtv_user_pictures/uncledeagle-profile_image-968948dfef63cd55-300x300.png",
        "link": "https://twitch.tv/uncledeagle"
    },
    "peaches_": {
        "logo": "https://static-cdn.jtvnw.net/jtv_user_pictures/peaches-profile_image-e8569597e6606085-300x300.jpeg",
        "link": "https://twitch.tv/peaches"
    },
    "progamingwithed": {
        "logo": "https://static-cdn.jtvnw.net/jtv_user_pictures/progamingwithed-profile_image-f431b47ba9e10995-300x300.png",
        "link": "https://twitch.tv/progamingwithed"
    },
    "puchiedarcy": {
        "logo": "https://static-cdn.jtvnw.net/jtv_user_pictures/puchiedarcy-profile_image-d78d91a81c6e421b-300x300.jpeg",
        "link": "https://twitch.tv/puchiedarcy"
    },
    "sigma": {
        "logo": "https://static-cdn.jtvnw.net/jtv_user_pictures/sigmasin-profile_image-be9ad106c643b4ad-300x300.jpeg",
        "link": "https://twitch.tv/sigmasin"
    },
    "Silent Wolf": {
        "logo": "https://static-cdn.jtvnw.net/jtv_user_pictures/silentwolf444-profile_image-f80682cc7a93389f-300x300.png",
        "link": "https://twitch.tv/silentwolf444"
    },
    "soothingplumtea": {
        "logo": "https://static-cdn.jtvnw.net/jtv_user_pictures/plumtea_-profile_image-7f8afd19f25d5900-300x300.png",
        "link": "https://twitch.tv/plumtea_"
    },
    "sunkir": {
        "logo": "https://static-cdn.jtvnw.net/jtv_user_pictures/sunkir-profile_image-bade11abd391dceb-300x300.png",
        "link": "https://twitch.tv/sunkir"
    },
    "suzuribaco": {
        "logo": "https://static-cdn.jtvnw.net/jtv_user_pictures/suzuribaco-profile_image-112cacd3be567b7c-300x300.png",
        "link": "https://twitch.tv/suzuribaco"
    },
    "swordsmankirby": {
        "logo": "https://static-cdn.jtvnw.net/jtv_user_pictures/swordsmankirby-profile_image-ae62c94c1fa87f2e-300x300.jpeg",
        "link": "https://twitch.tv/swordsmankirby"
    },
    "tHmCS": {
        "logo": "https://static-cdn.jtvnw.net/jtv_user_pictures/thmcs-profile_image-fe38653599c91dd5-300x300.jpeg",
        "link": "https://twitch.tv/tHmCS"
    },
    "theboyks": {
        "logo": "https://static-cdn.jtvnw.net/jtv_user_pictures/theboyks-profile_image-6dc451e21c240f18-300x300.jpeg",
        "link": "https://twitch.tv/theboyks"
    },
    "The Master": {
        "logo": "https://static-cdn.jtvnw.net/jtv_user_pictures/themaster627-profile_image-7a72110a47d79a0e-300x300.jpeg",
        "link": "https://twitch.tv/themaster627"
    },
    "usedpizza": {
        "logo": "https://static-cdn.jtvnw.net/jtv_user_pictures/usedpizza-profile_image-324c18d255dbc12b-300x300.png",
        "link": "https://twitch.tv/usedpizza"
    },
    "waffle42": {
        "logo": "https://static-cdn.jtvnw.net/jtv_user_pictures/waffle42-profile_image-782652e029acf997-300x300.jpeg",
        "link": "https://twitch.tv/waffle42"
    },
    "yelsraek": {
        "logo": "https://static-cdn.jtvnw.net/jtv_user_pictures/yelsraek-profile_image-7f8df2a4a2f4f43e-300x300.png",
        "link": "https://twitch.tv/yelsraek"
    },
    "zoast": {
        "logo": "https://static-cdn.jtvnw.net/jtv_user_pictures/zoast-profile_image-dcbc3329ad374dfc-300x300.jpeg",
        "link": "https://twitch.tv/zoast"
    },
    "zzzhonki": {
        "logo": "https://static-cdn.jtvnw.net/jtv_user_pictures/zzzhonki-profile_image-83fb908eaf106f8d-300x300.jpeg",
        "link": "https://twitch.tv/zzzhonki"
    }
}
