{"Pre-Show":{"title":"Pre-Show","runner":"Interview Crew","estimate":"0:37:00","category":"We're Back — GDQ Stage"},"Shadow of the Colossus":{"title":"Shadow of the Colossus","runner":"RUBIEHART","estimate":"0:47:29","category":"NTA Bossrush RANDOM — PS4"},"Sonic Generations":{"title":"Sonic Generations","runner":"Allegro","estimate":"0:54:21","category":"Any% — 3DS"},"Warioware: Touched!":{"title":"Warioware: Touched!","runner":"Mr_Shasta","estimate":"0:31:31","category":"Any% — Wii U VC"},"Rolled Out!":{"title":"Rolled Out!","runner":"Helix","estimate":"0:20:26","category":"Challenge (Warps) — PC"},"Mass Effect":{"title":"Mass Effect","runner":"MikeWave","estimate":"1:30:02","category":"Any% No Mako Glitch — PC"},"Kirby and the Forgotten Land":{"title":"Kirby and the Forgotten Land","runner":"Mr_Shasta","estimate":"1:51:20","category":"Any% — Switch"},"BONUS GAME 1 - Pokémon Snap":{"title":"BONUS GAME 1 - Pokémon Snap","runner":"quo","estimate":"0:30:31","category":"250k points — N64"},"Daily Recap - Sunday":{"title":"Daily Recap - Sunday","runner":"Keizaron, JHobz, Kungfufruitcup, adef","estimate":"0:13:00","category":"Recap% — Live"},"Spyro the Dragon":{"title":"Spyro the Dragon","runner":"Dayoman","estimate":"1:29:10","category":"120% — PS"},"Perfect Dark":{"title":"Perfect Dark","runner":"Zero_IF","estimate":"0:51:12","category":"Special Agent — Xbox 360"},"Crash Bandicoot 2: Cortex Strikes Back":{"title":"Crash Bandicoot 2: Cortex Strikes Back","runner":"Potty","estimate":"1:14:49","category":"100% — PS"},"Perspective":{"title":"Perspective","runner":"AChocolateOrange","estimate":"0:11:40","category":"Inbounds — PC"},"Super Dream Dasher":{"title":"Super Dream Dasher","runner":"Bullets","estimate":"0:28:05","category":"Any% — PC"},"Warden: Melody of the Undergrowth":{"title":"Warden: Melody of the Undergrowth","runner":"Jaxler","estimate":"0:10:54","category":"Any% — PC"},"Super Bonk":{"title":"Super Bonk","runner":"LeadOstrich","estimate":"0:25:22","category":"Any% — SNES"},"Bulk Slash":{"title":"Bulk Slash","runner":"Aquas","estimate":"0:17:45","category":"Any% New Game — Saturn"},"Alien Cabal":{"title":"Alien Cabal","runner":"tbcr","estimate":"0:06:09","category":"A Walk in the Park — DOS"},"Bubble Bobble Part 2":{"title":"Bubble Bobble Part 2","runner":"JaekRock","estimate":"0:27:24","category":"Any% — NES"},"Blaster Master":{"title":"Blaster Master","runner":"UraniumAnchor, davidtki","estimate":"0:45:31","category":"Glitchless (US) Race — NES"},"Ninja Gaiden":{"title":"Ninja Gaiden","runner":"The Retro Runner","estimate":"0:11:44","category":"Any% — NES"},"Altered Beast":{"title":"Altered Beast","runner":"JaekRock, Space Coast Gaming","estimate":"0:06:15","category":"Co-op — Genesis"},"McDonald's Treasure Land Adventure":{"title":"McDonald's Treasure Land Adventure","runner":"Lizstar","estimate":"0:21:32","category":"Any% Beginner — Genesis"},"NiGHTS into dreams...":{"title":"NiGHTS into dreams...","runner":"pochilin","estimate":"0:23:10","category":"All Levels Any% — Saturn"},"The Pathless":{"title":"The Pathless","runner":"MaeTheDKC","estimate":"1:52:40","category":"All Bosses — PC"},"Ty The Tasmanian Tiger":{"title":"Ty The Tasmanian Tiger","runner":"KamaCrimson","estimate":"0:29:20","category":"Any% — PC"},"Super Castlevania 4":{"title":"Super Castlevania 4","runner":"Crunan, DrunkenDraconian","estimate":"0:41:38","category":"Low% Race — SNES"},"Castlevania: Harmony of Dissonance":{"title":"Castlevania: Harmony of Dissonance","runner":"JupiterClimb","estimate":"0:40:50","category":"Juste No Out of Bounds — PC"},"FAITH: Chapter III":{"title":"FAITH: Chapter III","runner":"Vynn","estimate":"0:09:48","category":"ANY% Ending II — PC"},"Sly 2: Band of Thieves":{"title":"Sly 2: Band of Thieves","runner":"Nave357","estimate":"0:27:38","category":"Episode 1 Any% — PS3"},"The Legend of Zelda: Link's Awakening (2019)":{"title":"The Legend of Zelda: Link's Awakening (2019)","runner":"TGH, Glan","estimate":"1:40:32","category":"Any% (Glitchless) Race — Switch"},"ICO":{"title":"ICO","runner":"SanchoPanda","estimate":"1:37:05","category":"any%, 60hz — PS3"},"Grand Theft Auto: Vice City":{"title":"Grand Theft Auto: Vice City","runner":"KZ_FREW","estimate":"0:58:13","category":"DE Any% vs OG Any% no SSU — PC"},"Phasmophobia":{"title":"Phasmophobia","runner":"Brossentia, NPC, FlannelKat, Peace Egg","estimate":"0:40:00","category":"Any% Small Maps — PC"},"Daily Recap - Monday":{"title":"Daily Recap - Monday","runner":"Keizaron, JHobz, Kungfufruitcup","estimate":"0:15:00","category":"Recap% — Live"},"Silent Hill 4: The Room":{"title":"Silent Hill 4: The Room","runner":"AnEternalEnigma","estimate":"1:03:38","category":"any% — PC"},"BONUS GAME 2 - Five Nights at Freddy's: Security Breach":{"title":"BONUS GAME 2 - Five Nights at Freddy's: Security Breach","runner":"Ace Delusional","estimate":"1:20:00","category":"All Endings - Inbounds — PC"},"Outlast":{"title":"Outlast","runner":"sharkhat87","estimate":"0:42:00","category":"100% — PC"},"OMORI":{"title":"OMORI","runner":"starsmiley","estimate":"3:10:00","category":"Any% Glitched — PC"},"Greak: Memories of Azur":{"title":"Greak: Memories of Azur","runner":"SaberaMesia","estimate":"0:40:00","category":"any% — PC"},"Infernax":{"title":"Infernax","runner":"DanTheVP","estimate":"1:05:00","category":"Defeat Belphegor - Any% - Classic — PC"},"Macbat 64: Journey of a Nice Chap":{"title":"Macbat 64: Journey of a Nice Chap","runner":"Kefka14","estimate":"0:11:00","category":"Any% — Switch"},"Majuu Ou":{"title":"Majuu Ou","runner":"Omnigamer","estimate":"0:21:00","category":"Any% Hard — SNES"},"KAMIKO":{"title":"KAMIKO","runner":"cicada","estimate":"0:25:00","category":"100% - Uzume vs Yamato Bidwar — PC"},"Earnest Evans":{"title":"Earnest Evans","runner":"ZELLLOOO","estimate":"0:12:00","category":"Any% — Genesis"},"Ninja Warriors":{"title":"Ninja Warriors","runner":"Mega RetroMan","estimate":"0:38:00","category":"Ninja (Normal) — SNES"},"Battle Axe":{"title":"Battle Axe","runner":"Jimmy_Diamonds","estimate":"0:15:00","category":"Arcade Mode (Easy) — PC"},"Gunvolt Chronicles: Luminous Avenger iX 2":{"title":"Gunvolt Chronicles: Luminous Avenger iX 2","runner":"Benja","estimate":"0:38:00","category":"Normal Mode — PC"},"Mega Man Powered Up":{"title":"Mega Man Powered Up","runner":"WhiteHat94","estimate":"0:36:00","category":"Any% — PSTV"},"Mega Man Xtreme vs Mega Man Xtreme 2":{"title":"Mega Man Xtreme vs Mega Man Xtreme 2","runner":"FocusSight","estimate":"0:40:00","category":"100% (Xtreme Mode) — GBC"},"Mega Man: The Wily Wars":{"title":"Mega Man: The Wily Wars","runner":"The Blacktastic","estimate":"0:35:00","category":"Mega Man 2 vs Mega Man 3 — Genesis"},"Mega Man 5":{"title":"Mega Man 5","runner":"Ppotdot1","estimate":"0:40:00","category":"any% — NES"},"Yakuza: Like a Dragon":{"title":"Yakuza: Like a Dragon","runner":"Froob","estimate":"4:25:00","category":"Any% (PC) — PC"},"Star Wars: Jedi Knight II - Jedi Outcast":{"title":"Star Wars: Jedi Knight II - Jedi Outcast","runner":"CovertMuffin","estimate":"0:56:00","category":"Any% — PC"},"BONUS GAME 3 - Halo Infinite":{"title":"BONUS GAME 3 - Halo Infinite","runner":"WaifuRuns","estimate":"1:25:00","category":"All Missions No Tank Gun — PC"},"Daily Recap - Tuesday":{"title":"Daily Recap - Tuesday","runner":"Keizaron, JHobz, adef","estimate":"0:15:00","category":"Recap% — Live"},"Super Mario Odyssey":{"title":"Super Mario Odyssey","runner":"-ganon-","estimate":"3:20:00","category":"Darker Side — Switch"},"Mario Party":{"title":"Mario Party","runner":"duck","estimate":"0:45:00","category":"mini-game island any% — N64"},"Final Fantasy VI: Worlds Collide Randomizer":{"title":"Final Fantasy VI: Worlds Collide Randomizer","runner":"drewlith, DoctorDT, seto kiaba, Jexvrok","estimate":"1:45:00","category":"Any% NMG — SNES"},"Klonoa: Door to Phantomile":{"title":"Klonoa: Door to Phantomile","runner":"amoser","estimate":"0:45:00","category":"Any% — PS"},"The Lord of the Rings: The Return of the King":{"title":"The Lord of the Rings: The Return of the King","runner":"Maxylobes","estimate":"1:35:00","category":"Any% Console — Gamecube"},"Pac-Man World 2":{"title":"Pac-Man World 2","runner":"Katie4, McKiddy","estimate":"0:48:00","category":"any% race — GCN"},"COGEN: SWORD OF REWIND":{"title":"COGEN: SWORD OF REWIND","runner":"DemonchildElise","estimate":"0:55:00","category":"New Game Any% — PC"},"PowerSlave Exhumed":{"title":"PowerSlave Exhumed","runner":"Kaos_Wulf","estimate":"0:40:00","category":"Any% — PC"},"Knuckles' Chaotix":{"title":"Knuckles' Chaotix","runner":"Hibnotix","estimate":"1:05:00","category":"Beat The Game — 32X"},"Sonic Adventure DX: Director's Cut":{"title":"Sonic Adventure DX: Director's Cut","runner":"Katie4","estimate":"0:14:00","category":"Gamma's Story — PC"},"Sonic Advance":{"title":"Sonic Advance","runner":"Kirbymastah","estimate":"0:20:00","category":"Character Bidwar — GBA"},"TUNIC":{"title":"TUNIC","runner":"Sunnymuffin","estimate":"0:40:00","category":"Any% — PC"},"Advance Wars":{"title":"Advance Wars","runner":"legrandgrand","estimate":"1:05:00","category":"Any% (No Map Glitch) — GBA"},"Pokémon Emerald Randomizer":{"title":"Pokémon Emerald Randomizer","runner":"Keizaron, 360Chrism, Shenanagans, adef","estimate":"3:00:00","category":"Evolution Chaos Co-Op — GBA"},"Donkey Kong Country: Tropical Freeze":{"title":"Donkey Kong Country: Tropical Freeze","runner":"spikevegeta","estimate":"1:35:00","category":"any% Original Mode — Switch"},"BONUS GAME 4 - Minecraft: Java Edition":{"title":"BONUS GAME 4 - Minecraft: Java Edition","runner":"Illumina","estimate":"1:00:00","category":"Any% Random Seed Glitchless (Current Version) — PC"},"Daily Recap - Wednesday":{"title":"Daily Recap - Wednesday","runner":"spikevegeta, Kungfufruitcup, adef","estimate":"0:15:00","category":"Recap% — Live"},"Super Mario Sunshine":{"title":"Super Mario Sunshine","runner":"SB_runs","estimate":"3:05:00","category":"120 Shines — Wii"},"Banjo-Tooie":{"title":"Banjo-Tooie","runner":"duck","estimate":"0:34:00","category":"any% — N64"},"Devil May Cry":{"title":"Devil May Cry","runner":"WaifuRuns","estimate":"1:32:00","category":"Dante Must Die All Collectables — PC"},"DEEEER Simulator: Your Average Everyday Deer Game":{"title":"DEEEER Simulator: Your Average Everyday Deer Game","runner":"Shockwve","estimate":"0:25:00","category":"Good Ending — PC"},"Mi Scusi":{"title":"Mi Scusi","runner":"Bullets","estimate":"0:15:00","category":"Any% No Hover — PC"},"Turnip Boy Commits Tax Evasion":{"title":"Turnip Boy Commits Tax Evasion","runner":"EldritchWolfie","estimate":"0:45:00","category":"100% — PC"},"Jimmie Johnson's Anything With an Engine":{"title":"Jimmie Johnson's Anything With an Engine","runner":"Ghoul02, GhostKumo","estimate":"0:18:00","category":"Matador Rookie Race — PS3"},"Gourmet Warriors":{"title":"Gourmet Warriors","runner":"Ritzblues","estimate":"0:25:00","category":"Character Bidwar Normal Difficulty — PC"},"Thunder In Paradise":{"title":"Thunder In Paradise","runner":"sharif","estimate":"0:40:00","category":"Interactive Television — CD-i"},"Incredible Crisis":{"title":"Incredible Crisis","runner":"bramhallthefifth","estimate":"0:55:00","category":"Any% — PS"},"King's Quest V: Absence Makes the Heart Go Yonder!":{"title":"King's Quest V: Absence Makes the Heart Go Yonder!","runner":"davidtki","estimate":"0:32:00","category":"CD Version — PC"},"The Little Mermaid":{"title":"The Little Mermaid","runner":"SteveZero01","estimate":"0:08:00","category":"Any% — NES"},"Metal Gear":{"title":"Metal Gear","runner":"JosephJoestar316","estimate":"0:25:00","category":"Easy any% — PS3"},"Lumione":{"title":"Lumione","runner":"Breakdown, Elipsis","estimate":"0:41:00","category":"Any% — PC"},"Kirby Tilt 'n' Tumble":{"title":"Kirby Tilt 'n' Tumble","runner":"swordsmankirby","estimate":"0:45:00","category":"Any% — GBC"},"Xenoblade Chronicles 2: Torna":{"title":"Xenoblade Chronicles 2: Torna","runner":"Enel","estimate":"2:55:00","category":"any% glitchless — Switch"},"Slime Rancher":{"title":"Slime Rancher","runner":"MaddyInc","estimate":"0:18:00","category":"any% Glitchless — PC"},"Solar Ash":{"title":"Solar Ash","runner":"bryonato","estimate":"1:10:00","category":"True Ending (Restricted) — PC"},"Monster Hunter Rise":{"title":"Monster Hunter Rise","runner":"JalBagel","estimate":"1:15:00","category":"Magnamalo% w. Add-ons — PC"},"Metal Gear Rising: Revengeance":{"title":"Metal Gear Rising: Revengeance","runner":"Mekarazium","estimate":"1:00:00","category":"NG+ Hard — PC"},"StepMania/NotITG":{"title":"StepMania/NotITG","runner":"SpootyBiscuit, WinDEU","estimate":"1:00:00","category":"Couples Exhibition — PC"},"BONUS GAME 5 - SOUND VOLTEX EXCEED GEAR":{"title":"BONUS GAME 5 - SOUND VOLTEX EXCEED GEAR","runner":"leviern","estimate":"1:20:00","category":"1 Player — PC"},"Celeste":{"title":"Celeste","runner":"GrosHiken","estimate":"1:03:00","category":"True Ending — PC"},"Daily Recap - Thursday":{"title":"Daily Recap - Thursday","runner":"spikevegeta, JHobz, Kungfufruitcup, adef","estimate":"0:15:00","category":"Recap% — Live"},"Borderlands 2":{"title":"Borderlands 2","runner":"Deceptix_","estimate":"1:15:00","category":"Geared UVHM — PC"},"Doom Eternal":{"title":"Doom Eternal","runner":"MuteD6","estimate":"2:00:00","category":"100% Nightmare Restricted — PC"},"Control":{"title":"Control","runner":"DemonicRobots","estimate":"1:35:00","category":"All Bosses (Legacy, Standard) — PC"},"Liminal Ranger":{"title":"Liminal Ranger","runner":"Ozmourn","estimate":"0:15:00","category":"Normal Ending — PC"},"Happy's Humble Burger Farm":{"title":"Happy's Humble Burger Farm","runner":"teddyras","estimate":"0:30:00","category":"Any% — PC"},"Alisa":{"title":"Alisa","runner":"juh0rse","estimate":"1:00:00","category":"any% NSE — PC"},"Ato":{"title":"Ato","runner":"Glitchiness","estimate":"0:33:00","category":"Any% Assist NMG — PC"},"Magic Trick":{"title":"Magic Trick","runner":"Biglaw","estimate":"0:09:00","category":"All Stickers — PC"},"Shovel Knight: Pocket Dungeon":{"title":"Shovel Knight: Pocket Dungeon","runner":"DanTheVP","estimate":"0:24:00","category":"Normal Ending — PC"},"Satisfactory":{"title":"Satisfactory","runner":"Epiphane","estimate":"0:23:00","category":"Package% — PC"},"Chocobo GP":{"title":"Chocobo GP","runner":"Obiyo, groggydog","estimate":"0:45:00","category":"Master - Story (Normal) Race — Switch"},"Pokémon Brilliant Diamond/Shining Pearl":{"title":"Pokémon Brilliant Diamond/Shining Pearl","runner":"eddaket","estimate":"3:50:00","category":"Any% Glitchless — Switch"},"BONUS GAME 6 - Pokémon Brilliant Diamond/Shining Pearl":{"title":"BONUS GAME 6 - Pokémon Brilliant Diamond/Shining Pearl","runner":"eddaket","estimate":"0:25:00","category":"Any% — Switch"},"Donkey Kong Country":{"title":"Donkey Kong Country","runner":"Tonkotsu","estimate":"0:35:00","category":"Reverse Boss Order — SNES"},"F-Zero GX":{"title":"F-Zero GX","runner":"Artful Hobbes","estimate":"0:40:00","category":"Story Mode, Max Speed, Very Hard — GC"},"The Legend of Zelda: Ocarina of Time":{"title":"The Legend of Zelda: Ocarina of Time","runner":"spikevegeta, Nukkuler","estimate":"2:30:00","category":"Randomizer - Co-Op 5 Dungeonsanity — N64"},"Portal 2":{"title":"Portal 2","runner":"Can't Even, mlugg","estimate":"0:55:00","category":"Inbounds No Saveload Abuse - TAS — PC"},"BONUS GAME 7 - The Legend of Zelda: Ocarina of Time":{"title":"BONUS GAME 7 - The Legend of Zelda: Ocarina of Time","runner":"dwangoAC, TASBot, Savestate, Sauraen","estimate":"1:00:00","category":"Beta Showcase — N64"},"Celeste.SMC":{"title":"Celeste.SMC","runner":"grandpoobear, MrMightyMouse_","estimate":"0:25:00","category":"Any% — SNES"},"Daily Recap - Friday":{"title":"Daily Recap - Friday","runner":"spikevegeta, Keizaron, JHobz, Kungfufruitcup, adef","estimate":"0:15:00","category":"Recap% — Live"},"Super Mario World":{"title":"Super Mario World","runner":"Barbarian, juzcook, CarlSagan42, shovda, Shoujo, ThirdWall","estimate":"1:15:00","category":"Relay Race — SNES"},"Ratchet and Clank: Going Commando":{"title":"Ratchet and Clank: Going Commando","runner":"Xem","estimate":"1:30:00","category":"Wrench Only — PS2"},"Left 4 Dead 2":{"title":"Left 4 Dead 2","runner":"WaifuRuns, aciidz, RsKiller, JurasPatryk","estimate":"0:48:00","category":"Main Campaigns Co-op — PC"},"Final Fantasy X":{"title":"Final Fantasy X","runner":"FoxyJira","estimate":"4:08:00","category":"Any% Cutscene Remover — PC"},"Metal Gear Solid 2: Sons of Liberty":{"title":"Metal Gear Solid 2: Sons of Liberty","runner":"dlimes13","estimate":"1:18:00","category":"PC, European Extreme — PC"},"Super Meat Boy":{"title":"Super Meat Boy","runner":"shredberg","estimate":"1:10:00","category":"All Dark Levels — PC"},"Bloodstained: Curse of the Moon":{"title":"Bloodstained: Curse of the Moon","runner":"The Blacktastic","estimate":"0:25:00","category":"Any% Ultimate — PC"},"Superhot VR":{"title":"Superhot VR","runner":"davidtki","estimate":"0:15:00","category":"Any% — PC"},"The Legend of Zelda: The Wind Waker":{"title":"The Legend of Zelda: The Wind Waker","runner":"CLG Linkus7","estimate":"2:45:00","category":"All Dungeons — Wii"},"Super Mario All-Stars + Super Mario World":{"title":"Super Mario All-Stars + Super Mario World","runner":"SethBling, IsoFrieze","estimate":"0:18:00","category":"All Five Games w/ACE — SNES"},"Metroid Dread":{"title":"Metroid Dread","runner":"kekumanshoyu","estimate":"1:21:00","category":"Any% NMG Normal — Switch"},"Kaizo Super Metroid":{"title":"Kaizo Super Metroid","runner":"Oatsngoats","estimate":"2:30:00","category":"Any% — SNES"},"Super Mario Maker 2":{"title":"Super Mario Maker 2","runner":"grandpoobear, PangaeaPanga, CarlSagan42, Aurateur, Shoujo, TanukiDan","estimate":"1:15:00","category":"Relay Race — Switch"},"BONUS GAME 8 - Super Mario 64":{"title":"BONUS GAME 8 - Super Mario 64","runner":"Simply","estimate":"1:50:00","category":"120 Star — N64"},"Event Recap":{"title":"Event Recap","runner":"Sent, JHobz, sumichu","estimate":"0:20:00","category":"Recap 100% — Live"},"Elden Ring":{"title":"Elden Ring","runner":"catalystz","estimate":"2:00:00","category":"All Remembrances — PC"},"BONUS GAME 9 - Elden Ring":{"title":"BONUS GAME 9 - Elden Ring","runner":"HYP3RSOMNIAC","estimate":"0:33:00","category":"Any% — PC"},"Finale":{"title":"Finale","runner":"Tech Crew","estimate":"0:10:00","category":"The End —"}}