{
  "AJ_from_portal": {
    "link": "https://twitch.tv/auditoriumjohnson",
    "logo": "https://static-cdn.jtvnw.net/jtv_user_pictures/9c17faed-ca5b-4901-a813-da4bd24aa04f-profile_image-300x300.png"
  },
  "Ahady": {
    "link": "https://twitch.tv/ahady",
    "logo": "https://static-cdn.jtvnw.net/jtv_user_pictures/84f2ae0f-de8a-430e-a117-db0696cc3529-profile_image-300x300.png"
  },
  "Alnak": {
    "link": "https://twitch.tv/alnak",
    "logo": "https://static-cdn.jtvnw.net/jtv_user_pictures/alnak-profile_image-5913f538ce2ea3e7-300x300.png"
  },
  "Amber": {
    "link": "https://twitch.tv/amber_cxc",
    "logo": "https://static-cdn.jtvnw.net/jtv_user_pictures/1e5fcbf7-8639-4a09-a5f9-bb8c9635f1f8-profile_image-300x300.png"
  },
  "AnthonyCaliber": {
    "link": "https://twitch.tv/anthonycaliber",
    "logo": "https://static-cdn.jtvnw.net/jtv_user_pictures/ec8c0b5c-4516-4559-a1a6-c268d771a088-profile_image-300x300.png"
  },
  "Azorae": {
    "link": "https://twitch.tv/azorae",
    "logo": "https://static-cdn.jtvnw.net/jtv_user_pictures/azorae-profile_image-b6a66ca38149ea98-300x300.png"
  },
  "B.G.B.": {
    "link": "https://twitch.tv/bob92519",
    "logo": "https://static-cdn.jtvnw.net/jtv_user_pictures/c1cee466-c23f-4add-bfa7-89122b0d582d-profile_image-300x300.png"
  },
  "Benja": {
    "link": "https://twitch.tv/BenjaS4",
    "logo": "https://static-cdn.jtvnw.net/jtv_user_pictures/b946035af30b540f-profile_image-300x300.png"
  },
  "BertoPlease": {
    "link": "https://twitch.tv/bertoplease",
    "logo": "https://static-cdn.jtvnw.net/jtv_user_pictures/a89daa1b-3c61-4450-800a-5ad8c3ffa2b2-profile_image-300x300.png"
  },
  "Beuchi": {
    "link": "https://twitch.tv/beuchiism",
    "logo": "https://static-cdn.jtvnw.net/jtv_user_pictures/beuchiism-profile_image-14ce66a073df001c-300x300.jpeg"
  },
  "Biglaw": {
    "link": "https://twitch.tv/biglaw",
    "logo": "https://static-cdn.jtvnw.net/jtv_user_pictures/biglaw-profile_image-67639d5c4f402dbe-300x300.jpeg"
  },
  "Bingchang": {
    "link": "https://twitch.tv/bingchang",
    "logo": "https://static-cdn.jtvnw.net/jtv_user_pictures/c491c3c2-63f2-4436-b745-0dc77e50620b-profile_image-300x300.png"
  },
  "BloodShot9001": {
    "link": "https://twitch.tv/bloodshot9001",
    "logo": "https://static-cdn.jtvnw.net/jtv_user_pictures/cdc5bc20-f95d-4ef1-adb2-7211ad4568ec-profile_image-300x300.png"
  },
  "Boring_Borin": {
    "link": "https://twitch.tv/boring_borin",
    "logo": "https://static-cdn.jtvnw.net/jtv_user_pictures/dec2b877-3843-4dc4-8183-e94fa05e3ef3-profile_image-300x300.png"
  },
  "Bubzia": {
    "link": "https://twitch.tv/bubzia",
    "logo": "https://static-cdn.jtvnw.net/jtv_user_pictures/381a1d0c-5a4a-4e24-9555-7cabcf72419d-profile_image-300x300.png"
  },
  "Buffet Time": {
    "link": "https://twitch.tv/buffet_time",
    "logo": "https://static-cdn.jtvnw.net/jtv_user_pictures/ce5e278f-5d8d-4325-844e-d7f019d57af3-profile_image-300x300.png"
  },
  "Bullets": {
    "link": "https://twitch.tv/isbullets",
    "logo": "https://static-cdn.jtvnw.net/jtv_user_pictures/14cfc30e-5f9b-4b10-a0c5-87f07ad923f2-profile_image-300x300.png"
  },
  "CScottyW": {
    "link": "https://twitch.tv/cscottyw",
    "logo": "https://static-cdn.jtvnw.net/jtv_user_pictures/cscottyw-profile_image-292cddebe3da742f-300x300.png"
  },
  "ChaosDrifter": {
    "link": "https://twitch.tv/chaosdrifter",
    "logo": "https://static-cdn.jtvnw.net/jtv_user_pictures/b3b2315e-3c85-4dfe-bf48-ecd797b5ea86-profile_image-300x300.png"
  },
  "Cisco147": {
    "link": "https://twitch.tv/cisco147",
    "logo": "https://static-cdn.jtvnw.net/jtv_user_pictures/24970e27-e206-4440-b729-f2a042c3ed26-profile_image-300x300.png"
  },
  "Crisper": {
    "link": "https://twitch.tv/CrisperSpeedruns",
    "logo": "https://static-cdn.jtvnw.net/jtv_user_pictures/f7277b3c-0226-4474-a0a8-de2a67fc730a-profile_image-300x300.png"
  },
  "CrispyMe": {
    "link": "https://twitch.tv/crispyme",
    "logo": "https://static-cdn.jtvnw.net/jtv_user_pictures/210089ea-87b4-4a07-98b6-07b88cd53ea4-profile_image-300x300.png"
  },
  "CriticalCyd": {
    "link": "https://twitch.tv/criticalcyd",
    "logo": "https://static-cdn.jtvnw.net/jtv_user_pictures/criticalcyd-profile_image-89a002c025ef74d5-300x300.jpeg"
  },
  "Crow!": {
    "link": "https://twitch.tv/iicrowii",
    "logo": "https://static-cdn.jtvnw.net/jtv_user_pictures/iicrowii-profile_image-6fb42a69ce46492a-300x300.png"
  },
  "Dakitteh": {
    "link": "https://twitch.tv/dakitteh",
    "logo": "https://static-cdn.jtvnw.net/jtv_user_pictures/dakitteh-profile_image-7c768d6885787ccc-300x300.jpeg"
  },
  "Dangers": {
    "link": "https://twitch.tv/dangers",
    "logo": "https://static-cdn.jtvnw.net/jtv_user_pictures/c20b2a48-20cc-4b1a-8848-47d82a0decc5-profile_image-300x300.png"
  },
  "DemonicRobots": {
    "link": "https://twitch.tv/DemonicRobots",
    "logo": "https://static-cdn.jtvnw.net/jtv_user_pictures/f0d36fa3-68d6-4fca-b49d-1ad7ba08fc88-profile_image-300x300.png"
  },
  "DepressingChild": {
    "link": "https://twitch.tv/depressingchild",
    "logo": "https://static-cdn.jtvnw.net/jtv_user_pictures/6941f0c6-0766-4216-9811-2d9e69b06733-profile_image-300x300.png"
  },
  "Dragondarch": {
    "link": "https://twitch.tv/DragondarchSDA",
    "logo": "https://static-cdn.jtvnw.net/jtv_user_pictures/0c084a7c-4a44-44c9-bc13-2a3d5688d183-profile_image-300x300.png"
  },
  "Drayux": {
    "link": "https://twitch.tv/drayux",
    "logo": "https://static-cdn.jtvnw.net/jtv_user_pictures/4f6bd6f5-aea4-4b0a-abc0-6ade3877cf6c-profile_image-300x300.png"
  },
  "Ecdycis": {
    "link": "https://twitch.tv/ecdycis",
    "logo": "https://static-cdn.jtvnw.net/jtv_user_pictures/b934fe68-9dc5-49d1-b8a4-1e7191d63cfa-profile_image-300x300.png"
  },
  "Elkjaer": {
    "link": "https://twitch.tv/elkjaertv",
    "logo": "https://static-cdn.jtvnw.net/jtv_user_pictures/05c43a53-d078-493a-8cdc-a16f3f5fc3dd-profile_image-300x300.png"
  },
  "EnchantressOfNumbers": {
    "link": "https://twitch.tv/enchantressofnumbers",
    "logo": "https://static-cdn.jtvnw.net/jtv_user_pictures/d37aaafe-5c85-405f-bca7-556e4e46a30d-profile_image-300x300.png"
  },
  "FCRacer": {
    "link": "https://twitch.tv/FCRacer",
    "logo": "https://static-cdn.jtvnw.net/jtv_user_pictures/3ca2db07-a121-4bc6-b94b-c0c5e776966b-profile_image-300x300.jpeg"
  },
  "FelinoAlbino": {
    "link": "https://twitch.tv/FelinoAlbino",
    "logo": "https://static-cdn.jtvnw.net/jtv_user_pictures/19c8ed68-b9d5-41e0-83a9-5c7af7ce0c07-profile_image-300x300.png"
  },
  "Fireman": {
    "link": "https://twitch.tv/firemanpc",
    "logo": "https://static-cdn.jtvnw.net/jtv_user_pictures/99176b054dfa419d-profile_image-300x300.jpeg"
  },
  "Froob": {
    "link": "https://twitch.tv/froobmcguffin",
    "logo": "https://static-cdn.jtvnw.net/jtv_user_pictures/froobmcguffin-profile_image-24e0f8c6bbf590c1-300x300.png"
  },
  "GTAce99": {
    "link": "https://twitch.tv/gtace99",
    "logo": "https://static-cdn.jtvnw.net/jtv_user_pictures/3d459811-38a3-4236-93a4-8c70c4127054-profile_image-300x300.png"
  },
  "GigaDB": {
    "link": "https://twitch.tv/GigaDB",
    "logo": "https://static-cdn.jtvnw.net/jtv_user_pictures/gigadb-profile_image-1121f5b8a4ebba09-300x300.jpeg"
  },
  "GreenZSaber": {
    "link": "https://twitch.tv/greenzsaber",
    "logo": "https://static-cdn.jtvnw.net/jtv_user_pictures/4684c389-8166-4837-8f6c-8a73e175c4f2-profile_image-300x300.jpg"
  },
  "HJA": {
    "link": "https://twitch.tv/HJA_RTA",
    "logo": "https://static-cdn.jtvnw.net/jtv_user_pictures/5b4d5d59-815a-44da-a924-286aa55667cc-profile_image-300x300.png"
  },
  "Helix": {
    "link": "https://twitch.tv/helix13_",
    "logo": "https://static-cdn.jtvnw.net/jtv_user_pictures/a1b85469-5359-420d-a337-f977012efdbb-profile_image-300x300.png"
  },
  "HerculesBenchpress": {
    "link": "https://twitch.tv/herculesbenchpress",
    "logo": "https://static-cdn.jtvnw.net/jtv_user_pictures/herculesbenchpress-profile_image-ebf9391b0e7a5625-300x300.jpeg"
  },
  "IIvgmII": {
    "link": "https://twitch.tv/iivgmii",
    "logo": "https://static-cdn.jtvnw.net/jtv_user_pictures/4a0f7b4f-84ba-4868-987f-e603f3b4ed12-profile_image-300x300.png"
  },
  "Illumina": {
    "link": "https://www.twitch.tv/illumina1337",
    "logo": "https://static-cdn.jtvnw.net/jtv_user_pictures/36efff15-97e6-46af-9c3f-03e68c309fdc-profile_image-300x300.png"
  },
  "JHobz": {
    "link": "https://twitch.tv/jhobz296",
    "logo": "https://static-cdn.jtvnw.net/jtv_user_pictures/c6a09b604f615695-profile_image-300x300.png"
  },
  "JP_Xinnam": {
    "link": "https://twitch.tv/jp_xinnam",
    "logo": "https://static-cdn.jtvnw.net/jtv_user_pictures/jp_xinnam-profile_image-984be0dce956388f-300x300.png"
  },
  "Joeybaby69": {
    "link": "https://twitch.tv/joeybaby69",
    "logo": "https://static-cdn.jtvnw.net/jtv_user_pictures/4ee7d844-1a5a-4a74-a2ea-768c57454514-profile_image-300x300.png"
  },
  "KZ_FREW": {
    "link": "https://twitch.tv/kz_frew",
    "logo": "https://static-cdn.jtvnw.net/jtv_user_pictures/15c503a23990fb89-profile_image-300x300.png"
  },
  "Kaadzik": {
    "link": "https://twitch.tv/kaadzik",
    "logo": "https://static-cdn.jtvnw.net/jtv_user_pictures/abb40230-908e-4c21-a405-15ecd49147ed-profile_image-300x300.png"
  },
  "Keizaron": {
    "link": "https://twitch.tv/keizaron",
    "logo": "https://static-cdn.jtvnw.net/jtv_user_pictures/22850aee-9382-4816-94a1-d79ecc828b31-profile_image-300x300.jpeg"
  },
  "Kingj0444": {
    "link": "https://twitch.tv/kingjo444",
    "logo": "https://static-cdn.jtvnw.net/jtv_user_pictures/cd195058-255c-4478-a4b5-c26263b705ef-profile_image-300x300.png"
  },
  "Klooger": {
    "link": "https://twitch.tv/klooger",
    "logo": "https://static-cdn.jtvnw.net/jtv_user_pictures/94df56bf-d2c4-44b9-8c27-afb51705f071-profile_image-300x300.jpg"
  },
  "Kosmic": {
    "link": "https://twitch.tv/kosmic",
    "logo": "https://static-cdn.jtvnw.net/jtv_user_pictures/ff633de4-76ba-4d48-8e2f-f5f50b703371-profile_image-300x300.png"
  },
  "KrusKader": {
    "link": "https://twitch.tv/kruskader",
    "logo": "https://static-cdn.jtvnw.net/jtv_user_pictures/c43ea78d-2143-4592-8133-f5afb780eaff-profile_image-300x300.png"
  },
  "Kungfufruitcup": {
    "link": "https://twitch.tv/kungfufruitcup",
    "logo": "https://static-cdn.jtvnw.net/jtv_user_pictures/5b74adaf-110d-43a8-8882-4dd1beccfac5-profile_image-300x300.png"
  },
  "Kyrrone": {
    "link": "https://twitch.tv/kyrrone",
    "logo": "https://static-cdn.jtvnw.net/jtv_user_pictures/90ba15c6-a32d-47a4-a48c-4db455cdf3b4-profile_image-300x300.png"
  },
  "LRock617": {
    "link": "https://twitch.tv/lrock617",
    "logo": "https://static-cdn.jtvnw.net/jtv_user_pictures/94f6b8a4169dba1d-profile_image-300x300.jpeg"
  },
  "Limcube": {
    "link": "https://twitch.tv/limcube",
    "logo": "https://static-cdn.jtvnw.net/jtv_user_pictures/abb7f36b-50e4-4071-9035-76f947420b68-profile_image-300x300.png"
  },
  "Lizstar": {
    "link": "https://twitch.tv/Lizstar",
    "logo": "https://static-cdn.jtvnw.net/jtv_user_pictures/9c220420-fd36-4c96-a9df-cfac357c8edb-profile_image-300x300.jpeg"
  },
  "MadMegaX381": {
    "link": "https://twitch.tv/madmegax381",
    "logo": "https://static-cdn.jtvnw.net/jtv_user_pictures/2e4fc678-b0e3-461b-bc38-1176fca0a45e-profile_image-300x300.png"
  },
  "Mee": {
    "link": "https://twitch.tv/moa67",
    "logo": "https://static-cdn.jtvnw.net/jtv_user_pictures/moa67-profile_image-43e8d0298da63906-300x300.jpeg"
  },
  "Mekarazium": {
    "link": "https://twitch.tv/mekarazium",
    "logo": "https://static-cdn.jtvnw.net/jtv_user_pictures/68fe02cff31fb1e5-profile_image-300x300.jpeg"
  },
  "Metro72": {
    "link": "https://twitch.tv/metro_72",
    "logo": "https://static-cdn.jtvnw.net/jtv_user_pictures/metro_72-profile_image-274cf687b2582f8c-300x300.jpeg"
  },
  "Mike Uyama": {
    "link": "https://twitch.tv/mikwuyma",
    "logo": "https://static-cdn.jtvnw.net/jtv_user_pictures/mikwuyma-profile_image-09c18607eeb0f1a5-300x300.jpeg"
  },
  "MikeWave": {
    "link": "https://twitch.tv/mike__wave",
    "logo": "https://static-cdn.jtvnw.net/jtv_user_pictures/6ad90af3-bfcd-46c0-ba80-b49beb2e998b-profile_image-300x300.png"
  },
  "Moglar5k": {
    "link": "https://twitch.tv/moglar5k",
    "logo": "https://static-cdn.jtvnw.net/user-default-pictures-uv/294c98b5-e34d-42cd-a8f0-140b72fba9b0-profile_image-300x300.png"
  },
  "NeoKad": {
    "link": "https://twitch.tv/neokad99",
    "logo": "https://static-cdn.jtvnw.net/jtv_user_pictures/9f64e599-0003-4df5-a5c0-9f30e47d79cb-profile_image-300x300.png"
  },
  "NoseJones": {
    "link": "https://twitch.tv/nosejones",
    "logo": "https://static-cdn.jtvnw.net/jtv_user_pictures/8186d46b-8f5b-430c-bf49-edbb8ca07b1e-profile_image-300x300.png"
  },
  "Paulsaltine": {
    "link": "https://twitch.tv/Paulsaltine",
    "logo": "https://static-cdn.jtvnw.net/jtv_user_pictures/fd52f4f4-4c94-45a7-9f44-4eabfc9d2667-profile_image-300x300.jpg"
  },
  "Pestilentbox2": {
    "link": "https://twitch.tv/pestilentbox2",
    "logo": "https://static-cdn.jtvnw.net/jtv_user_pictures/c78d7813-87be-4d1b-9763-a00189940dd1-profile_image-300x300.png"
  },
  "PetresInc": {
    "link": "https://twitch.tv/petresinc",
    "logo": "https://static-cdn.jtvnw.net/jtv_user_pictures/95c07a66-afdf-4d55-a361-ee76351d5019-profile_image-300x300.jpg"
  },
  "Pianist15": {
    "link": "https://twitch.tv/pianist15",
    "logo": "https://static-cdn.jtvnw.net/jtv_user_pictures/75447412-51b0-4e62-9bc2-9b096b677f10-profile_image-300x300.png"
  },
  "Picante": {
    "link": "https://twitch.tv/picante",
    "logo": "https://static-cdn.jtvnw.net/jtv_user_pictures/97e03fef-1f6b-41ec-888d-48c5035b72e0-profile_image-300x300.png"
  },
  "PlasticRainbow": {
    "link": "https://twitch.tv/plastic_rainbow",
    "logo": "https://static-cdn.jtvnw.net/jtv_user_pictures/plastic_rainbow-profile_image-2ffabd501336ef6a-300x300.png"
  },
  "PoleCat": {
    "link": "https://twitch.tv/polecats",
    "logo": "https://static-cdn.jtvnw.net/jtv_user_pictures/polecats-profile_image-d8d4d1c867807af2-300x300.png"
  },
  "Psych0sis": {
    "link": "https://twitch.tv/psych0sis_tv",
    "logo": "https://static-cdn.jtvnw.net/jtv_user_pictures/psych0sis_tv-profile_image-b49e1af3ff51f919-300x300.png"
  },
  "PulseEffect": {
    "link": "https://twitch.tv/PulseEffects",
    "logo": "https://static-cdn.jtvnw.net/jtv_user_pictures/587541ea-00f8-4633-b59e-24ef8ecd1444-profile_image-300x300.png"
  },
  "Punchy": {
    "link": "https://twitch.tv/punchy",
    "logo": "https://static-cdn.jtvnw.net/jtv_user_pictures/33ce0c69-7128-4925-ac23-e69ef88555a6-profile_image-300x300.png"
  },
  "Raikaru": {
    "link": "https://twitch.tv/raikaru13",
    "logo": "https://static-cdn.jtvnw.net/jtv_user_pictures/1cb14316-af3d-4a30-a64a-6f54ad14de3b-profile_image-300x300.png"
  },
  "Revolucion": {
    "link": "https://twitch.tv/revolucoin",
    "logo": "https://static-cdn.jtvnw.net/jtv_user_pictures/revolucoin-profile_image-0bd9e423a143799b-300x300.png"
  },
  "Risch": {
    "link": "https://twitch.tv/risch",
    "logo": "https://static-cdn.jtvnw.net/jtv_user_pictures/f77252be-e216-4b2a-b5a2-9be05a80845d-profile_image-300x300.png"
  },
  "RiskyCB": {
    "link": "https://twitch.tv/RiskyCB",
    "logo": "https://static-cdn.jtvnw.net/jtv_user_pictures/riskycb-profile_image-572c4459d2347cf9-300x300.jpeg"
  },
  "SCXCR": {
    "link": "https://twitch.tv/scxcr",
    "logo": "https://static-cdn.jtvnw.net/jtv_user_pictures/679b0c96-2566-4456-a4e0-4740ada3a8e8-profile_image-300x300.png"
  },
  "SecksWrecks": {
    "link": "https://twitch.tv/seckswrecks",
    "logo": "https://static-cdn.jtvnw.net/jtv_user_pictures/seckswrecks-profile_image-9abdc1abeeb80031-300x300.png"
  },
  "Sent": {
    "link": "https://twitch.tv/dragonsentinal",
    "logo": "https://static-cdn.jtvnw.net/jtv_user_pictures/dragonsentinal-profile_image-1fc633f93ce96918-300x300.png"
  },
  "SeriouslySurly": {
    "link": "https://twitch.tv/seriously_surly",
    "logo": "https://static-cdn.jtvnw.net/jtv_user_pictures/455b3ac1-99be-413d-8481-3cd1285505db-profile_image-300x300.png"
  },
  "ShikenNuggets": {
    "link": "https://twitch.tv/shikennuggets",
    "logo": "https://static-cdn.jtvnw.net/jtv_user_pictures/069c71c4-5326-4c9f-b774-7642a5548f50-profile_image-300x300.png"
  },
  "ShinyZeni": {
    "link": "https://twitch.tv/shinyzeni",
    "logo": "https://static-cdn.jtvnw.net/jtv_user_pictures/d147b8e0-76d3-42e4-8c76-f7f2f001d67f-profile_image-300x300.png"
  },
  "Shizzal": {
    "link": "https://twitch.tv/shizzal",
    "logo": "https://static-cdn.jtvnw.net/jtv_user_pictures/5220e26f-8c35-496c-bcb8-e5ff0d708d1f-profile_image-300x300.jpg"
  },
  "Slurpeeninja": {
    "link": "https://twitch.tv/slurpeeninja",
    "logo": "https://static-cdn.jtvnw.net/jtv_user_pictures/slurpeeninja-profile_image-792cc59f8b4c5659-300x300.jpeg"
  },
  "SpikeVegeta": {
    "link": "https://twitch.tv/spikevegeta",
    "logo": "https://static-cdn.jtvnw.net/jtv_user_pictures/spikevegeta-profile_image-4ccba409d6b18a3f-300x300.jpeg"
  },
  "SpootyBiscuit": {
    "link": "https://twitch.tv/spootybiscuit",
    "logo": "https://static-cdn.jtvnw.net/jtv_user_pictures/b3b93874-94a6-46f6-b207-e3ad19e86ca0-profile_image-300x300.png"
  },
  "Starbird": {
    "link": "https://twitch.tv/IamStarbird",
    "logo": "https://static-cdn.jtvnw.net/jtv_user_pictures/a9b002e5-4038-477e-86a5-5280243650c7-profile_image-300x300.png"
  },
  "Starwin": {
    "link": "https://twitch.tv/starwin",
    "logo": "https://static-cdn.jtvnw.net/jtv_user_pictures/9fb7670c-feda-47a3-b5b0-0f05ccefd62e-profile_image-300x300.png"
  },
  "Sunnymuffin": {
    "link": "https://twitch.tv/sunnymuffinhs",
    "logo": "https://static-cdn.jtvnw.net/jtv_user_pictures/4255792d-a4e0-425a-840b-0506a458bb5c-profile_image-300x300.png"
  },
  "SuperBen": {
    "link": "https://twitch.tv/superben1755",
    "logo": "https://static-cdn.jtvnw.net/jtv_user_pictures/68d1207f-cb17-41e3-bc85-83fb5a84eb5f-profile_image-300x300.png"
  },
  "SuperSonic71087": {
    "link": "https://twitch.tv/supersonic71087",
    "logo": "https://static-cdn.jtvnw.net/jtv_user_pictures/197bd24a-71d8-46e4-a821-5c33f1c41576-profile_image-300x300.png"
  },
  "TASBot": {
    "link": "https://twitch.tv/dwangoAC",
    "logo": "https://static-cdn.jtvnw.net/jtv_user_pictures/086a13a0-2dff-4673-bac8-3185076e1243-profile_image-300x300.png"
  },
  "Tech Crew": {
    "link": "https://gamesdonequick.com",
    "logo": null
  },
  "The Blacktastic": {
    "link": "https://twitch.tv/theblacktastic",
    "logo": "https://static-cdn.jtvnw.net/jtv_user_pictures/b6b2362c-50b9-4be5-9dce-c125d9682082-profile_image-300x300.png"
  },
  "The Opponent": {
    "link": "https://twitch.tv/theopponent",
    "logo": "https://static-cdn.jtvnw.net/jtv_user_pictures/2dbd1e3c-b59e-459e-bd55-368050d389f2-profile_image-300x300.png"
  },
  "ThePackle": {
    "link": "https://twitch.tv/thepackle",
    "logo": "https://static-cdn.jtvnw.net/jtv_user_pictures/da76edee-2830-47b0-a4f5-91b24a0e202f-profile_image-300x300.png"
  },
  "TheRedSock": {
    "link": "https://twitch.tv/theredsock",
    "logo": "https://static-cdn.jtvnw.net/jtv_user_pictures/theredsock-profile_image-694c035b6ce4ae16-300x300.png"
  },
  "TheSoundDefense": {
    "link": "https://twitch.tv/thesounddefense",
    "logo": "https://static-cdn.jtvnw.net/jtv_user_pictures/thesounddefense-profile_image-387338348beb091e-300x300.jpeg"
  },
  "Tinnue": {
    "link": "https://twitch.tv/tinnue",
    "logo": "https://static-cdn.jtvnw.net/jtv_user_pictures/bfcfe1d3-32ab-4263-baf6-6f348a71e9b2-profile_image-300x300.png"
  },
  "Tonkotsu": {
    "link": "https://twitch.tv/tonkotsu_tnkt",
    "logo": "https://static-cdn.jtvnw.net/jtv_user_pictures/8a1461df-4f5e-42be-8de0-6cf835ac8f30-profile_image-300x300.png"
  },
  "UghRochester": {
    "link": "https://twitch.tv/ughrochester",
    "logo": "https://static-cdn.jtvnw.net/jtv_user_pictures/ughrochester-profile_image-1362829c36100354-300x300.png"
  },
  "ViolinGamer": {
    "link": "https://twitch.tv/ViolinSR",
    "logo": "https://static-cdn.jtvnw.net/jtv_user_pictures/c8d0ea34-1d36-4961-b862-2e5ab46c8caf-profile_image-300x300.png"
  },
  "WhiteHat94": {
    "link": "https://twitch.tv/whitehat94",
    "logo": "https://static-cdn.jtvnw.net/jtv_user_pictures/whitehat94-profile_image-d162f73579a3fb09-300x300.jpeg"
  },
  "Wirtual": {
    "link": "https://twitch.tv/Wirtual",
    "logo": "https://static-cdn.jtvnw.net/jtv_user_pictures/0ce8fe00-faa7-4a98-9aa9-2a1bbbbeb77e-profile_image-300x300.png"
  },
  "WoodenBarrel": {
    "link": "https://twitch.tv/woodenbarrel",
    "logo": "https://static-cdn.jtvnw.net/jtv_user_pictures/2cf5f442-49bf-4bbb-bf42-68845868aedd-profile_image-300x300.png"
  },
  "Xarnax42": {
    "link": "https://twitch.tv/Xarnax42",
    "logo": "https://static-cdn.jtvnw.net/jtv_user_pictures/ebe61d2973089639-profile_image-300x300.png"
  },
  "Xem": {
    "link": "https://twitch.tv/xem92",
    "logo": "https://static-cdn.jtvnw.net/jtv_user_pictures/c17e2c0d-1b65-4839-8d7c-c0f66a493b25-profile_image-300x300.png"
  },
  "YellowKillerBee": {
    "link": "https://twitch.tv/yellowkillerbee",
    "logo": "https://static-cdn.jtvnw.net/jtv_user_pictures/4f83142b-88c9-4eff-a73d-f0ce150f015c-profile_image-300x300.png"
  },
  "YourAverageWhiteChick": {
    "link": "https://twitch.tv/youraveragewhitechick",
    "logo": "https://static-cdn.jtvnw.net/jtv_user_pictures/6ffa03f5e557fbc0-profile_image-300x300.png"
  },
  "Z4T0X": {
    "link": "https://twitch.tv/z4t0x",
    "logo": "https://static-cdn.jtvnw.net/jtv_user_pictures/8926ffb1-271f-45d3-97e5-704fb08920a8-profile_image-300x300.png"
  },
  "ZELLLOOO": {
    "link": "https://twitch.tv/ZELLLOOO",
    "logo": "https://static-cdn.jtvnw.net/jtv_user_pictures/7d0e0dd8-8dfe-4207-aba6-d5e3a1532649-profile_image-300x300.png"
  },
  "Zenthrow": {
    "link": "https://twitch.tv/zenthrow",
    "logo": "https://static-cdn.jtvnw.net/jtv_user_pictures/zenthrow-profile_image-eb040a62bbfb131d-300x300.jpeg"
  },
  "betsruner": {
    "link": "https://twitch.tv/betsruner",
    "logo": "https://static-cdn.jtvnw.net/jtv_user_pictures/5fc8b890-6343-499a-8f7c-d3efd0acb60a-profile_image-300x300.jpeg"
  },
  "bloodthunder": {
    "link": "https://twitch.tv/BloodThunder",
    "logo": "https://static-cdn.jtvnw.net/jtv_user_pictures/5ea79bd0e4e6a1b7-profile_image-300x300.png"
  },
  "catalystz": {
    "link": "https://twitch.tv/catalystz",
    "logo": "https://static-cdn.jtvnw.net/jtv_user_pictures/1e227367-6ccc-41fa-be17-0374c33dfb84-profile_image-300x300.png"
  },
  "corndan": {
    "link": "https://www.twitch.tv/corndan",
    "logo": "https://static-cdn.jtvnw.net/jtv_user_pictures/corndan-profile_image-11b29f928ec9a3dc-300x300.jpeg"
  },
  "culinwino": {
    "link": "https://twitch.tv/culinwino",
    "logo": "https://static-cdn.jtvnw.net/jtv_user_pictures/9eab98ff-5c1c-4fcd-8b01-ff592122a64f-profile_image-300x300.png"
  },
  "d4gr0n": {
    "link": "https://twitch.tv/d4gr0n",
    "logo": "https://static-cdn.jtvnw.net/jtv_user_pictures/821fc0c0-abf0-455d-abb8-450c0e8af09a-profile_image-300x300.png"
  },
  "davidtki": {
    "link": "https://twitch.tv/davidtki",
    "logo": "https://static-cdn.jtvnw.net/jtv_user_pictures/e01bdc8a611a8ae7-profile_image-300x300.png"
  },
  "dwangoAC": {
    "link": "https://twitch.tv/dwangoAC",
    "logo": "https://static-cdn.jtvnw.net/jtv_user_pictures/086a13a0-2dff-4673-bac8-3185076e1243-profile_image-300x300.png"
  },
  "eddaket": {
    "link": "https://twitch.tv/eddaket",
    "logo": "https://static-cdn.jtvnw.net/jtv_user_pictures/0d80f7e3-e6ab-4302-bf4b-0690789d71e5-profile_image-300x300.png"
  },
  "eight": {
    "link": "https://twitch.tv/eighttt",
    "logo": "https://static-cdn.jtvnw.net/jtv_user_pictures/1c0d6cdb-de16-4005-b3cd-7a1e2a4a4065-profile_image-300x300.png"
  },
  "fireb0rn": {
    "link": "https://twitch.tv/fireb0rn",
    "logo": "https://static-cdn.jtvnw.net/jtv_user_pictures/3dd35704-b76b-4dd7-b7a7-8fe2eb604bc5-profile_image-300x300.png"
  },
  "fruitbatsalad": {
    "link": "https://twitch.tv/fruitbatsalad",
    "logo": "https://static-cdn.jtvnw.net/jtv_user_pictures/d1a67acf41d18573-profile_image-300x300.png"
  },
  "gymnast86": {
    "link": "https://twitch.tv/gymnast86",
    "logo": "https://static-cdn.jtvnw.net/jtv_user_pictures/gymnast86-profile_image-f3114ecf75946be1-300x300.jpeg"
  },
  "happyf33tz": {
    "link": "https://twitch.tv/happyf333tz",
    "logo": "https://static-cdn.jtvnw.net/jtv_user_pictures/83d831c7-406a-4853-9596-3bf7bcbd3b1b-profile_image-300x300.png"
  },
  "havrd": {
    "link": "https://twitch.tv/havrd",
    "logo": "https://static-cdn.jtvnw.net/jtv_user_pictures/havrd-profile_image-eb622874f46bde5c-300x300.jpeg"
  },
  "imawakka": {
    "link": "https://twitch.tv/imawakka",
    "logo": "https://static-cdn.jtvnw.net/jtv_user_pictures/be65f810-a74c-4c8e-b1f5-433ccd414bcc-profile_image-300x300.png"
  },
  "jacob": {
    "link": "https://twitch.tv/mkjacob",
    "logo": "https://static-cdn.jtvnw.net/jtv_user_pictures/591173ed-51b4-4c78-958a-62894290a52e-profile_image-300x300.jpeg"
  },
  "janglestorm": {
    "link": "https://twitch.tv/janglestorm",
    "logo": "https://static-cdn.jtvnw.net/jtv_user_pictures/janglestorm-profile_image-2b3538c872d5bc59-300x300.png"
  },
  "kariohki": {
    "link": "https://twitch.tv/kariohki",
    "logo": "https://static-cdn.jtvnw.net/jtv_user_pictures/kariohki-profile_image-f3bdb0831ceb01ff-300x300.jpeg"
  },
  "kayar*": {
    "link": "https://twitch.tv/unlmt_enche",
    "logo": "https://static-cdn.jtvnw.net/jtv_user_pictures/55cc1d6c-2f55-43d8-b2f4-2f5d4bb5a832-profile_image-300x300.png"
  },
  "kitcarsonn": {
    "link": "https://twitch.tv/kitcarsonn",
    "logo": "https://static-cdn.jtvnw.net/jtv_user_pictures/78f345b8-9d12-4abd-a715-473a26c6adef-profile_image-300x300.png"
  },
  "kykystas": {
    "link": "https://twitch.tv/kykystas",
    "logo": "https://static-cdn.jtvnw.net/jtv_user_pictures/b0edf61d-fbe5-4d46-856d-b686b8e18940-profile_image-300x300.png"
  },
  "mghtymth": {
    "link": "https://twitch.tv/mghtymth",
    "logo": "https://static-cdn.jtvnw.net/jtv_user_pictures/44b21f8e-6382-42ca-ae34-509884c93b73-profile_image-300x300.jpg"
  },
  "papanug": {
    "link": "https://twitch.tv/papanug",
    "logo": "https://static-cdn.jtvnw.net/jtv_user_pictures/aa018e06-555d-42a9-a12c-e7c7579f0da5-profile_image-300x300.png"
  },
  "pingval": {
    "link": "https://twitch.tv/pingval",
    "logo": "https://static-cdn.jtvnw.net/jtv_user_pictures/pingval-profile_image-e04747a002b6920e-300x300.jpeg"
  },
  "plywood": {
    "link": "https://twitch.tv/plywood_",
    "logo": "https://static-cdn.jtvnw.net/jtv_user_pictures/834ce783-7634-48e0-a0f6-15ddbf86d910-profile_image-300x300.png"
  },
  "poshi": {
    "link": "https://twitch.tv/poshippo",
    "logo": "https://static-cdn.jtvnw.net/jtv_user_pictures/cc192883-8d85-4acc-ae20-e75ee3c537e2-profile_image-300x300.png"
  },
  "rayeo": {
    "link": "https://twitch.tv/rayeo",
    "logo": "https://static-cdn.jtvnw.net/jtv_user_pictures/e705cb45-717e-41d4-91d8-57ce39894b6f-profile_image-300x300.png"
  },
  "ripchip_": {
    "link": "https://twitch.tv/ripchip_",
    "logo": "https://static-cdn.jtvnw.net/jtv_user_pictures/908cef5d090cc1e3-profile_image-300x300.png"
  },
  "sandyX": {
    "link": "https://twitch.tv/sandyx",
    "logo": "https://static-cdn.jtvnw.net/jtv_user_pictures/0d288657-476d-489e-8245-029b7e3eeeba-profile_image-300x300.png"
  },
  "shmumbler": {
    "link": "https://twitch.tv/shmumbler",
    "logo": "https://static-cdn.jtvnw.net/jtv_user_pictures/ec84591e-1b0c-4136-a27f-3a6a4c99be97-profile_image-300x300.png"
  },
  "sickynar": {
    "link": "https://twitch.tv/sickynar",
    "logo": "https://static-cdn.jtvnw.net/jtv_user_pictures/53322898-3fe1-407d-8280-538a69b2fa97-profile_image-300x300.png"
  },
  "smythe": {
    "link": "https://twitch.tv/robsmythe",
    "logo": "https://static-cdn.jtvnw.net/jtv_user_pictures/8677d75c-37d4-4780-8c56-f040aeaf1119-profile_image-300x300.png"
  },
  "swordsmankirby": {
    "link": "https://twitch.tv/swordsmankirby",
    "logo": "https://static-cdn.jtvnw.net/jtv_user_pictures/swordsmankirby-profile_image-ae62c94c1fa87f2e-300x300.jpeg"
  },
  "t0uchan": {
    "link": "https://twitch.tv/t0uchan",
    "logo": "https://static-cdn.jtvnw.net/jtv_user_pictures/a4f915ef-bdc0-4b15-83d6-a32bb7380c1e-profile_image-300x300.png"
  },
  "taters": {
    "link": "https://twitch.tv/dwangoAC",
    "logo": "https://static-cdn.jtvnw.net/jtv_user_pictures/086a13a0-2dff-4673-bac8-3185076e1243-profile_image-300x300.png"
  },
  "tbcr": {
    "link": "https://twitch.tv/tbcr_",
    "logo": "https://static-cdn.jtvnw.net/jtv_user_pictures/e1b136d0-b198-4213-9368-5629dc5c16ac-profile_image-300x300.jpeg"
  },
  "touhoe": {
    "link": "https://twitch.tv/touhoe_",
    "logo": "https://static-cdn.jtvnw.net/jtv_user_pictures/15f41854-f215-4b17-bed2-96319b728c6c-profile_image-300x300.png"
  },
  "warm_ham": {
    "link": "https://twitch.tv/warm_ham",
    "logo": "https://static-cdn.jtvnw.net/jtv_user_pictures/a81b841d-e6b8-4504-bbda-703f8a236b49-profile_image-300x300.png"
  }
}
