{
  "1davidj": {
    "link": "https://twitch.tv/1davidj",
    "logo": "https://static-cdn.jtvnw.net/jtv_user_pictures/1davidj-profile_image-cf2f56c6d386a46a-300x300.png"
  },
  "2snek": {
    "link": "https://twitch.tv/2snek",
    "logo": "https://static-cdn.jtvnw.net/jtv_user_pictures/61266b0a-e300-412f-b6a0-cb2442c8a4c4-profile_image-300x300.png"
  },
  "Allegro": {
    "link": "https://twitch.tv/allegrosrc",
    "logo": "https://static-cdn.jtvnw.net/jtv_user_pictures/25f42da1-7a7c-4a23-b7f3-480d9a6955dc-profile_image-300x300.jpg"
  },
  "Amyrlinn": {
    "link": "https://twitch.tv/amyrlinn",
    "logo": "https://static-cdn.jtvnw.net/jtv_user_pictures/amyrlinn-profile_image-39175ea4bd65f916-300x300.png"
  },
  "Andy": {
    "link": "https://twitch.tv/andy",
    "logo": "https://static-cdn.jtvnw.net/jtv_user_pictures/andy-profile_image-4e83cf68a89e5b33-300x300.png"
  },
  "Aquas": {
    "link": "https://twitch.tv/Aquas",
    "logo": "https://static-cdn.jtvnw.net/jtv_user_pictures/aquas-profile_image-61ac00e5f5f9754e-300x300.png"
  },
  "Archariat": {
    "link": "https://twitch.tv/archariat",
    "logo": "https://static-cdn.jtvnw.net/jtv_user_pictures/1af1b68e-7c28-4bf5-8127-d2a19569be6b-profile_image-300x300.png"
  },
  "Barbarian": {
    "link": "https://twitch.tv/barbarousking",
    "logo": "https://static-cdn.jtvnw.net/jtv_user_pictures/3a9bae91-36a3-4dd0-9c84-38a88d6c7809-profile_image-300x300.png"
  },
  "Bawkbasoup": {
    "link": "https://twitch.tv/bawkbasoup",
    "logo": "https://static-cdn.jtvnw.net/jtv_user_pictures/ac9b9d72-b7cc-4a31-9838-b7c6b53d2027-profile_image-300x300.jpeg"
  },
  "BesTickles": {
    "link": "https://twitch.tv/beeteas",
    "logo": "https://static-cdn.jtvnw.net/jtv_user_pictures/beeteas-profile_image-85cf5407a2a81ee2-300x300.png"
  },
  "Bryonato": {
    "link": "https://twitch.tv/bryonato",
    "logo": "https://static-cdn.jtvnw.net/jtv_user_pictures/bryonato-profile_image-f77fab386179a1e6-300x300.png"
  },
  "Buffet Time": {
    "link": "https://twitch.tv/buffet_time",
    "logo": "https://static-cdn.jtvnw.net/jtv_user_pictures/buffet_time-profile_image-ae18d7c32f0afcae-300x300.png"
  },
  "Bullets": {
    "link": "https://twitch.tv/isbullets",
    "logo": "https://static-cdn.jtvnw.net/jtv_user_pictures/c6ca9d6c-0a09-49d8-96d9-75d504fd15cf-profile_image-300x300.png"
  },
  "CameronVengenz": {
    "link": "https://twitch.tv/cameronvengenz",
    "logo": "https://static-cdn.jtvnw.net/jtv_user_pictures/62d9fb3e-6da0-4ab1-88a6-e5262262b977-profile_image-300x300.png"
  },
  "Can't Even": {
    "link": "https://twitch.tv/canteven",
    "logo": "https://static-cdn.jtvnw.net/jtv_user_pictures/14cf9907-01b3-466d-8f01-268105737c9e-profile_image-300x300.png"
  },
  "CavemanDCJ": {
    "link": "https://twitch.tv/cavemandcj",
    "logo": "https://static-cdn.jtvnw.net/jtv_user_pictures/cavemandcj-profile_image-eee5d4bc1451f754-300x300.png"
  },
  "ChrisLBC": {
    "link": "https://www.twitch.tv/ChrisLBC",
    "logo": "https://static-cdn.jtvnw.net/jtv_user_pictures/chrislbc-profile_image-164ec85adf6762cb-300x300.png"
  },
  "Chrixiam98": {
    "link": "https://twitch.tv/Chrixiam98",
    "logo": "https://static-cdn.jtvnw.net/jtv_user_pictures/d076609e-9eda-4ef4-8510-c891d4d9e4c0-profile_image-300x300.png"
  },
  "Chronos_R": {
    "link": "https://twitch.tv/chronosreturns",
    "logo": "https://static-cdn.jtvnw.net/jtv_user_pictures/7ee0a84c-1263-49a2-a39f-7bb7a3357da0-profile_image-300x300.jpg"
  },
  "Chubbus": {
    "link": "https://twitch.tv/chubbus",
    "logo": "https://static-cdn.jtvnw.net/jtv_user_pictures/chubbus-profile_image-4823015eb8488ffe-300x300.png"
  },
  "Claris": {
    "link": "https://twitch.tv/claris",
    "logo": "https://static-cdn.jtvnw.net/jtv_user_pictures/a58d0cff-ff00-4754-b6e1-8c70e597f9d4-profile_image-300x300.png"
  },
  "ColonelFatso": {
    "link": "https://twitch.tv/colonelfatso",
    "logo": "https://static-cdn.jtvnw.net/jtv_user_pictures/d6c9f433ba8f1fe8-profile_image-300x300.png"
  },
  "ConnorAce": {
    "link": "https://twitch.tv/connorace_",
    "logo": "https://static-cdn.jtvnw.net/jtv_user_pictures/connorace_-profile_image-5061a12f2484a6ad-300x300.png"
  },
  "CovertMuffin": {
    "link": "https://twitch.tv/Covert_Muffin",
    "logo": "https://static-cdn.jtvnw.net/jtv_user_pictures/9d3d93784f8faa82-profile_image-300x300.png"
  },
  "CrispyMe": {
    "link": "https://twitch.tv/crispyme",
    "logo": "https://static-cdn.jtvnw.net/jtv_user_pictures/93539802-8a04-444b-bb14-52554e480b79-profile_image-300x300.png"
  },
  "Cuttyflame_": {
    "link": "https://twitch.tv/cuttyflame_",
    "logo": "https://static-cdn.jtvnw.net/jtv_user_pictures/cuttyflame_-profile_image-34642f26fbf437ec-300x300.jpeg"
  },
  "Darkwing Duck": {
    "link": "https://twitch.tv/darkwing_duck_sda",
    "logo": "https://static-cdn.jtvnw.net/jtv_user_pictures/darkwing_duck_sda-profile_image-0e30d11b8785baf0-300x300.jpeg"
  },
  "Dircashede": {
    "link": "https://twitch.tv/dircashede",
    "logo": "https://static-cdn.jtvnw.net/jtv_user_pictures/411c1a868d86597a-profile_image-300x300.png"
  },
  "Distortion2": {
    "link": "https://twitch.tv/distortion2",
    "logo": "https://static-cdn.jtvnw.net/jtv_user_pictures/distortion2-profile_image-bb052bec695cc197-300x300.png"
  },
  "Dode": {
    "link": "https://twitch.tv/dode",
    "logo": "https://static-cdn.jtvnw.net/jtv_user_pictures/8eac7926-846a-46f3-bd15-ac2ba3830503-profile_image-300x300.png"
  },
  "Dospostmann": {
    "link": "https://www.twitch.tv/Dospostmann",
    "logo": "https://static-cdn.jtvnw.net/jtv_user_pictures/29ddf751844049dd-profile_image-300x300.png"
  },
  "Dr4gonBlitz": {
    "link": "https://twitch.tv/dr4gonblitz",
    "logo": "https://static-cdn.jtvnw.net/jtv_user_pictures/d0c62d68-47ee-4c55-934a-141e425b5b21-profile_image-300x300.png"
  },
  "DrunkWario": {
    "link": "https://twitch.tv/drunkwario",
    "logo": "https://static-cdn.jtvnw.net/jtv_user_pictures/drunkwario-profile_image-8708b43133b1c120-300x300.png"
  },
  "ESAM": {
    "link": "https://twitch.tv/pgesam",
    "logo": "https://static-cdn.jtvnw.net/jtv_user_pictures/pgesam-profile_image-386954cf0fe64f91-300x300.png"
  },
  "Elipsis": {
    "link": "https://www.twitch.tv/elipsis",
    "logo": "https://static-cdn.jtvnw.net/jtv_user_pictures/elipsis-profile_image-bf76b28e1e450f79-300x300.png"
  },
  "Eunos": {
    "link": "https://twitch.tv/eunosxx",
    "logo": "https://static-cdn.jtvnw.net/jtv_user_pictures/eunosxx-profile_image-51dabab9561c1e55-300x300.png"
  },
  "FCJ2000": {
    "link": "https://twitch.tv/fcj2000",
    "logo": "https://static-cdn.jtvnw.net/jtv_user_pictures/233d8277-4e51-4a5a-a244-806aaf2c0269-profile_image-300x300.png"
  },
  "GarbitheGlitcheress": {
    "link": "https://twitch.tv/garbitheglitcheress",
    "logo": "https://static-cdn.jtvnw.net/jtv_user_pictures/0083f95e-62f4-43a1-a6ae-5daeecb20ad2-profile_image-300x300.jpg"
  },
  "GeneralAndrews": {
    "link": "https://twitch.tv/generalandrews",
    "logo": "https://static-cdn.jtvnw.net/jtv_user_pictures/generalandrews-profile_image-bc7305ecc40a019f-300x300.png"
  },
  "GlitchCat7": {
    "link": "https://twitch.tv/glitchcat7",
    "logo": "https://static-cdn.jtvnw.net/jtv_user_pictures/glitchcat7-profile_image-419f38c66ce52cdf-300x300.png"
  },
  "Goomba": {
    "link": "https://twitch.tv/goombanl",
    "logo": "https://static-cdn.jtvnw.net/jtv_user_pictures/goombanl-profile_image-b0cb40194d9d9471-300x300.png"
  },
  "Hagginater": {
    "link": "https://twitch.tv/hagginater",
    "logo": "https://static-cdn.jtvnw.net/jtv_user_pictures/4f5649be-9044-4ae5-bc78-9f720fdad0ec-profile_image-300x300.png"
  },
  "HardDrop": {
    "link": "https://twitch.tv/harddrop",
    "logo": "https://static-cdn.jtvnw.net/jtv_user_pictures/faad1e37-fd42-4f4f-8136-f995d1e99d78-profile_image-300x300.png"
  },
  "Hornlitz": {
    "link": "https://twitch.tv/hornlitz",
    "logo": "https://static-cdn.jtvnw.net/jtv_user_pictures/3256b370498be272-profile_image-300x300.jpeg"
  },
  "Iceplug": {
    "link": "https://twitch.tv/iceplug",
    "logo": "https://static-cdn.jtvnw.net/jtv_user_pictures/iceplug-profile_image-ae275b33a8ac7541-300x300.jpeg"
  },
  "Ivan": {
    "link": "https://twitch.tv/ivan",
    "logo": "https://static-cdn.jtvnw.net/jtv_user_pictures/ivan-profile_image-3a7d49b980474bae-300x300.png"
  },
  "JHobz": {
    "link": "https://twitch.tv/jhobz296",
    "logo": "https://static-cdn.jtvnw.net/jtv_user_pictures/c6a09b604f615695-profile_image-300x300.png"
  },
  "JamEvil": {
    "link": "https://twitch.tv/JamEviler",
    "logo": "https://static-cdn.jtvnw.net/jtv_user_pictures/2732c9dd-2038-4f9f-abbb-8646b147e4f1-profile_image-300x300.png"
  },
  "Jcool114": {
    "link": "https://twitch.tv/jcool114",
    "logo": "https://static-cdn.jtvnw.net/jtv_user_pictures/ddc93aa6-440d-4091-8a4d-3d24348387f6-profile_image-300x300.png"
  },
  "JerKro": {
    "link": "https://twitch.tv/JerKro",
    "logo": "https://static-cdn.jtvnw.net/jtv_user_pictures/jerkro-profile_image-99c0b7715db76516-300x300.png"
  },
  "Joester98": {
    "link": "https://twitch.tv/joester98",
    "logo": "https://static-cdn.jtvnw.net/jtv_user_pictures/joester98-profile_image-6adb7018bf83119a-300x300.png"
  },
  "JustinDM": {
    "link": "https://www.twitch.tv/justindm",
    "logo": "https://static-cdn.jtvnw.net/jtv_user_pictures/8caae5220875a55d-profile_image-300x300.png"
  },
  "Keizaron": {
    "link": "https://twitch.tv/keizaron",
    "logo": "https://static-cdn.jtvnw.net/jtv_user_pictures/22850aee-9382-4816-94a1-d79ecc828b31-profile_image-300x300.jpeg"
  },
  "KingDime": {
    "link": "https://twitch.tv/kingdime",
    "logo": "https://static-cdn.jtvnw.net/jtv_user_pictures/kingdime-profile_image-53df2098af16d0ce-300x300.jpeg"
  },
  "KingRhodesTn": {
    "link": "https://twitch.tv/kingrhodestn",
    "logo": "https://static-cdn.jtvnw.net/jtv_user_pictures/kingrhodestn-profile_image-96533129dccda8f2-300x300.jpeg"
  },
  "Kirbymastah": {
    "link": "https://twitch.tv/kirbymastah",
    "logo": "https://static-cdn.jtvnw.net/jtv_user_pictures/kirbymastah-profile_image-7bef33616aa2eee6-300x300.png"
  },
  "Komrade": {
    "link": "https://twitch.tv/komradekontroll",
    "logo": "https://static-cdn.jtvnw.net/jtv_user_pictures/605ec254-d095-4d24-9bad-875fb2a2fc7b-profile_image-300x300.png"
  },
  "Konasumi": {
    "link": "https://twitch.tv/konasumi",
    "logo": "https://static-cdn.jtvnw.net/jtv_user_pictures/4ea9e3c1-7986-4227-ad43-d64dbbd08572-profile_image-300x300.png"
  },
  "Kuumba": {
    "link": "https://twitch.tv/Kuumba_",
    "logo": "https://static-cdn.jtvnw.net/jtv_user_pictures/dae142db-3190-4e59-9756-30b758719b10-profile_image-300x300.png"
  },
  "Kwaniza": {
    "link": "https://twitch.tv/kwaniza",
    "logo": "https://static-cdn.jtvnw.net/jtv_user_pictures/kwaniza-profile_image-88fc4038e74f781e-300x300.png"
  },
  "LaserBelch": {
    "link": "https://twitch.tv/laserbelch",
    "logo": "https://static-cdn.jtvnw.net/jtv_user_pictures/d9a4ca874f08d3ef-profile_image-300x300.jpeg"
  },
  "LifeL1ke": {
    "link": "https://twitch.tv/lifel1ke",
    "logo": "https://static-cdn.jtvnw.net/jtv_user_pictures/f33271eb-dfa5-4781-b9c6-5ad84830487b-profile_image-300x300.png"
  },
  "LivelyRaccoon": {
    "link": "https://twitch.tv/livelyraccoon",
    "logo": "https://static-cdn.jtvnw.net/jtv_user_pictures/livelyraccoon-profile_image-46ed59ffef29619f-300x300.png"
  },
  "LoZCardsfan23": {
    "link": "https://twitch.tv/lozcardsfan23",
    "logo": "https://static-cdn.jtvnw.net/jtv_user_pictures/22c5d3e9f6907c25-profile_image-300x300.png"
  },
  "LylatR": {
    "link": "https://twitch.tv/lylatr",
    "logo": "https://static-cdn.jtvnw.net/jtv_user_pictures/f227e6d50df422be-profile_image-300x300.png"
  },
  "MajinPhil": {
    "link": "https://twitch.tv/majinphil",
    "logo": "https://static-cdn.jtvnw.net/jtv_user_pictures/d770132b-1893-4f84-9818-49f31f04fb3e-profile_image-300x300.png"
  },
  "Marrow": {
    "link": "https://twitch.tv/mrmarowak",
    "logo": "https://static-cdn.jtvnw.net/jtv_user_pictures/baca9e76-d307-4b48-8ecc-3181cf01066d-profile_image-300x300.png"
  },
  "Maxylobes": {
    "link": "https://twitch.tv/maxylobes",
    "logo": "https://static-cdn.jtvnw.net/jtv_user_pictures/bde11788-5f6c-4541-aa25-98fe73621168-profile_image-300x300.jpg"
  },
  "Mecha Richter": {
    "link": "https://twitch.tv/mecharichter",
    "logo": "https://static-cdn.jtvnw.net/jtv_user_pictures/mecharichter-profile_image-d6e2e89c9af845ee-300x300.jpeg"
  },
  "MikeKanis": {
    "link": "https://twitch.tv/mikekanis",
    "logo": "https://static-cdn.jtvnw.net/jtv_user_pictures/3698aef6-b63e-4bad-914c-684b295258fe-profile_image-300x300.png"
  },
  "MrLlamaSC": {
    "link": "https://twitch.tv/mrllamasc",
    "logo": "https://static-cdn.jtvnw.net/jtv_user_pictures/acad9d038d558c8a-profile_image-300x300.png"
  },
  "Mr_Shasta": {
    "link": "https://twitch.tv/mr_shasta",
    "logo": "https://static-cdn.jtvnw.net/jtv_user_pictures/cf28129c-5a31-4a92-917b-7c66ea75efa5-profile_image-300x300.png"
  },
  "Msushi": {
    "link": "https://twitch.tv/msushi100",
    "logo": "https://static-cdn.jtvnw.net/jtv_user_pictures/msushi100-profile_image-ab7ba37a2152166f-300x300.png"
  },
  "Murcaz": {
    "link": "https://twitch.tv/murcaz",
    "logo": "https://static-cdn.jtvnw.net/jtv_user_pictures/c72b1f12-1ea2-4b4f-8cfd-0bc0d59bb499-profile_image-300x300.jpg"
  },
  "NobleTOFU": {
    "link": "https://twitch.tv/nobletofu",
    "logo": "https://static-cdn.jtvnw.net/jtv_user_pictures/2e12bb7b-4dee-420d-8fd3-cac5b06c2296-profile_image-300x300.png"
  },
  "OptimisticEmo": {
    "link": "https://twitch.tv/OptimisticEmo",
    "logo": "https://static-cdn.jtvnw.net/jtv_user_pictures/baa17147-7dcd-406e-82ed-b33e4703384a-profile_image-300x300.png"
  },
  "Ouro": {
    "link": "https://twitch.tv/ouro",
    "logo": "https://static-cdn.jtvnw.net/jtv_user_pictures/9046a102-8af0-402c-9796-a36b82b327d1-profile_image-300x300.png"
  },
  "PJ": {
    "link": "https://twitch.tv/pjdicesare",
    "logo": "https://static-cdn.jtvnw.net/jtv_user_pictures/a137cc9c-5237-44f6-9151-c4e0c494f00f-profile_image-300x300.png"
  },
  "PangaeaPanga": {
    "link": "https://twitch.tv/pangaeapanga",
    "logo": "https://static-cdn.jtvnw.net/jtv_user_pictures/pangaeapanga-profile_image-dfae8789666c2bc2-300x300.png"
  },
  "Pearstrike": {
    "link": "https://twitch.tv/pearstrike",
    "logo": "https://static-cdn.jtvnw.net/jtv_user_pictures/pearstrike-profile_image-5ebce869583759d0-300x300.png"
  },
  "Plumato": {
    "link": "https://twitch.tv/plumato",
    "logo": "https://static-cdn.jtvnw.net/jtv_user_pictures/plumato-profile_image-d8fabaa40009aa7f-300x300.jpeg"
  },
  "ProtoPip": {
    "link": "https://twitch.tv/protopip",
    "logo": "https://static-cdn.jtvnw.net/jtv_user_pictures/0a3fdee7-3ffb-4c91-89c8-3f777aa170b6-profile_image-300x300.png"
  },
  "Punchy": {
    "link": "https://twitch.tv/punchi",
    "logo": "https://static-cdn.jtvnw.net/jtv_user_pictures/33ce0c69-7128-4925-ac23-e69ef88555a6-profile_image-300x300.png"
  },
  "Qttsix": {
    "link": "https://twitch.tv/qttsix",
    "logo": "https://static-cdn.jtvnw.net/jtv_user_pictures/61febc89-e7e7-4158-aa29-d3b62e7dbf7e-profile_image-300x300.png"
  },
  "Raelcun": {
    "link": "https://twitch.tv/raelcun",
    "logo": "https://static-cdn.jtvnw.net/jtv_user_pictures/raelcun-profile_image-01db121f83fb1ddb-300x300.jpeg"
  },
  "RagingCherry": {
    "link": "https://twitch.tv/ragingcherry",
    "logo": "https://static-cdn.jtvnw.net/jtv_user_pictures/ragingcherry-profile_image-c2f2d9f4f616ff1a-300x300.png"
  },
  "RiskyCB": {
    "link": "https://twitch.tv/RiskyCB",
    "logo": "https://static-cdn.jtvnw.net/jtv_user_pictures/riskycb-profile_image-572c4459d2347cf9-300x300.jpeg"
  },
  "Ritz Blues": {
    "link": "https://twitch.tv/ritzblues783",
    "logo": "https://static-cdn.jtvnw.net/jtv_user_pictures/ritzblues783-profile_image-796e105289cb0cc2-300x300.jpeg"
  },
  "RottDawg": {
    "link": "https://twitch.tv/rottdawg",
    "logo": "https://static-cdn.jtvnw.net/jtv_user_pictures/rottdawg-profile_image-52509b92d8cfba8c-300x300.png"
  },
  "Seathorne": {
    "link": "https://www.twitch.tv/Seathorne",
    "logo": "https://static-cdn.jtvnw.net/jtv_user_pictures/seathorne-profile_image-e026beba922c51a0-300x300.png"
  },
  "Shadax": {
    "link": "https://twitch.tv/shadax1",
    "logo": "https://static-cdn.jtvnw.net/jtv_user_pictures/shadax1-profile_image-25195a1e86b884b5-300x300.png"
  },
  "SHiFT": {
    "link": "https://twitch.tv/SHiFT",
    "logo": "https://static-cdn.jtvnw.net/jtv_user_pictures/59368fdd-449a-4ce2-97cd-9b7fb607a8d0-profile_image-300x300.png"
  },
  "Shockwve": {
    "link": "https://twitch.tv/shockwve",
    "logo": "https://static-cdn.jtvnw.net/jtv_user_pictures/shockwve-profile_image-7dce682e6000299b-300x300.jpeg"
  },
  "Silo_Simon": {
    "link": "https://twitch.tv/Silo_Simon",
    "logo": "https://static-cdn.jtvnw.net/jtv_user_pictures/silo_simon-profile_image-e0e7e731b2874d08-300x300.png"
  },
  "SmoothOperative": {
    "link": "https://twitch.tv/smoothoperative",
    "logo": "https://static-cdn.jtvnw.net/jtv_user_pictures/smoothoperative-profile_image-c4a38f5e6c523161-300x300.png"
  },
  "StormCrow56k": {
    "link": "https://twitch.tv/stormcrow56k",
    "logo": "https://static-cdn.jtvnw.net/jtv_user_pictures/fc765ca6-2845-419e-aa54-dc30e33814a3-profile_image-300x300.jpeg"
  },
  "SuperPitFro": {
    "link": "https://twitch.tv/superpitfro",
    "logo": "https://static-cdn.jtvnw.net/jtv_user_pictures/29ff56860dcf3e81-profile_image-300x300.jpeg"
  },
  "SuperViperT302": {
    "link": "https://twitch.tv/SuperViperT302",
    "logo": "https://static-cdn.jtvnw.net/jtv_user_pictures/63ab4711-aa95-4e04-838a-017f78c49366-profile_image-300x300.jpg"
  },
  "TNT": {
    "link": "https://twitch.tv/tnt_",
    "logo": "https://static-cdn.jtvnw.net/jtv_user_pictures/75f42f8b-65c9-40c4-99a7-4de9408c85be-profile_image-300x300.png"
  },
  "Tech Crew": {
    "link": null,
    "logo": null
  },
  "TheFlyingMarlin": {
    "link": "https://twitch.tv/theflyingmarlin",
    "logo": "https://static-cdn.jtvnw.net/jtv_user_pictures/theflyingmarlin-profile_image-7cb94ea54a09e767-300x300.png"
  },
  "TheFuncannon": {
    "link": "https://twitch.tv/thefuncannon",
    "logo": "https://static-cdn.jtvnw.net/jtv_user_pictures/thefuncannon-profile_image-526136625e0f7828-300x300.png"
  },
  "TheLegendofZaheer": {
    "link": "https://twitch.tv/thelegendofzaheer",
    "logo": "https://static-cdn.jtvnw.net/jtv_user_pictures/b4d946d2-ca9f-4396-ac5f-72d9b21bf005-profile_image-300x300.png"
  },
  "Thu Ox": {
    "link": "https://twitch.tv/thu_ox",
    "logo": "https://static-cdn.jtvnw.net/jtv_user_pictures/thu_ox-profile_image-40220c2887e935af-300x300.png"
  },
  "Tohloo": {
    "link": "https://twitch.tv/tohloo",
    "logo": "https://static-cdn.jtvnw.net/jtv_user_pictures/tohloo-profile_image-88fbb13d6fff4c22-300x300.png"
  },
  "Trogdor": {
    "link": "https://twitch.tv/trogdor",
    "logo": "https://static-cdn.jtvnw.net/jtv_user_pictures/trogdor-profile_image-9637bea906c59017-300x300.jpeg"
  },
  "VB__": {
    "link": "https://www.twitch.tv/vb_speedruns",
    "logo": "https://static-cdn.jtvnw.net/jtv_user_pictures/9f0ec6de-89b1-4cbd-8967-a69377d4fa73-profile_image-300x300.png"
  },
  "ViceroyOfMonteCristo": {
    "link": "https://twitch.tv/viceroyofmontecristo",
    "logo": "https://static-cdn.jtvnw.net/jtv_user_pictures/viceroyofmontecristo-profile_image-62b889045e7cb0a2-300x300.png"
  },
  "Vulajin": {
    "link": "https://twitch.tv/vulajin",
    "logo": "https://static-cdn.jtvnw.net/jtv_user_pictures/vulajin-profile_image-68a5b26b920ba1a5-300x300.png"
  },
  "WhatIsCalvin": {
    "link": "https://twitch.tv/whatiscalvin",
    "logo": "https://static-cdn.jtvnw.net/jtv_user_pictures/whatiscalvin-profile_image-7cb11bd058219df7-300x300.png"
  },
  "WinnerBit": {
    "link": "https://twitch.tv/winnerbit",
    "logo": "https://static-cdn.jtvnw.net/jtv_user_pictures/d7f9e53d3c3cd863-profile_image-300x300.png"
  },
  "Wolhaiksong": {
    "link": "https://twitch.tv/wolhaiksong19",
    "logo": "https://static-cdn.jtvnw.net/jtv_user_pictures/7a5bb5fa-a9b4-4905-88ff-dcb83637ace5-profile_image-300x300.jpg"
  },
  "XepiccatX": {
    "link": "https://twitch.tv/XepiccatX",
    "logo": "https://static-cdn.jtvnw.net/jtv_user_pictures/xepiccatx-profile_image-cff380169ced4f10-300x300.jpeg"
  },
  "Zenthrow": {
    "link": "https://twitch.tv/zenthrow",
    "logo": "https://static-cdn.jtvnw.net/jtv_user_pictures/zenthrow-profile_image-eb040a62bbfb131d-300x300.jpeg"
  },
  "Zikubi": {
    "link": "https://twitch.tv/zikubi",
    "logo": "https://static-cdn.jtvnw.net/jtv_user_pictures/af2739c0-04f0-471e-8a92-26d0cb52a846-profile_image-300x300.png"
  },
  "alexh0w": {
    "link": "https://twitch.tv/alexh0w",
    "logo": "https://static-cdn.jtvnw.net/jtv_user_pictures/767ea7626ee15474-profile_image-300x300.png"
  },
  "alkamaass": {
    "link": "https://twitch.tv/alkamaass",
    "logo": "https://static-cdn.jtvnw.net/jtv_user_pictures/13aba7a4-94ba-43c8-9d70-f4b24898c772-profile_image-300x300.png"
  },
  "altabiscuit": {
    "link": "https://twitch.tv/altabiscuit",
    "logo": "https://static-cdn.jtvnw.net/jtv_user_pictures/altabiscuit-profile_image-ee23619e5dc9d638-300x300.png"
  },
  "angrylanks": {
    "link": "https://twitch.tv/angrylanks",
    "logo": "https://static-cdn.jtvnw.net/jtv_user_pictures/5ae385ff0f43069c-profile_image-300x300.png"
  },
  "catalystz": {
    "link": "https://twitch.tv/catalystz",
    "logo": "https://static-cdn.jtvnw.net/jtv_user_pictures/71610b3d-3ab1-4669-bf7f-a33b1feb8c33-profile_image-300x300.png"
  },
  "cestpatou": {
    "link": "https://twitch.tv/cestpatou",
    "logo": "https://static-cdn.jtvnw.net/jtv_user_pictures/cestpatou-profile_image-b629a83d10acea84-300x300.png"
  },
  "chronoon": {
    "link": "https://twitch.tv/chronoon",
    "logo": "https://static-cdn.jtvnw.net/jtv_user_pictures/chronoon-profile_image-8a2a0b1f3351628f-300x300.jpeg"
  },
  "coolkid": {
    "link": "https://www.twitch.tv/coolkid",
    "logo": "https://static-cdn.jtvnw.net/jtv_user_pictures/296c6a7503936b97-profile_image-300x300.png"
  },
  "d4gr0n": {
    "link": "https://twitch.tv/d4gr0n",
    "logo": "https://static-cdn.jtvnw.net/jtv_user_pictures/667b8b95-5a72-4a7f-b60e-c52277e7d682-profile_image-300x300.png"
  },
  "davidtki": {
    "link": "https://twitch.tv/davidtki",
    "logo": "https://static-cdn.jtvnw.net/jtv_user_pictures/e01bdc8a611a8ae7-profile_image-300x300.png"
  },
  "digshake": {
    "link": "https://twitch.tv/digshake",
    "logo": "https://static-cdn.jtvnw.net/jtv_user_pictures/c3567f8f49ff3bb6-profile_image-300x300.png"
  },
  "dowolf": {
    "link": "https://twitch.tv/dowolff",
    "logo": "https://static-cdn.jtvnw.net/jtv_user_pictures/dowolff-profile_image-46485f0c92e43e3a-300x300.jpeg"
  },
  "duck": {
    "link": "https://twitch.tv/duckhiskhan",
    "logo": "https://static-cdn.jtvnw.net/jtv_user_pictures/duckhiskhan-profile_image-9db84c4ea5f3ffa2-300x300.png"
  },
  "dwangoAC": {
    "link": "https://twitch.tv/dwangoac",
    "logo": "https://static-cdn.jtvnw.net/jtv_user_pictures/086a13a0-2dff-4673-bac8-3185076e1243-profile_image-300x300.png"
  },
  "eddaket": {
    "link": "https://twitch.tv/eddaket",
    "logo": "https://static-cdn.jtvnw.net/jtv_user_pictures/122e67bb-8492-480a-b4b2-107bd47f2ec5-profile_image-300x300.png"
  },
  "fastatcc": {
    "link": "https://twitch.tv/fastatcc",
    "logo": "https://static-cdn.jtvnw.net/jtv_user_pictures/fastatcc-profile_image-25ff2a5d51259bb5-300x300.png"
  },
  "fcoughlin": {
    "link": "https://twitch.tv/fcoughlin",
    "logo": "https://static-cdn.jtvnw.net/jtv_user_pictures/fcoughlin-profile_image-581b7af3bbdd0c79-300x300.png"
  },
  "fhnnhf": {
    "link": "https://twitch.tv/fhnnhf",
    "logo": "https://static-cdn.jtvnw.net/jtv_user_pictures/8fd67812-d8d4-49ae-9754-793624b71ca0-profile_image-300x300.jpg"
  },
  "fishmcmuffins": {
    "link": "https://twitch.tv/fishmcmuffins",
    "logo": "https://static-cdn.jtvnw.net/jtv_user_pictures/ca7d25f6-fbec-4211-9e45-37b513ff66dd-profile_image-300x300.png"
  },
  "freeland1787": {
    "link": "https://twitch.tv/freeland1787",
    "logo": "https://static-cdn.jtvnw.net/jtv_user_pictures/b5f69e53-c3d7-4ae3-a232-c899ee31d60c-profile_image-300x300.png"
  },
  "grandpoobear": {
    "link": "https://www.twitch.tv/grandpoobear",
    "logo": "https://static-cdn.jtvnw.net/jtv_user_pictures/56c37ff3af6b29e4-profile_image-300x300.png"
  },
  "illumina1337": {
    "link": "https://twitch.tv/illumina1337",
    "logo": "https://static-cdn.jtvnw.net/jtv_user_pictures/be48209f-fae5-48c7-b3d4-dae7154cd305-profile_image-300x300.png"
  },
  "juzcook": {
    "link": "https://twitch.tv/juzcook",
    "logo": "https://static-cdn.jtvnw.net/jtv_user_pictures/e94e7b0b14560151-profile_image-300x300.jpeg"
  },
  "lattmackey": {
    "link": "https://twitch.tv/lattmackey",
    "logo": "https://static-cdn.jtvnw.net/jtv_user_pictures/2a9f0df2-eb06-4a00-a0b8-68a2850ac735-profile_image-300x300.png"
  },
  "mamgar": {
    "link": "https://twitch.tv/mamgar",
    "logo": "https://static-cdn.jtvnw.net/jtv_user_pictures/mamgar-profile_image-1671ec515ebf3f36-300x300.jpeg"
  },
  "metroidmcfly": {
    "link": "https://twitch.tv/metroidmcfly",
    "logo": "https://static-cdn.jtvnw.net/jtv_user_pictures/c1678436-8d2b-47b3-9ed4-815c673aab0a-profile_image-300x300.png"
  },
  "mistmaster1": {
    "link": "https://twitch.tv/mistmaster1",
    "logo": "https://static-cdn.jtvnw.net/jtv_user_pictures/mistmaster1-profile_image-33f41c83d7b1a4fb-300x300.png"
  },
  "mitchflowerpower": {
    "link": "https://twitch.tv/mitchflowerpower",
    "logo": "https://static-cdn.jtvnw.net/jtv_user_pictures/b2faa1a4854017d6-profile_image-300x300.png"
  },
  "mrmaximus11": {
    "link": "https://twitch.tv/mrmaximus11",
    "logo": "https://static-cdn.jtvnw.net/jtv_user_pictures/mrmaximus11-profile_image-b4b453c334ee1523-300x300.png"
  },
  "ninten866": {
    "link": "https://twitch.tv/ninten866",
    "logo": "https://static-cdn.jtvnw.net/jtv_user_pictures/e1510aaf-16ca-4281-84ca-10e3002f59d5-profile_image-300x300.png"
  },
  "osskari": {
    "link": "https://twitch.tv/osskari",
    "logo": "https://static-cdn.jtvnw.net/jtv_user_pictures/3c9f80a522f172ac-profile_image-300x300.jpeg"
  },
  "puwexil": {
    "link": "https://twitch.tv/puwexil",
    "logo": "https://static-cdn.jtvnw.net/jtv_user_pictures/puwexil-profile_image-0a3da9a0ee3b69b9-300x300.jpeg"
  },
  "quo": {
    "link": "https://twitch.tv/quoooo",
    "logo": "https://static-cdn.jtvnw.net/jtv_user_pictures/quoooo-profile_image-b28225a541314e76-300x300.jpeg"
  },
  "sinister1": {
    "link": "https://twitch.tv/sinisterwon",
    "logo": "https://static-cdn.jtvnw.net/user-default-pictures/b83b1794-7df9-4878-916c-88c2ad2e4f9f-profile_image-300x300.jpg"
  },
  "strizer86": {
    "link": "https://twitch.tv/strizer86",
    "logo": "https://static-cdn.jtvnw.net/jtv_user_pictures/c51b09f51ac16cc4-profile_image-300x300.png"
  },
  "sukimos": {
    "link": "https://twitch.tv/sukimos",
    "logo": "https://static-cdn.jtvnw.net/jtv_user_pictures/sukimos-profile_image-ac168e4f2f2ebbe6-300x300.png"
  },
  "swordsmankirby": {
    "link": "https://twitch.tv/swordsmankirby",
    "logo": "https://static-cdn.jtvnw.net/jtv_user_pictures/swordsmankirby-profile_image-ae62c94c1fa87f2e-300x300.jpeg"
  },
  "tbcr": {
    "link": "https://twitch.tv/tbcr_",
    "logo": "https://static-cdn.jtvnw.net/jtv_user_pictures/e1b136d0-b198-4213-9368-5629dc5c16ac-profile_image-300x300.jpeg"
  },
  "teddyras": {
    "link": "https://twitch.tv/teddyras",
    "logo": "https://static-cdn.jtvnw.net/jtv_user_pictures/69e39c55-1628-4305-951d-6d2f4cdfd87d-profile_image-300x300.png"
  },
  "thebluemania": {
    "link": "https://twitch.tv/thebluemania",
    "logo": "https://static-cdn.jtvnw.net/jtv_user_pictures/f946ce89-1248-4db2-a58c-2b3fb62cd507-profile_image-300x300.png"
  },
  "tinahacks": {
    "link": "https://twitch.tv/tinahacks",
    "logo": "https://static-cdn.jtvnw.net/jtv_user_pictures/400d7c2189f89e59-profile_image-300x300.jpeg"
  },
  "truman": {
    "link": "https://twitch.tv/truman",
    "logo": "https://static-cdn.jtvnw.net/jtv_user_pictures/862c5046-ad0b-4612-9ed7-b29fb55331f3-profile_image-300x300.png"
  },
  "waezone": {
    "link": "https://twitch.tv/waezone",
    "logo": "https://static-cdn.jtvnw.net/jtv_user_pictures/waezone-profile_image-1531aa27ea8c44c9-300x300.png"
  },
  "yelsraek": {
    "link": "https://twitch.tv/yelsraek",
    "logo": "https://static-cdn.jtvnw.net/jtv_user_pictures/95b1d3ca-bd18-4975-a3b7-f0563c99fd07-profile_image-300x300.png"
  },
  "yoshipro": {
    "link": "https://twitch.tv/yp__",
    "logo": "https://static-cdn.jtvnw.net/jtv_user_pictures/8b77855acb0ade46-profile_image-300x300.jpeg"
  },
  "zallard1": {
    "link": "https://twitch.tv/zallard1",
    "logo": "https://static-cdn.jtvnw.net/jtv_user_pictures/zallard1-profile_image-5340d464ea1687fa-300x300.png"
  }
}
