{
  "Pre-Show": {
    "title": "Pre-Show",
    "runner": "SpikeVegeta, Keizaron, YellowKillerBee, Sent, JHobz, Kungfufruitcup",
    "estimate": "0:25:00",
    "category": "Jokes —",
    "link": "https://gamesdonequick.com"
  },
  "Demon's Souls": {
    "title": "Demon's Souls",
    "runner": "BertoPlease",
    "estimate": "1:00:00",
    "category": "Any% — PS3",
    "link": "https://www.speedrun.com/demonssouls#Any"
  },
  "Streets of Rage 4": {
    "title": "Streets of Rage 4",
    "runner": "Mike Uyama",
    "estimate": "1:04:00",
    "category": "Arcade Mania - Blaze — PC",
    "link": "https://www.speedrun.com/streets_of_rage_4#Arcade"
  },
  "Rayman Legends": {
    "title": "Rayman Legends",
    "runner": "DepressingChild",
    "estimate": "1:32:00",
    "category": "Any% — PC",
    "link": "https://www.speedrun.com/rayman_legends#Any"
  },
  "ICO": {
    "title": "ICO",
    "runner": "Beuchi",
    "estimate": "1:12:00",
    "category": "Any% PS2 PAL — PS2",
    "link": "https://www.speedrun.com/ico#PS2_PAL_Any"
  },
  "Shovel Knight: King of Cards": {
    "title": "Shovel Knight: King of Cards",
    "runner": "davidtki",
    "estimate": "0:40:00",
    "category": "Any% — PC",
    "link": "https://www.speedrun.com/shovelknight#Any"
  },
  "Tony Hawk's Pro Skater 2x": {
    "title": "Tony Hawk's Pro Skater 2x",
    "runner": "ThePackle",
    "estimate": "0:35:00",
    "category": "All Goals and Golds (All Career) — PC",
    "link": "https://www.speedrun.com/thps2x#Any"
  },
  "DUSK": {
    "title": "DUSK",
    "runner": "B.G.B.",
    "estimate": "0:20:00",
    "category": "Any% Out of Bounds — PC",
    "link": "https://www.speedrun.com/dusk/full_game#Any"
  },
  "Metal Gear Solid": {
    "title": "Metal Gear Solid",
    "runner": "plywood",
    "estimate": "1:02:00",
    "category": "Any% Extreme — PSTV",
    "link": "https://www.speedrun.com/mgs1"
  },
  "Secret of Mana": {
    "title": "Secret of Mana",
    "runner": "Crow!",
    "estimate": "2:51:00",
    "category": "Any% 1 player 1 controller — SNES",
    "link": "https://www.speedrun.com/som#Any%25_1_Controller"
  },
  "Millennium Racer": {
    "title": "Millennium Racer",
    "runner": "Fireman",
    "estimate": "0:45:00",
    "category": "Amateur Championship — PC",
    "link": "https://www.speedrun.com/millennium_racer#Amateur_Championship"
  },
  "Amnesia: The Dark Descent": {
    "title": "Amnesia: The Dark Descent",
    "runner": "bloodthunder",
    "estimate": "0:35:00",
    "category": "Any% (Quit-Outs Allowed) — PC",
    "link": "https://www.speedrun.com/tdd#Any"
  },
  "Silhouette Mirage": {
    "title": "Silhouette Mirage",
    "runner": "kariohki",
    "estimate": "0:52:00",
    "category": "Any% JP — Saturn",
    "link": "https://www.speedrun.com/silmir#Any_JP"
  },
  "Keio Flying Squadron 2": {
    "title": "Keio Flying Squadron 2",
    "runner": "Mee",
    "estimate": "0:40:00",
    "category": "Beat the Game — Saturn",
    "link": "https://www.speedrun.com/keio_flying_squadron_2#Beat_the_Game"
  },
  "Kirby & The Amazing Mirror": {
    "title": "Kirby & The Amazing Mirror",
    "runner": "swordsmankirby",
    "estimate": "1:15:00",
    "category": "100% — GBA",
    "link": "https://www.speedrun.com/katam#100"
  },
  "Jimmy Neutron vs. Jimmy Negatron": {
    "title": "Jimmy Neutron vs. Jimmy Negatron",
    "runner": "culinwino",
    "estimate": "0:20:00",
    "category": "Any% — PC",
    "link": "https://www.speedrun.com/the_adventures_of_jimmy_neutron_boy_genius_vs._jimmy_negatron#Any"
  },
  "Rabi-Ribi": {
    "title": "Rabi-Ribi",
    "runner": "IIvgmII",
    "estimate": "0:29:00",
    "category": "(Casual) 10 Town Members. — PC",
    "link": "https://www.speedrun.com/rabiribi#10_Town_Members"
  },
  "Adventures of Lolo 2": {
    "title": "Adventures of Lolo 2",
    "runner": "rayeo",
    "estimate": "0:30:00",
    "category": "Any% — NES",
    "link": "https://www.speedrun.com/lolo2#Any%25"
  },
  "Chicken of the Farm": {
    "title": "Chicken of the Farm",
    "runner": "Xarnax42",
    "estimate": "0:14:00",
    "category": "100% — NES",
    "link": "https://www.speedrun.com/chicken_of_the_farm#100"
  },
  "New Ghostbusters II": {
    "title": "New Ghostbusters II",
    "runner": "MadMegaX381",
    "estimate": "0:25:00",
    "category": "Any% — NES",
    "link": "https://www.speedrun.com/newghostbusters2#JP_Any"
  },
  "Gravity Trooper - Metal Storm": {
    "title": "Gravity Trooper - Metal Storm",
    "runner": "MadMegaX381",
    "estimate": "0:15:00",
    "category": "No Wrong Warp — NES",
    "link": "https://www.speedrun.com/metal_storm#No_Wrong_Warp"
  },
  "Micro Mages": {
    "title": "Micro Mages",
    "runner": "WhiteHat94",
    "estimate": "0:22:00",
    "category": "Any% — NES",
    "link": "https://www.speedrun.com/micro_mages#Beat_The_Game"
  },
  "Legacy of the Wizard": {
    "title": "Legacy of the Wizard",
    "runner": "Dragondarch",
    "estimate": "0:35:00",
    "category": "Any% — NES",
    "link": "https://www.speedrun.com/legacy_of_the_wizard#Any"
  },
  "Power Blade": {
    "title": "Power Blade",
    "runner": "NeoKad",
    "estimate": "0:25:00",
    "category": "Any% Normal — NES",
    "link": "https://www.speedrun.com/power_blade#Any_Normal"
  },
  "Kid Icarus": {
    "title": "Kid Icarus",
    "runner": "fruitbatsalad",
    "estimate": "0:26:00",
    "category": "Any% — NES",
    "link": "https://www.speedrun.com/ki#Any"
  },
  "Zelda II: The Adventure of Link": {
    "title": "Zelda II: The Adventure of Link",
    "runner": "EnchantressOfNumbers",
    "estimate": "0:58:00",
    "category": "Reverse Boss Order — NES",
    "link": "https://www.speedrun.com/zelda_ii_the_adventure_of_link#Reverse_Boss_Order"
  },
  "The Elder Scrolls IV: Oblivion": {
    "title": "The Elder Scrolls IV: Oblivion",
    "runner": "sandyX",
    "estimate": "0:40:00",
    "category": "No Out of Bounds — PC",
    "link": "https://www.speedrun.com/oblivion#No_OoB"
  },
  "The Witcher 3: Wild Hunt": {
    "title": "The Witcher 3: Wild Hunt",
    "runner": "Kaadzik",
    "estimate": "2:12:00",
    "category": "Any% Old Patch — PC",
    "link": "https://www.speedrun.com/the_witcher_3_wild_hunt#Main_Story"
  },
  "Batman: Arkham City": {
    "title": "Batman: Arkham City",
    "runner": "ShikenNuggets",
    "estimate": "1:10:00",
    "category": "Any% (Easy) — PC",
    "link": "https://www.speedrun.com/arkhamcity#Any"
  },
  "Valley": {
    "title": "Valley",
    "runner": "TheRedSock",
    "estimate": "0:19:00",
    "category": "Any% — PC",
    "link": "https://www.speedrun.com/valley#Any"
  },
  "Dandara: Trials of Fear": {
    "title": "Dandara: Trials of Fear",
    "runner": "PoleCat",
    "estimate": "0:35:00",
    "category": "Any% — PC",
    "link": "https://www.speedrun.com/dandara#any_Latest_Patch"
  },
  "Portal": {
    "title": "Portal",
    "runner": "Shizzal",
    "estimate": "0:19:00",
    "category": "Glitchless — PC",
    "link": "https://www.speedrun.com/portal#Glitchless"
  },
  "Portal 2": {
    "title": "Portal 2",
    "runner": "AJ_from_portal, betsruner",
    "estimate": "0:36:00",
    "category": "All Main Courses — PC",
    "link": "https://www.speedrun.com/portal_2#Cooperative_Game"
  },
  "The Talos Principle": {
    "title": "The Talos Principle",
    "runner": "Azorae",
    "estimate": "0:53:00",
    "category": "All Sigils — PC",
    "link": "https://www.speedrun.com/talos_principle#All_Sigils"
  },
  "Superliminal": {
    "title": "Superliminal",
    "runner": "Crisper",
    "estimate": "0:20:00",
    "category": "Any% Warpless — PC",
    "link": "https://www.speedrun.com/superliminal#Any_Warpless"
  },
  "Hollow Knight": {
    "title": "Hollow Knight",
    "runner": "Pestilentbox2, fireb0rn",
    "estimate": "0:41:00",
    "category": "Any% No Major Glitches race — PC",
    "link": "https://www.speedrun.com/hollowknight#Any"
  },
  "Bonus Game 1 - Ori and the Will of the Wisps": {
    "title": "Bonus Game 1 - Ori and the Will of the Wisps",
    "runner": "sickynar",
    "estimate": "0:40:00",
    "category": "Any% Easy, No Out of Bounds — PC",
    "link": "https://www.speedrun.com/ori_wotw#Any"
  },
  "Gunvolt Chronicles: Luminous Avenger iX": {
    "title": "Gunvolt Chronicles: Luminous Avenger iX",
    "runner": "Benja",
    "estimate": "0:38:00",
    "category": "Any% — PC",
    "link": "https://www.speedrun.com/laix#Beat_the_game"
  },
  "Yono and the Celestial Elephants": {
    "title": "Yono and the Celestial Elephants",
    "runner": "Bullets",
    "estimate": "0:20:00",
    "category": "No Major Skips — PC",
    "link": "https://www.speedrun.com/yono#No_Major_Skips"
  },
  "Alien: Isolation": {
    "title": "Alien: Isolation",
    "runner": "Drayux",
    "estimate": "3:00:00",
    "category": "All Missions, Nightmare, No CC — PC",
    "link": "https://www.speedrun.com/ai#All_Missions"
  },
  "Silent Hill: Homecoming": {
    "title": "Silent Hill: Homecoming",
    "runner": "shmumbler",
    "estimate": "1:00:00",
    "category": "All Bosses NG+ — Xbox One",
    "link": "https://www.speedrun.com/shh#All_Bosses_NG%2B1"
  },
  "Alone in the Dark": {
    "title": "Alone in the Dark",
    "runner": "PlasticRainbow",
    "estimate": "0:12:00",
    "category": "Any% — DOS",
    "link": "https://www.speedrun.com/aitd1#Any_With_glitches"
  },
  "Quest 64": {
    "title": "Quest 64",
    "runner": "Bingchang",
    "estimate": "2:05:00",
    "category": "US Any% — N64",
    "link": "https://www.speedrun.com/quest64#Any_US"
  },
  "The Lion King": {
    "title": "The Lion King",
    "runner": "eight",
    "estimate": "0:17:00",
    "category": "Any% Normal — Genesis",
    "link": "https://www.speedrun.com/the_lion_king_genesismegadrive#Normal_Any"
  },
  "Castle of Illusion Starring Mickey Mouse": {
    "title": "Castle of Illusion Starring Mickey Mouse",
    "runner": "Paulsaltine",
    "estimate": "0:22:00",
    "category": "Any% Normal — Genesis",
    "link": "https://www.speedrun.com/castle_of_illusion_genesis"
  },
  "Pulseman": {
    "title": "Pulseman",
    "runner": "d4gr0n",
    "estimate": "0:45:00",
    "category": "Glitchless — Genesis",
    "link": "https://www.speedrun.com/pulseman#Glitchless"
  },
  "Super Turrican": {
    "title": "Super Turrican",
    "runner": "d4gr0n",
    "estimate": "0:15:00",
    "category": "Hard — SNES",
    "link": "https://www.speedrun.com/superturrican#Any"
  },
  "Donkey Kong Country 2": {
    "title": "Donkey Kong Country 2",
    "runner": "Tonkotsu",
    "estimate": "0:55:00",
    "category": "Warpless — SNES",
    "link": "https://www.speedrun.com/dkc2#Warpless"
  },
  "Demon's Crest": {
    "title": "Demon's Crest",
    "runner": "Z4T0X",
    "estimate": "0:50:00",
    "category": "100% — SNES",
    "link": "https://www.speedrun.com/demons_crest#100"
  },
  "Castlevania II: Belmont's Revenge": {
    "title": "Castlevania II: Belmont's Revenge",
    "runner": "Tinnue",
    "estimate": "0:34:00",
    "category": "Any% — GB",
    "link": "https://www.speedrun.com/cvbr#Any_NTSCPAL"
  },
  "Bloodstained: Curse of the Moon": {
    "title": "Bloodstained: Curse of the Moon",
    "runner": "Starwin",
    "estimate": "0:45:00",
    "category": "Low% — PC",
    "link": "https://www.speedrun.com/bscotm#Low"
  },
  "Bloodstained: Ritual of the Night": {
    "title": "Bloodstained: Ritual of the Night",
    "runner": "The Blacktastic",
    "estimate": "0:25:00",
    "category": "Zangetsu Any% (NMG) — PC",
    "link": "https://www.speedrun.com/bsrotn#Zangetsu_Any"
  },
  "Jet Set Radio": {
    "title": "Jet Set Radio",
    "runner": "kitcarsonn",
    "estimate": "0:40:00",
    "category": "Any% — PC",
    "link": "https://www.speedrun.com/jsr#Any"
  },
  "Disney's Extreme Skate Adventure": {
    "title": "Disney's Extreme Skate Adventure",
    "runner": "Helix",
    "estimate": "0:23:00",
    "category": "Any% — Gamecube",
    "link": "https://www.speedrun.com/desa#Any"
  },
  "Tony Hawk's Underground": {
    "title": "Tony Hawk's Underground",
    "runner": "Biglaw",
    "estimate": "0:37:00",
    "category": "Any% Beginner — PC",
    "link": "https://www.speedrun.com/thug1#Any"
  },
  "Trackmania Nations Forever": {
    "title": "Trackmania Nations Forever",
    "runner": "Wirtual",
    "estimate": "1:15:00",
    "category": "All Tracks (No E05) — PC",
    "link": "https://www.speedrun.com/tmnf#All_Flags_No_E05"
  },
  "The Legend of Zelda: Twilight Princess HD": {
    "title": "The Legend of Zelda: Twilight Princess HD",
    "runner": "gymnast86",
    "estimate": "3:30:00",
    "category": "Any% — Wii U",
    "link": "https://www.speedrun.com/tphd#Any"
  },
  "Bonus Game 2 - Mario Kart 8 Deluxe": {
    "title": "Bonus Game 2 - Mario Kart 8 Deluxe",
    "runner": "Amber, jacob, Pianist15",
    "estimate": "1:29:00",
    "category": "48 Tracks Relay — Nintendo Switch",
    "link": "https://www.speedrun.com/mk8dx#48_Tracks"
  },
  "Splatoon": {
    "title": "Splatoon",
    "runner": "Kingj0444",
    "estimate": "1:05:00",
    "category": "NG+ — Wii U",
    "link": "https://www.speedrun.com/splatoon1#NG%2B"
  },
  "Ratchet & Clank: Up Your Arsenal": {
    "title": "Ratchet & Clank: Up Your Arsenal",
    "runner": "Xem",
    "estimate": "0:34:00",
    "category": "NG+ No Quit Exploit — PS3",
    "link": "https://www.speedrun.com/rac3#NG_No_QE"
  },
  "DeadCore": {
    "title": "DeadCore",
    "runner": "imawakka",
    "estimate": "0:40:00",
    "category": "No Major Glitches: Speedrun% — PC",
    "link": "https://www.speedrun.com/deadcore#No_Major_Glitches"
  },
  "Darksiders Genesis": {
    "title": "Darksiders Genesis",
    "runner": "Sunnymuffin",
    "estimate": "0:59:00",
    "category": "Any% — PC",
    "link": "https://www.speedrun.com/darksiders_genesis#Any_PC"
  },
  "BioShock Infinite": {
    "title": "BioShock Infinite",
    "runner": "bloodthunder",
    "estimate": "2:00:00",
    "category": "Any% (HRH-Mod) — PC",
    "link": "https://www.speedrun.com/bsi#Any_HRH_Mod"
  },
  "Gunman Clive": {
    "title": "Gunman Clive",
    "runner": "FCRacer",
    "estimate": "0:23:00",
    "category": "Clive - Easy — PC",
    "link": "https://www.speedrun.com/gunmc#PC"
  },
  "EAT GIRL": {
    "title": "EAT GIRL",
    "runner": "touhoe",
    "estimate": "0:12:00",
    "category": "Any% — PC",
    "link": "https://www.speedrun.com/eat_girl#Any"
  },
  "Dogurai": {
    "title": "Dogurai",
    "runner": "FelinoAlbino",
    "estimate": "0:30:00",
    "category": "Bones - Any% — PC",
    "link": "https://www.speedrun.com/dogurai#Beat_the_Game_bad_ending"
  },
  "Kemono Heroes": {
    "title": "Kemono Heroes",
    "runner": "GreenZSaber",
    "estimate": "0:42:00",
    "category": "Beat the Game (Normal Difficulty) — Switch",
    "link": "https://www.speedrun.com/kemono_heroes#Beat_the_Game_-_Normal"
  },
  "Kousoku Kaitenzushi": {
    "title": "Kousoku Kaitenzushi",
    "runner": "Cisco147",
    "estimate": "0:07:00",
    "category": "All Stages — PC",
    "link": "https://www.speedrun.com/kousoku_kaitenzushi#All_Stages"
  },
  "Metal Gear: Ghost Babel": {
    "title": "Metal Gear: Ghost Babel",
    "runner": "plywood",
    "estimate": "1:24:00",
    "category": "Very Hard — GBC",
    "link": "https://www.speedrun.com/mggb#Very_Hard"
  },
  "Neon Boost": {
    "title": "Neon Boost",
    "runner": "kykystas",
    "estimate": "0:18:00",
    "category": "Any%- Lights on, 1.2 — PC",
    "link": "https://www.speedrun.com/neonboost#Full_game_Any"
  },
  "One Step From Eden": {
    "title": "One Step From Eden",
    "runner": "Risch",
    "estimate": "0:19:00",
    "category": "Neutral Selicy Seedless Normal — PC",
    "link": "https://www.speedrun.com/one_step_from_eden#Neutral"
  },
  "Virtual Boy Wario Land": {
    "title": "Virtual Boy Wario Land",
    "runner": "swordsmankirby",
    "estimate": "0:27:00",
    "category": "Any% — VB",
    "link": "https://www.speedrun.com/vbwl#Any%25"
  },
  "Mario & Luigi: Paper Jam": {
    "title": "Mario & Luigi: Paper Jam",
    "runner": "GigaDB",
    "estimate": "1:00:00",
    "category": "Any% — 3DS",
    "link": "https://www.speedrun.com/mlpj#Any1"
  },
  "The Legend of Zelda: Link's Awakening": {
    "title": "The Legend of Zelda: Link's Awakening",
    "runner": "mghtymth",
    "estimate": "0:55:00",
    "category": "Warpless — GB",
    "link": "https://www.speedrun.com/la#Warpless"
  },
  "The Last of Us": {
    "title": "The Last of Us",
    "runner": "AnthonyCaliber",
    "estimate": "3:00:00",
    "category": "Grounded mode, Glitchless, New Game — PS4",
    "link": "https://www.speedrun.com/tlou#Grounded_Glitchless"
  },
  "Freedom Planet": {
    "title": "Freedom Planet",
    "runner": "Revolucion",
    "estimate": "0:50:00",
    "category": "Carol Any% (Classic Mode) — PC",
    "link": "https://www.speedrun.com/fp#Carol"
  },
  "Sonic the Hedgehog": {
    "title": "Sonic the Hedgehog",
    "runner": "t0uchan",
    "estimate": "0:25:00",
    "category": "Beat The Game Glitchless — Genesis",
    "link": "https://www.speedrun.com/s1#Beat_The_Game"
  },
  "Sonic the Hedgehog 2": {
    "title": "Sonic the Hedgehog 2",
    "runner": "Joeybaby69",
    "estimate": "0:30:00",
    "category": "Sonic - Beat the game — Genesis",
    "link": "https://www.speedrun.com/s2#Sonic"
  },
  "Sonic 3 & Knuckles": {
    "title": "Sonic 3 & Knuckles",
    "runner": "TheSoundDefense",
    "estimate": "1:10:00",
    "category": "All Emeralds (Sonic) — Genesis",
    "link": "https://www.speedrun.com/s3k#Sonic"
  },
  "Sonic Heroes": {
    "title": "Sonic Heroes",
    "runner": "CriticalCyd",
    "estimate": "1:00:00",
    "category": "Team Sonic vs Team Chaotix — Wii",
    "link": "https://www.speedrun.com/sonicheroes"
  },
  "Bonus Game 3 - Resident Evil 3: Remake (2020)": {
    "title": "Bonus Game 3 - Resident Evil 3: Remake (2020)",
    "runner": "MikeWave",
    "estimate": "0:58:00",
    "category": "New Game Standard — PC",
    "link": "https://www.speedrun.com/re3r#Any_PC"
  },
  "Devil May Cry 4: Special Edition": {
    "title": "Devil May Cry 4: Special Edition",
    "runner": "Mekarazium",
    "estimate": "1:30:00",
    "category": "NG Nero/Dante Devil Hunter — PC",
    "link": "https://www.speedrun.com/dmc4se#NG_PC"
  },
  "Pacify": {
    "title": "Pacify",
    "runner": "Metro72, YourAverageWhiteChick",
    "estimate": "0:10:00",
    "category": "2 Player 100% — PC",
    "link": "https://www.speedrun.com/pacify"
  },
  "Night Trap": {
    "title": "Night Trap",
    "runner": "Ecdycis",
    "estimate": "0:37:00",
    "category": "Best Ending — PS4",
    "link": "https://www.speedrun.com/night_trap#Best_Ending"
  },
  "Pringles: The Video Game": {
    "title": "Pringles: The Video Game",
    "runner": "SecksWrecks",
    "estimate": "0:05:00",
    "category": "All As — Genesis",
    "link": "https://www.speedrun.com/pringles#All_As"
  },
  "Hypnospace Outlaw": {
    "title": "Hypnospace Outlaw",
    "runner": "Lizstar",
    "estimate": "0:20:00",
    "category": "Any% (All Cases) — PC",
    "link": "https://www.speedrun.com/hypnospace_outlaw#Any_All_Cases"
  },
  "Saint Hazel's Horsepital": {
    "title": "Saint Hazel's Horsepital",
    "runner": "Bullets",
    "estimate": "0:25:00",
    "category": "Any% — PC",
    "link": "https://www.speedrun.com/horsepital#Any"
  },
  "Ribbit King": {
    "title": "Ribbit King",
    "runner": "Dakitteh",
    "estimate": "0:23:00",
    "category": "All Courses — Wii",
    "link": "https://www.speedrun.com/ribbit_king#All_Courses_GC"
  },
  "Streets of Fury EX": {
    "title": "Streets of Fury EX",
    "runner": "SCXCR",
    "estimate": "0:27:00",
    "category": "Any% - Ruby Diamonds — PC",
    "link": "https://www.speedrun.com/streets_of_fury_ex#Any_-_Ruby_Diamonds"
  },
  "Rocko's Quest": {
    "title": "Rocko's Quest",
    "runner": "NoseJones",
    "estimate": "0:20:00",
    "category": "Any% — PC",
    "link": "https://www.speedrun.com/rockos_quest#Any"
  },
  "Homey D. Clown": {
    "title": "Homey D. Clown",
    "runner": "corndan",
    "estimate": "0:12:00",
    "category": "Any% — DOS",
    "link": "https://www.speedrun.com/homey_d_clown#any"
  },
  "Little Big Adventure 2": {
    "title": "Little Big Adventure 2",
    "runner": "janglestorm",
    "estimate": "0:34:00",
    "category": "Any% — PC",
    "link": "https://www.speedrun.com/lba2#Any"
  },
  "ALF": {
    "title": "ALF",
    "runner": "Starbird",
    "estimate": "0:13:00",
    "category": "Any% — SMS",
    "link": "https://www.speedrun.com/alf#Any"
  },
  "El Matador": {
    "title": "El Matador",
    "runner": "catalystz",
    "estimate": "0:25:00",
    "category": "Any% — PC",
    "link": "https://www.speedrun.com/el_matador#Any"
  },
  "Asghan: The Dragon Slayer": {
    "title": "Asghan: The Dragon Slayer",
    "runner": "havrd",
    "estimate": "0:44:00",
    "category": "Any% — PC",
    "link": "https://www.speedrun.com/asghan#Any"
  },
  "Baldur's Gate: Enhanced Edition": {
    "title": "Baldur's Gate: Enhanced Edition",
    "runner": "SeriouslySurly",
    "estimate": "0:38:00",
    "category": "Legacy of Bhaal% (current patch) — PC",
    "link": "https://www.speedrun.com/baldurs_gate_enhanced_edition#Legacy_of_Bhaal_current_patch"
  },
  "The Simpsons Arcade Game": {
    "title": "The Simpsons Arcade Game",
    "runner": "LRock617",
    "estimate": "0:25:00",
    "category": "Any% Normal (JP) — PS3",
    "link": "https://www.speedrun.com/the_simpsons_arcade_game#Any_Normal"
  },
  "Billy Hatcher and the Giant Egg": {
    "title": "Billy Hatcher and the Giant Egg",
    "runner": "Kyrrone",
    "estimate": "1:15:00",
    "category": "Any% — Gamecube",
    "link": "https://www.speedrun.com/bh#Any"
  },
  "DOOM 64 (2020)": {
    "title": "DOOM 64 (2020)",
    "runner": "ZELLLOOO",
    "estimate": "0:40:00",
    "category": "Be Gentle Speed — PC",
    "link": "https://www.speedrun.com/doom_64_2020#Doom_64"
  },
  "DOOM 64 (2020) - Lost Levels": {
    "title": "DOOM 64 (2020) - Lost Levels",
    "runner": "ZELLLOOO",
    "estimate": "0:16:00",
    "category": "Be Gentle Speed — PC",
    "link": "https://www.speedrun.com/doom_64_2020#The_Lost_Levels"
  },
  "Star Wars: Jedi Knight - Dark Forces II": {
    "title": "Star Wars: Jedi Knight - Dark Forces II",
    "runner": "Alnak",
    "estimate": "0:32:00",
    "category": "Any% — PC",
    "link": "https://www.speedrun.com/jkdf2#Any"
  },
  "Blood": {
    "title": "Blood",
    "runner": "Psych0sis",
    "estimate": "0:33:00",
    "category": "Any% One Unit Whole (No Episode Warp) — PC",
    "link": "https://www.speedrun.com/blood#Any_No_Episode_Warp_Easy"
  },
  "Doom 3": {
    "title": "Doom 3",
    "runner": "ripchip_",
    "estimate": "1:10:00",
    "category": "Any% — PC",
    "link": "https://www.speedrun.com/doom3#Any"
  },
  "Warframe": {
    "title": "Warframe",
    "runner": "KrusKader",
    "estimate": "0:23:00",
    "category": "Boss showcase — PC",
    "link": "https://www.speedrun.com/wf"
  },
  "Mega Man 9": {
    "title": "Mega Man 9",
    "runner": "Slurpeeninja, HJA",
    "estimate": "0:40:00",
    "category": "Any% Race — Wii",
    "link": "http://megamanleaderboards.net/index.php?game=9"
  },
  "Yakuza Kiwami 2": {
    "title": "Yakuza Kiwami 2",
    "runner": "Froob",
    "estimate": "2:10:00",
    "category": "Any% — PC",
    "link": "https://www.speedrun.com/yakuza_kiwami_2#Any"
  },
  "The Legend of Zelda: Ocarina of Time": {
    "title": "The Legend of Zelda: Ocarina of Time",
    "runner": "Raikaru, WoodenBarrel",
    "estimate": "3:00:00",
    "category": "Randomizer Co-op — N64",
    "link": "https://www.speedrun.com/oot"
  },
  "Bonus Game 4 - Half-Life: Alyx": {
    "title": "Bonus Game 4 - Half-Life: Alyx",
    "runner": "Buffet Time",
    "estimate": "0:40:00",
    "category": "Any% No Spin — PC",
    "link": "https://www.speedrun.com/hla#Any_No_Spin"
  },
  "DOOM Eternal": {
    "title": "DOOM Eternal",
    "runner": "BloodShot9001",
    "estimate": "2:00:00",
    "category": "Any% No Major Glitches (Nightmare Difficulty) — PC",
    "link": "https://www.speedrun.com/doom_eternal#No_Major_Glitches"
  },
  "Call of Duty: Modern Warfare 2": {
    "title": "Call of Duty: Modern Warfare 2",
    "runner": "Klooger",
    "estimate": "1:35:00",
    "category": "Any% — PC",
    "link": "https://www.speedrun.com/mw2#Any"
  },
  "We Happy Few": {
    "title": "We Happy Few",
    "runner": "DemonicRobots",
    "estimate": "0:30:00",
    "category": "We All Fall Down — PC",
    "link": "https://www.speedrun.com/we_happy_few#DLC"
  },
  "Miami Vice": {
    "title": "Miami Vice",
    "runner": "KZ_FREW",
    "estimate": "0:25:00",
    "category": "Any% — PC",
    "link": "https://www.speedrun.com/miami_vice_2004#Any"
  },
  "Valdis Story: Abyssal City": {
    "title": "Valdis Story: Abyssal City",
    "runner": "RiskyCB",
    "estimate": "0:34:00",
    "category": "Any% — PC",
    "link": "https://www.speedrun.com/valdis_story_abyssal_city#Any"
  },
  "Star Wars: Knights of the Old Republic": {
    "title": "Star Wars: Knights of the Old Republic",
    "runner": "ChaosDrifter",
    "estimate": "0:51:00",
    "category": "Any% — PC",
    "link": "https://www.speedrun.com/kotor1#Any"
  },
  "Elevator Action Returns": {
    "title": "Elevator Action Returns",
    "runner": "The Opponent",
    "estimate": "0:18:00",
    "category": "1CC — Saturn",
    "link": "https://www.speedrun.com/elevator_action_returns#Edie"
  },
  "Terminator: SkyNET": {
    "title": "Terminator: SkyNET",
    "runner": "tbcr",
    "estimate": "0:18:00",
    "category": "Any% — DOS",
    "link": "https://www.speedrun.com/skynet#Any"
  },
  "Hello Neighbor": {
    "title": "Hello Neighbor",
    "runner": "smythe",
    "estimate": "0:14:00",
    "category": "PC Any% — PC",
    "link": "https://www.speedrun.com/helloneighbor#PC"
  },
  "Quest for Glory I: So You Want To Be A Hero": {
    "title": "Quest for Glory I: So You Want To Be A Hero",
    "runner": "davidtki",
    "estimate": "0:30:00",
    "category": "100% Route Bid War — PC",
    "link": "https://www.speedrun.com/quest_for_glory_so_you_want_to_be_a_hero_vga"
  },
  "Contra ReBirth": {
    "title": "Contra ReBirth",
    "runner": "WhiteHat94",
    "estimate": "0:17:00",
    "category": "Normal — Wii",
    "link": "https://www.speedrun.com/contra_rebirth#Normal_Any"
  },
  "Puzzle Bobble 2": {
    "title": "Puzzle Bobble 2",
    "runner": "poshi",
    "estimate": "0:16:00",
    "category": "Puzzle — Switch",
    "link": "https://www.speedrun.com/puzzle_bobble_2_arcade#Puzzle"
  },
  "A Short Hike": {
    "title": "A Short Hike",
    "runner": "warm_ham",
    "estimate": "0:10:00",
    "category": "All Gold Feathers (No S+Q) — PC",
    "link": "https://www.speedrun.com/ash#All_Gold_Feathers"
  },
  "Baba Is You": {
    "title": "Baba Is You",
    "runner": "Punchy",
    "estimate": "0:27:00",
    "category": "True Ending — PC",
    "link": "https://www.speedrun.com/baba#True_Ending"
  },
  "Sly Cooper and the Thievius Raccoonus": {
    "title": "Sly Cooper and the Thievius Raccoonus",
    "runner": "Zenthrow",
    "estimate": "0:42:00",
    "category": "Any% — PS2",
    "link": "https://www.speedrun.com/sly1#Any"
  },
  "Kingdom Hearts II Final Mix": {
    "title": "Kingdom Hearts II Final Mix",
    "runner": "CrispyMe",
    "estimate": "0:30:00",
    "category": "Lvl 1 Data Organization RTA — PS4",
    "link": "https://www.speedrun.com/kh2fm"
  },
  "Super Hark Bros": {
    "title": "Super Hark Bros",
    "runner": "UghRochester, SuperBen, papanug",
    "estimate": "0:25:00",
    "category": "100% Race — SNES",
    "link": "https://www.speedrun.com/superharkbros#100"
  },
  "Mario vs. Donkey Kong": {
    "title": "Mario vs. Donkey Kong",
    "runner": "ViolinGamer",
    "estimate": "1:20:00",
    "category": "Any%+ — Wii U VC",
    "link": "https://www.speedrun.com/mvsdk#Any1"
  },
  "Super Monkey Ball 2": {
    "title": "Super Monkey Ball 2",
    "runner": "PetresInc",
    "estimate": "0:38:00",
    "category": "Story Mode All Levels — Wii",
    "link": "https://www.speedrun.com/supermonkeyball2#Story_Mode"
  },
  "Super Mario Bros.": {
    "title": "Super Mario Bros.",
    "runner": "SuperSonic71087, Kosmic, GTAce99",
    "estimate": "0:23:00",
    "category": "Warpless Race — NES",
    "link": "https://www.speedrun.com/smb1#Warpless"
  },
  "Super Mario Bros.: The Lost Levels": {
    "title": "Super Mario Bros.: The Lost Levels",
    "runner": "SuperSonic71087, Kosmic, Picante, GTAce99",
    "estimate": "0:45:00",
    "category": "Warpless D-4 (Mario) — SNES",
    "link": "https://www.speedrun.com/smbtll#Warpless_D-4"
  },
  "Horizon Zero Dawn": {
    "title": "Horizon Zero Dawn",
    "runner": "Elkjaer",
    "estimate": "0:55:00",
    "category": "TFW NG+ Ultra Hard — PS4",
    "link": "https://www.speedrun.com/hzd#The_Frozen_Wilds_NG"
  },
  "Metroid Fusion": {
    "title": "Metroid Fusion",
    "runner": "HerculesBenchpress, CScottyW",
    "estimate": "1:45:00",
    "category": "1% hard race — GBA",
    "link": "https://www.speedrun.com/fusion#1"
  },
  "The Legend of Zelda: Breath of the Wild": {
    "title": "The Legend of Zelda: Breath of the Wild",
    "runner": "Limcube",
    "estimate": "1:40:00",
    "category": "All Dog Treasures — Switch",
    "link": "https://www.speedrun.com/botw-extension#All_Dog_Treasures"
  },
  "Pokémon FireRed/LeafGreen": {
    "title": "Pokémon FireRed/LeafGreen",
    "runner": "JP_Xinnam, PulseEffect",
    "estimate": "2:20:00",
    "category": "Any% Glitchless Race — GBA",
    "link": "https://www.speedrun.com/pkmnfrlg"
  },
  "Crypt of the NecroDancer: AMPLIFIED": {
    "title": "Crypt of the NecroDancer: AMPLIFIED",
    "runner": "SpootyBiscuit",
    "estimate": "0:20:00",
    "category": "Coda All Zones — PC",
    "link": "https://www.speedrun.com/crypt_of_the_necrodancer"
  },
  "Bonus Game 5 - Pump It Up!": {
    "title": "Bonus Game 5 - Pump It Up!",
    "runner": "happyf33tz",
    "estimate": "1:00:00",
    "category": "Showcase — Arcade Cabinet (PIU LX Model)",
    "link": ""
  },
  "Final Fantasy VII Remake": {
    "title": "Final Fantasy VII Remake",
    "runner": "Boring_Borin",
    "estimate": "7:20:00",
    "category": "Any% Normal — PS4",
    "link": "https://www.speedrun.com/ff7r#Any"
  },
  "Touhou 09.5 - Shoot the Bullet": {
    "title": "Touhou 09.5 - Shoot the Bullet",
    "runner": "pingval",
    "estimate": "1:01:00",
    "category": "All Scenes — PC",
    "link": "https://www.speedrun.com/touhou_bunkachou_shoot_the_bullet_touhou_9.5#All_Scenes1"
  },
  "Ketsui: Kizuna Jigoku Tachi": {
    "title": "Ketsui: Kizuna Jigoku Tachi",
    "runner": "Moglar5k",
    "estimate": "0:50:00",
    "category": "2 Loop (Ura) — PS4",
    "link": "https://www.speedrun.com/ketsui_kizuna_jigoku_tachi#2ALL"
  },
  "DoDonPachi Saidaioujou": {
    "title": "DoDonPachi Saidaioujou",
    "runner": "kayar*",
    "estimate": "0:35:00",
    "category": "High Score Showcase — Xbox 360",
    "link": ""
  },
  "Super Metroid": {
    "title": "Super Metroid",
    "runner": "ShinyZeni",
    "estimate": "1:20:00",
    "category": "100% — SNES",
    "link": "https://www.speedrun.com/supermetroid#100"
  },
  "Grand Theft Auto: Vice City": {
    "title": "Grand Theft Auto: Vice City",
    "runner": "KZ_FREW",
    "estimate": "2:28:00",
    "category": "All Missions — PC",
    "link": "https://www.speedrun.com/gtavc#All_Missions"
  },
  "Super Smash Bros. 64": {
    "title": "Super Smash Bros. 64",
    "runner": "Bubzia",
    "estimate": "0:12:00",
    "category": "Break the Target, All Characters Blindfolded — N64",
    "link": "https://www.speedrun.com/ssb64"
  },
  "TASBot plays Super Mario 64 Shindou": {
    "title": "TASBot plays Super Mario 64 Shindou",
    "runner": "dwangoAC, TASBot, taters",
    "estimate": "0:15:00",
    "category": "Any% BLJless by MKDasher, dar gos, Snark, & more — N64",
    "link": ""
  },
  "Super Mario Odyssey": {
    "title": "Super Mario Odyssey",
    "runner": "Dangers",
    "estimate": "1:17:00",
    "category": "World Peace — Switch",
    "link": "https://www.speedrun.com/smo#World_Peace"
  },
  "Bloodborne": {
    "title": "Bloodborne",
    "runner": "Ahady",
    "estimate": "1:30:00",
    "category": "All Bosses — PS4",
    "link": "https://www.speedrun.com/bloodborne#All_Bosses"
  },
  "Bonus Game 6 - Minecraft": {
    "title": "Bonus Game 6 - Minecraft",
    "runner": "Illumina",
    "estimate": "1:05:00",
    "category": "Any% Random Seed Glitchless (1.7) — PC",
    "link": "https://www.speedrun.com/mc#Any_Glitchless"
  },
  "Pokémon Shield": {
    "title": "Pokémon Shield",
    "runner": "eddaket",
    "estimate": "5:25:00",
    "category": "Any% (Shield) — Switch",
    "link": "https://www.speedrun.com/pkmnswordshield#Any"
  },
  "Finale": {
    "title": "Finale",
    "runner": "Tech Crew",
    "estimate": "0:10:00",
    "category": "The End —",
    "link": "https://gamesdonequick.com"
  }
}
