{
  "Preshow": {
    "title": "Preshow",
    "runner": "",
    "estimate": "0:30:00",
    "category": "The Best —",
    "link": "http://www.gamesdonequick.com"
  },
  "Hollow Knight": {
    "title": "Hollow Knight",
    "runner": "Vysuals",
    "estimate": "1:35:00",
    "category": "True Ending No Major Glitches — PC",
    "link": "https://www.speedrun.com/hollowknight#True_Ending"
  },
  "Kirby & The Amazing Mirror": {
    "title": "Kirby & The Amazing Mirror",
    "runner": "swordsmankirby",
    "estimate": "0:32:00",
    "category": "any% — GBA",
    "link": "https://www.speedrun.com/katam"
  },
  "Donkey Kong Country": {
    "title": "Donkey Kong Country",
    "runner": "V0oid, stew_",
    "estimate": "0:37:00",
    "category": "Any% All Stages — SNES",
    "link": "https://dkcspeedruns.com/Leaderboards"
  },
  "Mario Kart DS": {
    "title": "Mario Kart DS",
    "runner": "Keverage",
    "estimate": "1:05:00",
    "category": "32 Tracks — DS",
    "link": "https://www.speedrun.com/mkds#32_Tracks"
  },
  "Serious Sam Classic: The First Encounter": {
    "title": "Serious Sam Classic: The First Encounter",
    "runner": "mr.deagle, The Master",
    "estimate": "0:33:00",
    "category": "Any% Co-op — PC",
    "link": "https://www.speedrun.com/sstfe#Any"
  },
  "Mega Man Zero 2": {
    "title": "Mega Man Zero 2",
    "runner": "Krankdud",
    "estimate": "1:10:00",
    "category": "Hard mode any% — GBA",
    "link": "https://megamanleaderboards.net/index.php?game=26&category=584"
  },
  "The Legend of Zelda: Majora's Mask": {
    "title": "The Legend of Zelda: Majora's Mask",
    "runner": "popesquidward",
    "estimate": "1:25:00",
    "category": "Any% — Wii VC",
    "link": "https://www.speedrun.com/mm#Any"
  },
  "Portal": {
    "title": "Portal",
    "runner": "alex_sr, ConnorAce",
    "estimate": "0:15:00",
    "category": "Inbounds race — PC",
    "link": "https://www.speedrun.com/Portal#Inbounds"
  },
  "Metal Gear Solid 2: Sons of Liberty": {
    "title": "Metal Gear Solid 2: Sons of Liberty",
    "runner": "Tyler2022",
    "estimate": "1:35:00",
    "category": "European Extreme — PS3",
    "link": "https://www.speedrun.com/mgs2#HD_Collection"
  },
  "Shadow of the Colossus (2018)": {
    "title": "Shadow of the Colossus (2018)",
    "runner": "ChurchNEOH",
    "estimate": "0:50:00",
    "category": "Boss Rush (NTA) — PS4",
    "link": "https://www.speedrun.com/sotc_2018#Boss_Rush"
  },
  "God of War II": {
    "title": "God of War II",
    "runner": "RagnellGoW",
    "estimate": "1:10:00",
    "category": "Any% NG+ — PS3",
    "link": "https://www.speedrun.com/gow2#Any_NG%2B"
  },
  "Bomberman 64": {
    "title": "Bomberman 64",
    "runner": "Puncayshun",
    "estimate": "0:30:00",
    "category": "any% — N64",
    "link": "https://www.speedrun.com/bm64#Any_Normal"
  },
  "Fe": {
    "title": "Fe",
    "runner": "CorundumCore",
    "estimate": "1:00:00",
    "category": "All Songs — PC",
    "link": "https://www.speedrun.com/Fe#All_Songs"
  },
  "Spike Hike": {
    "title": "Spike Hike",
    "runner": "SecksWrecks",
    "estimate": "0:05:00",
    "category": "100% — PC",
    "link": "https://www.speedrun.com/Spike_Hike#100"
  },
  "Cat Bird": {
    "title": "Cat Bird",
    "runner": "MrUppercaseT",
    "estimate": "0:28:00",
    "category": "Any% all worlds — iPad",
    "link": "https://www.speedrun.com/cb#All_Worlds"
  },
  "CometStriker": {
    "title": "CometStriker",
    "runner": "MrCab",
    "estimate": "0:35:00",
    "category": "Arcade - Hard — PC",
    "link": "https://www.speedrun.com/CometStriker"
  },
  "Khimera: Destroy All Monster Girls": {
    "title": "Khimera: Destroy All Monster Girls",
    "runner": "snapcase",
    "estimate": "0:20:00",
    "category": "Race Mode — PC",
    "link": "https://www.speedrun.com/khimera#Race_Mode"
  },
  "Another World: 20th Anniversary Edition": {
    "title": "Another World: 20th Anniversary Edition",
    "runner": "Brandooates",
    "estimate": "0:15:00",
    "category": "Any% Glitchless — PS4",
    "link": "https://www.speedrun.com/another_world#Any"
  },
  "Monster World IV": {
    "title": "Monster World IV",
    "runner": "Cyclone",
    "estimate": "1:10:00",
    "category": "any% w/ Magic Merchant — PS3",
    "link": "https://www.speedrun.com/Monster_World_IV#Any%25_with_Debug_Merchant"
  },
  "Mega Turrican": {
    "title": "Mega Turrican",
    "runner": "d4gr0n",
    "estimate": "0:20:00",
    "category": "Any% Normal — Genesis",
    "link": "https://www.speedrun.com/Mega_Turrican"
  },
  "Ecco: The Tides of Time": {
    "title": "Ecco: The Tides of Time",
    "runner": "chronoon",
    "estimate": "0:40:00",
    "category": "Any% — Genesis",
    "link": "https://www.speedrun.com/Ecco_The_Tides_of_Time"
  },
  "Vectorman": {
    "title": "Vectorman",
    "runner": "chronoon",
    "estimate": "0:17:00",
    "category": "Any% — Genesis",
    "link": "https://www.speedrun.com/vman"
  },
  "Generations Lost": {
    "title": "Generations Lost",
    "runner": "Nubzombie",
    "estimate": "0:13:00",
    "category": "Any% — Genesis",
    "link": "https://www.speedrun.com/genlost"
  },
  "Bloody Wolf": {
    "title": "Bloody Wolf",
    "runner": "RottDawg",
    "estimate": "0:20:00",
    "category": "Any% — TG-16",
    "link": "https://www.speedrun.com/Bloody_Wolf"
  },
  "Earthworm Jim 2": {
    "title": "Earthworm Jim 2",
    "runner": "Gargon100",
    "estimate": "0:32:00",
    "category": "any% Normal — SNES",
    "link": "https://www.speedrun.com/ewj2#Any1"
  },
  "Pocky & Rocky": {
    "title": "Pocky & Rocky",
    "runner": "d4gr0n",
    "estimate": "0:25:00",
    "category": "Any% Normal — SNES",
    "link": "https://www.speedrun.com/Pocky_and_Rocky#Any_Normal"
  },
  "Super Ghouls 'N Ghosts": {
    "title": "Super Ghouls 'N Ghosts",
    "runner": "NME",
    "estimate": "0:40:00",
    "category": "any% (Normal) — SNES",
    "link": "https://www.speedrun.com/Super_Ghouls_n_Ghosts#Any_"
  },
  "ActRaiser 2": {
    "title": "ActRaiser 2",
    "runner": "PJ",
    "estimate": "0:50:00",
    "category": "Hard difficulty — SNES",
    "link": "https://www.speedrun.com/actraiser2#Hard"
  },
  "Castlevania: Symphony of the Night": {
    "title": "Castlevania: Symphony of the Night",
    "runner": "Satoryu",
    "estimate": "0:16:00",
    "category": "Alucard — PSTV",
    "link": "https://www.speedrun.com/sotn"
  },
  "Castlevania: Aria of Sorrow": {
    "title": "Castlevania: Aria of Sorrow",
    "runner": "VB__",
    "estimate": "0:58:00",
    "category": "Glitchless Hard Mode — Wii U VC",
    "link": "https://www.speedrun.com/aos#Soma_Glitchless"
  },
  "Castlevania Chronicles": {
    "title": "Castlevania Chronicles",
    "runner": "lurk",
    "estimate": "0:35:00",
    "category": "any% arranged mode x68k sound on — PSTV",
    "link": "https://www.speedrun.com/castlevania_chronicles"
  },
  "Castlevania II: Simon's Quest": {
    "title": "Castlevania II: Simon's Quest",
    "runner": "jc583",
    "estimate": "0:40:00",
    "category": "Any% — NES",
    "link": "https://www.speedrun.com/cv2sq"
  },
  "SETUP BLOCK 1": {
    "title": "SETUP BLOCK 1",
    "runner": "Tech Crew",
    "estimate": "0:33:00",
    "category": "Setup% —",
    "link": "http://www.gamesdonequick.com"
  },
  "Bloodstained: Curse of the Moon": {
    "title": "Bloodstained: Curse of the Moon",
    "runner": "Laxxus",
    "estimate": "0:33:00",
    "category": "any% Normal/Veteran — PC",
    "link": "https://www.speedrun.com/bscotm#Any"
  },
  "Donkey Kong Country: Tropical Freeze": {
    "title": "Donkey Kong Country: Tropical Freeze",
    "runner": "Kruncha, michael_goldfish, spikevegeta2",
    "estimate": "1:30:00",
    "category": "Any% No Death Abuse — Switch",
    "link": "https://www.speedrun.com/dkctf"
  },
  "Jak 3": {
    "title": "Jak 3",
    "runner": "ThaRixer",
    "estimate": "0:45:00",
    "category": "Any% No OoB — PS2",
    "link": "https://www.speedrun.com/jak3#Any_No_OoB"
  },
  "Crash Bandicoot: N. Sane Trilogy": {
    "title": "Crash Bandicoot: N. Sane Trilogy",
    "runner": "Blunts Moses",
    "estimate": "1:45:00",
    "category": "Crash 2 100% — PC",
    "link": "https://www.speedrun.com/crashnst#Crash_Bandicoot_2_Cortex_Strikes_Back"
  },
  "Splatoon 2: Octo Expansion": {
    "title": "Splatoon 2: Octo Expansion",
    "runner": "TonesBalones",
    "estimate": "1:25:00",
    "category": "Any% — Switch",
    "link": "https://www.speedrun.com/splatoon2#Octo_Expansion"
  },
  "Resident Evil": {
    "title": "Resident Evil",
    "runner": "RawDerps",
    "estimate": "0:45:00",
    "category": "Any% — PC",
    "link": "https://www.speedrun.com/re1"
  },
  "Silent Hill 2": {
    "title": "Silent Hill 2",
    "runner": "Punchy",
    "estimate": "0:55:00",
    "category": "New Game — PC",
    "link": "https://www.speedrun.com/sh2"
  },
  "Tomb Raider II": {
    "title": "Tomb Raider II",
    "runner": "SmoothOperative",
    "estimate": "1:13:30",
    "category": "Any% Glitches — PC",
    "link": "https://www.speedrun.com/tr2#Any"
  },
  "Tomb Raider : The Angel of Darkness": {
    "title": "Tomb Raider : The Angel of Darkness",
    "runner": "PlasticRainbow",
    "estimate": "0:30:00",
    "category": "Any% — PC",
    "link": "https://www.speedrun.com/traod#Any"
  },
  "NieR: Automata": {
    "title": "NieR: Automata",
    "runner": "Fullest",
    "estimate": "4:35:00",
    "category": "[E] Ending (Normal) — PC",
    "link": "https://www.speedrun.com/na#E"
  },
  "The Battle of Olympus": {
    "title": "The Battle of Olympus",
    "runner": "Karma",
    "estimate": "0:40:00",
    "category": "any% — NES",
    "link": "https://www.speedrun.com/The_Battle_of_Olympus"
  },
  "Vice: Project Doom": {
    "title": "Vice: Project Doom",
    "runner": "garadas21",
    "estimate": "0:16:00",
    "category": "any% — NES",
    "link": "https://www.speedrun.com/Vice_Project_Doom"
  },
  "Chip 'n Dale: Rescue Rangers 2": {
    "title": "Chip 'n Dale: Rescue Rangers 2",
    "runner": "swordsmankirby, garadas21",
    "estimate": "0:15:00",
    "category": "any% 1 player 2 controllers race — NES",
    "link": "https://www.speedrun.com/Chip_n_Dale_Rescue_Rangers_2#Any"
  },
  "Yume Kojo: Doki Doki Panic!": {
    "title": "Yume Kojo: Doki Doki Panic!",
    "runner": "LackAttack24",
    "estimate": "0:40:00",
    "category": "All Levels — FC",
    "link": "https://www.speedrun.com/yume_kojo_doki_doki_panic#All_Levels"
  },
  "Rayman 2: The Great Escape": {
    "title": "Rayman 2: The Great Escape",
    "runner": "Glackum",
    "estimate": "1:35:00",
    "category": "Any% No Cutscenes — PC",
    "link": "https://www.speedrun.com/r2#PC"
  },
  "Bastion": {
    "title": "Bastion",
    "runner": "Primorix",
    "estimate": "0:50:00",
    "category": "All Story Levels (New Game) — PC",
    "link": "https://www.speedrun.com/bastion#All_Story_Levels"
  },
  "Momodora: Reverie Under the Moonlight": {
    "title": "Momodora: Reverie Under the Moonlight",
    "runner": "SNeaky",
    "estimate": "0:40:00",
    "category": "AVIB - Hard — PC",
    "link": "https://www.speedrun.com/momo4#AVIB"
  },
  "Sonic Forces": {
    "title": "Sonic Forces",
    "runner": "thebluemania",
    "estimate": "1:05:00",
    "category": "Any% — PC",
    "link": "https://www.speedrun.com/sonicforces#Any"
  },
  "SETUP BLOCK 2": {
    "title": "SETUP BLOCK 2",
    "runner": "Tech Crew",
    "estimate": "0:50:00",
    "category": "Setup% —",
    "link": "http://www.gamesdonequick.com"
  },
  "Sanic Ball": {
    "title": "Sanic Ball",
    "runner": "Gyoo",
    "estimate": "0:20:00",
    "category": "Current Version - All Levels - 2 Laps — PC",
    "link": "https://www.speedrun.com/sanicball#Current_Version_-_All_Levels_-_2_Laps"
  },
  "Sonic The Hedgehog 1": {
    "title": "Sonic The Hedgehog 1",
    "runner": "Dr.Fatbody",
    "estimate": "0:20:00",
    "category": "Any% Glitched — Genesis",
    "link": "https://www.speedrun.com/sonic1"
  },
  "Sonic Rush": {
    "title": "Sonic Rush",
    "runner": "Kirbymastah",
    "estimate": "0:50:00",
    "category": "All Stages — DS",
    "link": "https://www.speedrun.com/Sonic_Rush#Sonic_-_All_Stages"
  },
  "Mario Kart 64": {
    "title": "Mario Kart 64",
    "runner": "abney317",
    "estimate": "0:35:00",
    "category": "150cc All Cups (Skips) — N64",
    "link": "https://www.speedrun.com/mk64"
  },
  "Super Mario Bros. 3mix": {
    "title": "Super Mario Bros. 3mix",
    "runner": "mitchflowerpower, Gadien, Jabem",
    "estimate": "1:15:00",
    "category": "Any% race — NES",
    "link": "https://www.speedrun.com/smb3mix#Any"
  },
  "Super Mario RPG: Legend of the Seven Stars": {
    "title": "Super Mario RPG: Legend of the Seven Stars",
    "runner": "Justin-credible",
    "estimate": "3:25:00",
    "category": "any% — SNES",
    "link": "https://www.speedrun.com/smrpg#Any"
  },
  "Trauma Center: Under The Knife 2": {
    "title": "Trauma Center: Under The Knife 2",
    "runner": "TrjnRabbit",
    "estimate": "2:10:00",
    "category": "Normal — DS",
    "link": "https://www.speedrun.com/utk2#Normal"
  },
  "Medal of Honor: Airborne": {
    "title": "Medal of Honor: Airborne",
    "runner": "ThePackle",
    "estimate": "0:35:00",
    "category": "Any% - Casual — PC",
    "link": "https://www.speedrun.com/moha#Any"
  },
  "Tony Hawk's Pro Skater 2X": {
    "title": "Tony Hawk's Pro Skater 2X",
    "runner": "ThePackle",
    "estimate": "0:35:00",
    "category": "All Goals and Golds (All Careers) — Xbox",
    "link": "https://www.speedrun.com/thps2x#All_Goals_and_Golds"
  },
  "The Elder Scrolls III: Morrowind": {
    "title": "The Elder Scrolls III: Morrowind",
    "runner": "Archariat",
    "estimate": "0:30:00",
    "category": "All Main Quests — PC",
    "link": "https://www.speedrun.com/morrowind#All_Main_Quests"
  },
  "Michael Jackson's Moonwalker": {
    "title": "Michael Jackson's Moonwalker",
    "runner": "Brandooates",
    "estimate": "0:25:00",
    "category": "Any% Easy — Genesis",
    "link": "https://www.speedrun.com/moonwalker#Genesis__Megadrive"
  },
  "The Magical Quest Starring Mickey Mouse": {
    "title": "The Magical Quest Starring Mickey Mouse",
    "runner": "Le Hulk",
    "estimate": "0:18:00",
    "category": "Hard — SNES",
    "link": "https://www.speedrun.com/magicalquest"
  },
  "Puzzle Bobble": {
    "title": "Puzzle Bobble",
    "runner": "altabiscuit",
    "estimate": "0:25:00",
    "category": "1 Player — Neo Geo",
    "link": "https://www.speedrun.com/Puzzle_Bobble_Arcade"
  },
  "Guacamelee! 2": {
    "title": "Guacamelee! 2",
    "runner": "The Blacktastic",
    "estimate": "1:15:00",
    "category": "Any% — PC",
    "link": "https://www.speedrun.com/guac2"
  },
  "Light Fall": {
    "title": "Light Fall",
    "runner": "FuzzyGames",
    "estimate": "0:30:00",
    "category": "Normal Any% — PC",
    "link": "https://www.speedrun.com/Light_Fall#Normal_Any"
  },
  "Semblance": {
    "title": "Semblance",
    "runner": "halfcoordinated",
    "estimate": "0:32:00",
    "category": "All Orbs one-handed — PC",
    "link": "https://www.speedrun.com/Semblance"
  },
  "N++": {
    "title": "N++",
    "runner": "AND4H, Krankdud",
    "estimate": "0:40:00",
    "category": "2 player Coop A-episodes — PC",
    "link": "https://www.speedrun.com/nplusplus#CO-OP_LEGACY"
  },
  "Warcraft III: Reign of Chaos": {
    "title": "Warcraft III: Reign of Chaos",
    "runner": "CovertMuffin",
    "estimate": "1:00:00",
    "category": "Orc Campaign — PC",
    "link": "https://www.speedrun.com/wc3#Orc_Campaign"
  },
  "TimeSplitters 2": {
    "title": "TimeSplitters 2",
    "runner": "Copitz, Swoodeasu",
    "estimate": "0:35:00",
    "category": "Any% Co-op Easy — PS2",
    "link": "https://www.speedrun.com/ts2#Any_Co-op"
  },
  "Halo: Reach": {
    "title": "Halo: Reach",
    "runner": "WoLfy, Pedrogas",
    "estimate": "1:50:00",
    "category": "Legendary Co-op — Xbox One",
    "link": "https://haloruns.com/records?lb=0500&show=0"
  },
  "The Legend of Zelda: Twilight Princess": {
    "title": "The Legend of Zelda: Twilight Princess",
    "runner": "SkyBlueAether",
    "estimate": "4:07:00",
    "category": "All Dungeons — GC",
    "link": "https://www.speedrun.com/tp#All_Dungeons"
  },
  "SETUP BLOCK 3": {
    "title": "SETUP BLOCK 3",
    "runner": "Tech Crew",
    "estimate": "1:05:00",
    "category": "Setup% —",
    "link": "http://www.gamesdonequick.com"
  },
  "Mega Man X 1 - 3 team relay race": {
    "title": "Mega Man X 1 - 3 team relay race",
    "runner": "Trogdor, Calebhart42, ColonelFatso, Tokyo90, Walrus_Prime, Soppa, Justin-credible, Luiz Miguel, Madu",
    "estimate": "2:05:00",
    "category": "any% — SNES",
    "link": "https://megamanleaderboards.net/index.php?series=3"
  },
  "Mega Man 10": {
    "title": "Mega Man 10",
    "runner": "Slurpeeninja",
    "estimate": "0:37:00",
    "category": "Any% (Bass) — Wii",
    "link": "https://megamanleaderboards.net/index.php?game=10&category=280"
  },
  "Mega Man Unlimited": {
    "title": "Mega Man Unlimited",
    "runner": "LV Creed",
    "estimate": "0:43:00",
    "category": "Z-Prototype Any% — PC",
    "link": "https://megamanleaderboards.net/index.php?game=42&category=444"
  },
  "Mega Man (DOS)": {
    "title": "Mega Man (DOS)",
    "runner": "Lizstar",
    "estimate": "0:17:00",
    "category": "Any% — PC",
    "link": "https://megamanleaderboards.net/index.php?game=71"
  },
  "Avoid the Noid": {
    "title": "Avoid the Noid",
    "runner": "Mike Uyama",
    "estimate": "0:17:00",
    "category": "30 minutes or less — PC",
    "link": "https://www.twitch.tv/videos/355265451"
  },
  "Virtual Hydlide": {
    "title": "Virtual Hydlide",
    "runner": "Gyre",
    "estimate": "0:55:00",
    "category": "100% — Saturn",
    "link": "https://www.speedrun.com/Virtual_Hydlide#All_Dungeons"
  },
  "Urban Yeti!": {
    "title": "Urban Yeti!",
    "runner": "PeteDorr",
    "estimate": "0:29:00",
    "category": "Any% — GBA",
    "link": "https://www.speedrun.com/urbanyeti"
  },
  "Gordo 106": {
    "title": "Gordo 106",
    "runner": "janglestorm",
    "estimate": "0:25:00",
    "category": "Any% — Lynx",
    "link": "https://www.speedrun.com/gordo106"
  },
  "Mohawk & Headphone Jack": {
    "title": "Mohawk & Headphone Jack",
    "runner": "PJ",
    "estimate": "0:45:00",
    "category": "Any% — SNES",
    "link": "https://www.speedrun.com/Mohawk_and_Headphone_Jack"
  },
  "Star Wars Episode I: The Phantom Menace": {
    "title": "Star Wars Episode I: The Phantom Menace",
    "runner": "saintmillion",
    "estimate": "0:48:00",
    "category": "Beat the Game — PSX",
    "link": "https://www.speedrun.com/tpm"
  },
  "Dragon's Lair: The Legend": {
    "title": "Dragon's Lair: The Legend",
    "runner": "sharif",
    "estimate": "0:25:00",
    "category": "Beat The Game (EU) — GB",
    "link": "https://www.speedrun.com/Dragons_Lair_The_Legend"
  },
  "Sword of Sodan": {
    "title": "Sword of Sodan",
    "runner": "NPC",
    "estimate": "0:18:00",
    "category": "Any% Easy — Genesis",
    "link": "https://www.speedrun.com/sword_of_sodan#Easy_Any"
  },
  "Férias Frustradas do Pica-Pau": {
    "title": "Férias Frustradas do Pica-Pau",
    "runner": "GarbitheGlitcheress",
    "estimate": "0:18:00",
    "category": "Difficult — Genesis",
    "link": "https://www.speedrun.com/Ferias_Frustradas_do_Pica-Pau_Genesis"
  },
  "Home Alone 2: Lost in New York": {
    "title": "Home Alone 2: Lost in New York",
    "runner": "Iceplug",
    "estimate": "0:15:00",
    "category": "NY% — SNES",
    "link": "https://www.speedrun.com/Home_Alone_2_Lost_in_New_York_SNES"
  },
  "Garfield: A Week of Garfield": {
    "title": "Garfield: A Week of Garfield",
    "runner": "coolkid",
    "estimate": "0:12:00",
    "category": "any% — FC",
    "link": "https://www.speedrun.com/A_Week_of_Garfield"
  },
  "Monkey King": {
    "title": "Monkey King",
    "runner": "Brossentia",
    "estimate": "0:18:00",
    "category": "any% — NES",
    "link": "https://www.speedrun.com/Monkey_King"
  },
  "Trio the Punch: Never Forget Me": {
    "title": "Trio the Punch: Never Forget Me",
    "runner": "ZakkyTheShimmeringKirin",
    "estimate": "0:30:00",
    "category": "Any% — PS2",
    "link": "https://www.twitch.tv/zakkytheshimmeringkirin/video/299591852"
  },
  "Metal Gear (NES)": {
    "title": "Metal Gear (NES)",
    "runner": "Eriphram",
    "estimate": "0:28:00",
    "category": "any% — NES",
    "link": "https://www.speedrun.com/metalgear#Any"
  },
  "Metal Gear 2: Solid Snake": {
    "title": "Metal Gear 2: Solid Snake",
    "runner": "miniomegaking",
    "estimate": "1:00:00",
    "category": "Original Difficulty Big Boss Rank — PS2",
    "link": "https://www.speedrun.com/mgx2#Big_Boss"
  },
  "Ninja Five-O": {
    "title": "Ninja Five-O",
    "runner": "just_defend",
    "estimate": "0:30:00",
    "category": "any% normal — GBA",
    "link": "https://www.speedrun.com/ninjafiveo#Normal_Mode"
  },
  "Lara Croft and the Guardian of Light": {
    "title": "Lara Croft and the Guardian of Light",
    "runner": "RandomPinkBunny",
    "estimate": "0:35:00",
    "category": "Any% NG+ — PC",
    "link": "https://www.speedrun.com/lcgol#Any%25_NG%2B"
  },
  "Overload": {
    "title": "Overload",
    "runner": "SpootyBiscuit",
    "estimate": "0:36:00",
    "category": "Trainee Any% — PC",
    "link": "https://www.speedrun.com/Overload"
  },
  "Prey": {
    "title": "Prey",
    "runner": "bloodthunder",
    "estimate": "1:40:00",
    "category": "Mooncrash DLC — PC",
    "link": "https://www.speedrun.com/prey2017#Mooncrash_DLC"
  },
  "Dishonored: Death of the Outsider": {
    "title": "Dishonored: Death of the Outsider",
    "runner": "Metro72",
    "estimate": "0:20:00",
    "category": "any% — PC",
    "link": "https://www.speedrun.com/dishonored_doto#Any"
  },
  "Ultimate Doom": {
    "title": "Ultimate Doom",
    "runner": "KingDime",
    "estimate": "0:30:00",
    "category": "any% — PC",
    "link": "https://www.speedrun.com/doom1"
  },
  "Doom 2: Hell On Earth": {
    "title": "Doom 2: Hell On Earth",
    "runner": "KingDime",
    "estimate": "0:33:00",
    "category": "any% UV-Speed — PC",
    "link": "https://www.speedrun.com/doom2#Hell_on_Earth"
  },
  "Chex Quest": {
    "title": "Chex Quest",
    "runner": "peaches",
    "estimate": "0:15:00",
    "category": "Extreme Ooze Speed — PC",
    "link": "https://www.speedrun.com/chex_quest_"
  },
  "Crypt of the NecroDancer: AMPLIFIED": {
    "title": "Crypt of the NecroDancer: AMPLIFIED",
    "runner": "SpootyBiscuit",
    "estimate": "0:30:00",
    "category": "Coda Low% — PC",
    "link": "https://www.speedrun.com/Crypt_of_the_NecroDancer#Coda_Low"
  },
  "The Messenger": {
    "title": "The Messenger",
    "runner": "strizer86",
    "estimate": "0:40:00",
    "category": "8-Bit — PC",
    "link": "https://www.speedrun.com/The_Messenger#8-Bit"
  },
  "Dead Cells": {
    "title": "Dead Cells",
    "runner": "BIGHONKINBURGER, scaz.zaf, ChurchnSarge",
    "estimate": "0:20:00",
    "category": "any% — PC",
    "link": "https://www.speedrun.com/deadcells"
  },
  "SETUP BLOCK 4": {
    "title": "SETUP BLOCK 4",
    "runner": "Tech Crew",
    "estimate": "1:10:00",
    "category": "Setup% —",
    "link": "http://www.gamesdonequick.com"
  },
  "Celeste": {
    "title": "Celeste",
    "runner": "TGH",
    "estimate": "1:40:00",
    "category": "All Chapters — PC",
    "link": "https://www.speedrun.com/Celeste#All_Chapters"
  },
  "The Legend of Zelda: The Wind Waker HD": {
    "title": "The Legend of Zelda: The Wind Waker HD",
    "runner": "Linkus7",
    "estimate": "6:00:00",
    "category": "100% — Wii U",
    "link": "https://www.speedrun.com/twwhd#100"
  },
  "Pac-Man: Championship Edition 2": {
    "title": "Pac-Man: Championship Edition 2",
    "runner": "Pinballwiz45b",
    "estimate": "0:28:00",
    "category": "Any% — PC",
    "link": "https://www.speedrun.com/pmce2"
  },
  "Klonoa: Door to Phantomile": {
    "title": "Klonoa: Door to Phantomile",
    "runner": "Trob",
    "estimate": "0:45:00",
    "category": "Any% — PSX",
    "link": "https://www.speedrun.com/klonoa1"
  },
  "Ratchet & Clank: Up Your Arsenal": {
    "title": "Ratchet & Clank: Up Your Arsenal",
    "runner": "Xem",
    "estimate": "1:05:00",
    "category": "Any% — PS3",
    "link": "https://www.speedrun.com/rac3#Any"
  },
  "Metroid Fusion": {
    "title": "Metroid Fusion",
    "runner": "CScottyW",
    "estimate": "0:55:00",
    "category": "Any% Memory Corruption — GBA",
    "link": "https://www.speedrun.com/fusion"
  },
  "Diablo II: Lord of Destruction": {
    "title": "Diablo 2: Lord of Destruction",
    "runner": "MrLlamaSC",
    "estimate": "2:20:00",
    "category": "Any% Normal Amazon — PC",
    "link": "https://www.speedrun.com/d2lod#Any_Normal"
  },
  "Divinity: Original Sin 2": {
    "title": "Divinity: Original Sin 2",
    "runner": "Semanari",
    "estimate": "0:27:00",
    "category": "Any% Old Patch — PC",
    "link": "https://www.speedrun.com/dos2#Any"
  },
  "Grand Theft Auto: Vice City": {
    "title": "Grand Theft Auto: Vice City",
    "runner": "KZ_FREW",
    "estimate": "1:00:00",
    "category": "Any% No SSU — PC",
    "link": "https://www.speedrun.com/gtavc#Any_No_SSU"
  },
  "Pokemon Gold": {
    "title": "Pokemon Gold",
    "runner": "Gunnermaniac3, pokeguy84",
    "estimate": "3:25:00",
    "category": "Any% Glitchless (Race) — GB",
    "link": "https://www.speedrun.com/pkmngoldsilver"
  },
  "Final Fantasy IV - Free Enterprise": {
    "title": "Final Fantasy IV - Free Enterprise",
    "runner": "Neerrm, riversmccown, Khobahi, Obdajr",
    "estimate": "2:00:00",
    "category": "League Match Flags — SNES",
    "link": "https://www.speedrun.com/ff4"
  },
  "TASBot plays mari0 (SMB1 + Portal gun)": {
    "title": "TASBot plays mari0 (SMB1 + Portal gun)",
    "runner": "dwangoAC",
    "estimate": "0:15:00",
    "category": "Various mappacks by Masterjun and Noahkiq — PC",
    "link": "https://www.speedrun.com/mari0"
  },
  "TASBot plays Castlevania: Aria of Sorrow": {
    "title": "TASBot plays Castlevania: Aria of Sorrow",
    "runner": "dwangoAC",
    "estimate": "0:17:06",
    "category": "\"All souls\" by Fz-last, klmz and Pike — GBA",
    "link": "http://tasvideos.org/"
  },
  "SETUP BLOCK 5": {
    "title": "SETUP BLOCK 5",
    "runner": "Tech Crew",
    "estimate": "0:15:00",
    "category": "Setup% —",
    "link": "http://tasvideos.org/"
  },
  "Super Mario Sunshine": {
    "title": "Super Mario Sunshine",
    "runner": "PangaeaPanga, SniperKing",
    "estimate": "1:30:00",
    "category": "1v1 Lockout Bingo — GC",
    "link": "https://www.speedrun.com/sms"
  },
  "Final Fantasy IX": {
    "title": "Final Fantasy IX",
    "runner": "Tojju, Muttski, Luzbelheim",
    "estimate": "9:35:00",
    "category": "Any% — PSX",
    "link": "https://www.speedrun.com/ff9"
  },
  "Puyo Puyo Tetris": {
    "title": "Puyo Puyo Tetris",
    "runner": "Scottobozo",
    "estimate": "0:40:00",
    "category": "Extra Stages 100% — PC",
    "link": "https://www.speedrun.com/Puyo_Puyo_Tetris#Extra_Stages_100"
  },
  "Luigi's Mansion": {
    "title": "Luigi's Mansion",
    "runner": "HDlax1",
    "estimate": "1:15:00",
    "category": "No OOB — Gamecube",
    "link": "https://www.speedrun.com/lm#No_OoB"
  },
  "I wanna kill the Kamilia 2": {
    "title": "I wanna kill the Kamilia 2",
    "runner": "BBF",
    "estimate": "1:30:00",
    "category": "any% — PC",
    "link": "https://www.speedrun.com/iwktkamilia2"
  },
  "The Legend of Zelda: A Link to the Past": {
    "title": "The Legend of Zelda: A Link to the Past",
    "runner": "Xelna",
    "estimate": "1:55:00",
    "category": "Low% 1-Hit K.O. — SNES",
    "link": "https://www.speedrun.com/alttp"
  },
  "Dark Souls III": {
    "title": "Dark Souls III",
    "runner": "spacey1",
    "estimate": "1:57:30",
    "category": "All Bosses — PC",
    "link": "https://www.speedrun.com/darksouls3#All_Bosses"
  },
  "SETUP BLOCK 6": {
    "title": "SETUP BLOCK 6",
    "runner": "Tech Crew",
    "estimate": "0:43:00",
    "category": "Setup% —",
    "link": "http://www.gamesdonequick.com"
  },
  "Quickie World": {
    "title": "Quickie World",
    "runner": "GlitchCat7, RBMACHOK",
    "estimate": "0:18:00",
    "category": "100% — SNES",
    "link": "https://www.speedrun.com/Quickie_World#100"
  },
  "Super Gracie World": {
    "title": "Super Gracie World",
    "runner": "Wahnthac",
    "estimate": "0:30:00",
    "category": "100% — SNES",
    "link": "https://www.speedrun.com/Super_Gracie_World#100"
  },
  "Super Mario Odyssey": {
    "title": "Super Mario Odyssey",
    "runner": "Bayleef",
    "estimate": "3:22:00",
    "category": "Darker Side — Switch",
    "link": "https://www.speedrun.com/smo#Darker_Side"
  },
  "Super Metroid": {
    "title": "Super Metroid",
    "runner": "ShinyZeni",
    "estimate": "1:20:00",
    "category": "Reverse Boss Order — SNES",
    "link": "https://www.speedrun.com/supermetroid#RBO"
  }
}
