{
    "Pre-Show": {
        "title": "Pre-Show",
        "runner": "SpikeVegeta, feasel, Golden, Blechy, Darkman78",
        "estimate": "0:30:00",
        "category": "Any%",
        "link": "http://www.gamesdonequick.com"
    },
    "Ape Escape 2": {
        "title": "Ape Escape 2",
        "runner": "iongravirei",
        "estimate": "1:00:00",
        "category": "Any%",
        "link": "http://www.speedrun.com/ae2#Any"
    },
    "The Legend of Zelda: Ocarina of Time 3D": {
        "title": "The Legend of Zelda: Ocarina of Time 3D",
        "runner": "benstephens56",
        "estimate": "2:00:00",
        "category": "All Dungeons",
        "link": "http://www.speedrun.com/oot3d#All_Dungeons"
    },
    "Borderlands 2": {
        "title": "Borderlands 2",
        "runner": "Shockwve, Amyrlinn",
        "estimate": "2:00:00",
        "category": "2 Player Co-op",
        "link": "http://www.speedrun.com/bl2#Co-Op"
    },
    "Psychonauts": {
        "title": "Psychonauts",
        "runner": "demoli",
        "estimate": "0:57:00",
        "category": "Any%",
        "link": "http://www.speedrun.com/psychonauts#Any1"
    },
    "Shovel Knight": {
        "title": "Shovel Knight",
        "runner": "Smaugy, MunchaKoopas",
        "estimate": "0:52:00",
        "category": "Any%",
        "link": "http://www.speedrun.com/shovelknight#Any1"
    },
    "Mega Man": {
        "title": "Mega Man",
        "runner": "WhiteHat94, Endy, dxtr, coolkid",
        "estimate": "0:25:00",
        "category": "All Stages",
        "link": "http://www.megamanleaderboards.net/index.php?game=1"
    },
    "Super Mario Kart": {
        "title": "Super Mario Kart",
        "runner": "KVD, Sami Cetin",
        "estimate": "0:32:00",
        "category": "Time Trial Race",
        "link": "http://mkwrs.com/smk/"
    },
    "Quake": {
        "title": "Quake",
        "runner": "coolkid",
        "estimate": "0:20:00",
        "category": "Any% easy",
        "link": "http://www.speedrun.com/Quake#Easy_Run"
    },
    "Metal Gear Solid 2: Sons of Liberty": {
        "title": "Metal Gear Solid 2: Sons of Liberty",
        "runner": "Jaguar King",
        "estimate": "1:40:00",
        "category": "Any% European Extreme",
        "link": "http://www.speedrun.com/mgs2#Single_Segment"
    },
    "Devil May Cry": {
        "title": "Devil May Cry",
        "runner": "Maxylobes",
        "estimate": "1:05:00",
        "category": "New Game / Normal",
        "link": "http://www.speedrun.com/dmc#Normal"
    },
    "Resident Evil Zero HD Remaster": {
        "title": "Resident Evil Zero HD Remaster",
        "runner": "Pessimism",
        "estimate": "1:16:00",
        "category": "Wesker Mode",
        "link": "http://www.speedrun.com/re0hd#Wesker_Mode_PC"
    },
    "Silent Hill 4: The Room": {
        "title": "Silent Hill 4: The Room",
        "runner": "AnEternalEnigma",
        "estimate": "1:15:00",
        "category": "Any%",
        "link": "http://www.speedrun.com/sh4#Any1"
    },
    "F.E.A.R. Extraction Point": {
        "title": "F.E.A.R. Extraction Point",
        "runner": "Overfiendvip",
        "estimate": "0:48:00",
        "category": "Low Difficulty",
        "link": "http://www.speedrun.com/F.E.A.R.#Any"
    },
    "Hitman: Blood Money": {
        "title": "Hitman: Blood Money",
        "runner": "Saintmillion",
        "estimate": "0:40:00",
        "category": "PRO/SA",
        "link": "http://www.speedrun.com/hitmanbloodmoney#PROSA"
    },
    "The Turing Test": {
        "title": "The Turing Test",
        "runner": "Azorae",
        "estimate": "0:45:00",
        "category": "Any%",
        "link": "http://www.speedrun.com/The_Turing_Test#Any"
    },
    "Hyper Princess Pitch": {
        "title": "Hyper Princess Pitch",
        "runner": "WanderingMind, MBM",
        "estimate": "0:15:00",
        "category": "Combat Lady, All Stages",
        "link": "http://www.speedrun.com/Hyper_Princess_Pitch#Combat_Lady"
    },
    "Hydra Castle Labyrinth": {
        "title": "Hydra Castle Labyrinth",
        "runner": "ForOhFor",
        "estimate": "0:35:00",
        "category": "Any%",
        "link": "http://www.speedrun.com/Hydra_Castle_Labyrinth#Any"
    },
    "Kalimba": {
        "title": "Kalimba",
        "runner": "DevilSquirrel",
        "estimate": "0:20:00",
        "category": "Inner World",
        "link": "http://www.speedrun.com/Kalimba#InnerWorld"
    },
    "New Super Hook Girl": {
        "title": "New Super Hook Girl",
        "runner": "bjw",
        "estimate": "0:10:00",
        "category": "Any%",
        "link": null
    },
    "Valdis Story: Abyssal City": {
        "title": "Valdis Story: Abyssal City",
        "runner": "RiskyCB",
        "estimate": "0:45:00",
        "category": "Any%",
        "link": "http://www.speedrun.com/Valdis_Story_Abyssal_City"
    },
    "SEUM: Speedrunners from Hell": {
        "title": "SEUM: Speedrunners from Hell",
        "runner": "MattyIce3131",
        "estimate": "0:25:00",
        "category": "Speedrun Mode: All Levels",
        "link": "http://www.speedrun.com/seum"
    },
    "Salt and Sanctuary": {
        "title": "Salt and Sanctuary",
        "runner": "Grimelios",
        "estimate": "0:42:00",
        "category": "All Bosses",
        "link": "http://www.speedrun.com/Salt_and_Sanctuary#All_Bosses"
    },
    "Magic Sword": {
        "title": "Magic Sword",
        "runner": "Pro_JN, yelsraek",
        "estimate": "0:28:00",
        "category": "Normal Beginning",
        "link": "http://www.speedrun.com/Magic_Sword_Heroic_Fantasy#Normal_Beginning"
    },
    "Joe and Mac 2": {
        "title": "Joe and Mac 2",
        "runner": "dram55",
        "estimate": "0:26:00",
        "category": "Any%",
        "link": "http://www.speedrun.com/joemac2"
    },
    "Congo's Caper": {
        "title": "Congo's Caper",
        "runner": "Omnigamer",
        "estimate": "0:25:00",
        "category": "Any%",
        "link": "http://www.speedrun.com/congoscaper"
    },
    "Batman: Return of the Joker": {
        "title": "Batman: Return of the Joker",
        "runner": "Toad22484",
        "estimate": "0:20:00",
        "category": "Any%",
        "link": "http://www.speedrun.com/batman_return_of_the_joker#Anypc"
    },
    "Sunset Riders": {
        "title": "Sunset Riders",
        "runner": "Gusmancini",
        "estimate": "0:24:00",
        "category": "Any% Hard pistols",
        "link": "http://www.speedrun.com/Sunset_Riders_Genesis#Hard_Any"
    },
    "Super Bomberman": {
        "title": "Super Bomberman",
        "runner": "Crak Atak",
        "estimate": "0:20:00",
        "category": "Any%",
        "link": "http://www.speedrun.com/Super_Bomberman#Any"
    },
    "Smart Ball": {
        "title": "Smart Ball",
        "runner": "giygasblues",
        "estimate": "0:25:00",
        "category": "Any%",
        "link": "http://www.speedrun.com/Smart_Ball"
    },
    "Mario Paint": {
        "title": "Mario Paint",
        "runner": "DoDeChehedron",
        "estimate": "0:06:00",
        "category": "Gnat Attack Level 3",
        "link": "http://www.speedrun.com/Mario_Paint#Gnat_Attack_1_Loop"
    },
    "Battle Clash": {
        "title": "Battle Clash",
        "runner": "SCXCR",
        "estimate": "0:26:00",
        "category": "Any%",
        "link": null
    },
    "Sega Bass Fishing": {
        "title": "Sega Bass Fishing",
        "runner": "Fuzzyness",
        "estimate": "0:12:00",
        "category": "Any%",
        "link": "http://www.speedrun.com/sega_bass_fishing#Arcade_Mode_DC_Any"
    },
    "BONUS: Kirby Tilt 'n' Tumble": {
        "title": "BONUS: Kirby Tilt 'n' Tumble",
        "runner": "Theguesst",
        "estimate": "0:15:10",
        "category": "Any%",
        "link": "http://www.speedrun.com/ktnt#Any"
    },
    "Rocket: Robot on Wheels": {
        "title": "Rocket: Robot on Wheels",
        "runner": "mashystrr",
        "estimate": "1:10:00",
        "category": "Any%",
        "link": "http://www.speedrun.com/rrow#Any1"
    },
    "Super Monkey Ball 2": {
        "title": "Super Monkey Ball 2",
        "runner": "Peanut",
        "estimate": "0:40:00",
        "category": "Story Mode All Levels",
        "link": "http://www.speedrun.com/supermonkeyball2#Story_Mode"
    },
    "Super Monkey Ball Adventure": {
        "title": "Super Monkey Ball Adventure",
        "runner": "Pokehero",
        "estimate": "0:20:00",
        "category": "All Difficulties",
        "link": "http://www.speedrun.com/smbadventure#All_Difficulties"
    },
    "Luigi's Mansion": {
        "title": "Luigi's Mansion",
        "runner": "Snap32",
        "estimate": "1:17:00",
        "category": "100%",
        "link": "http://www.speedrun.com/lm#100"
    },
    "Pokémon Emerald": {
        "title": "Pokémon Emerald",
        "runner": "TheTyrant14",
        "estimate": "3:00:00",
        "category": "Any% Glitchless",
        "link": "http://www.speedrun.com/pkmnemerald#Any_Glitchless"
    },
    "Tetris with Cardcaptor Sakura: Eternal Heart": {
        "title": "Tetris with Cardcaptor Sakura: Eternal Heart",
        "runner": "KevinDDR, EnchantressOfNumbers",
        "estimate": "0:25:00",
        "category": "Story Mode (Normal)",
        "link": "http://www.speedrun.com/Tetris_with_Cardcaptor_Sakura_Eternal_Heart#Story_Mode_Normal"
    },
    "Blaster Master": {
        "title": "Blaster Master",
        "runner": "Skavenger216, ShiningDragoon",
        "estimate": "0:39:00",
        "category": "Any% Warpless",
        "link": "http://www.speedrun.com/Blaster_Master#Any_Warpless_JP"
    },
    "Ninja Gaiden": {
        "title": "Ninja Gaiden",
        "runner": "dxtr, Gusmancini",
        "estimate": "0:20:00",
        "category": "Pacifist%",
        "link": "http://www.speedrun.com/ngnes#Pacifist"
    },
    "Ninja Gaiden II: The Dark Sword of Chaos": {
        "title": "Ninja Gaiden II: The Dark Sword of Chaos",
        "runner": "Gusmancini",
        "estimate": "0:19:00",
        "category": "Pacifist",
        "link": "http://www.speedrun.com/ng2nes#Pacifist"
    },
    "Sparkster": {
        "title": "Sparkster",
        "runner": "Drakodan",
        "estimate": "0:25:00",
        "category": "Any%",
        "link": "http://www.speedrun.com/sparkster_gen#Any"
    },
    "Decap Attack": {
        "title": "Decap Attack",
        "runner": "cook",
        "estimate": "0:35:00",
        "category": "Beat the game",
        "link": "http://www.speedrun.com/Decap_Attack"
    },
    "Adventure Island 4": {
        "title": "Adventure Island 4",
        "runner": "puchiedarcy",
        "estimate": "0:30:00",
        "category": "Any%",
        "link": "http://www.speedrun.com/ai4"
    },
    "Adventure Island 2 (GB)": {
        "title": "Adventure Island 2 (GB)",
        "runner": "Ppotdot1",
        "estimate": "0:28:00",
        "category": "Any%",
        "link": "http://www.speedrun.com/ai2"
    },
    "Shippuu! Iron Leaguer": {
        "title": "Shippuu! Iron Leaguer",
        "runner": "Neerrm",
        "estimate": "0:20:00",
        "category": "Any%",
        "link": "http://www.speedrun.com/Shippuu_Iron_Leaguer"
    },
    "Mickey's Dangerous Chase": {
        "title": "Mickey's Dangerous Chase",
        "runner": "Adefgames",
        "estimate": "0:18:00",
        "category": "Any%",
        "link": "http://www.speedrun.com/dangerouschase"
    },
    "Fortified Zone": {
        "title": "Fortified Zone",
        "runner": "CuteFluffyBunny",
        "estimate": "0:15:00",
        "category": "Any%",
        "link": "http://www.speedrun.com/Fortified_Zone"
    },
    "Jazz Jackrabbit": {
        "title": "Jazz Jackrabbit",
        "runner": "CapnClever",
        "estimate": "0:35:00",
        "category": "6-Episode",
        "link": "http://www.speedrun.com/Jazz_Jackrabbit"
    },
    "Jumping Flash! 2": {
        "title": "Jumping Flash! 2",
        "runner": "TonyOgbot",
        "estimate": "0:30:00",
        "category": "Any%",
        "link": "http://www.speedrun.com/Jumping_Flash_2"
    },
    "Intelligent Qube (Kurushi)": {
        "title": "Intelligent Qube (Kurushi)",
        "runner": "CaneofPacci",
        "estimate": "0:30:00",
        "category": "Any%",
        "link": "http://www.speedrun.com/iq"
    },
    "LittleBigPlanet 3": {
        "title": "LittleBigPlanet 3",
        "runner": "RbdJellyfish",
        "estimate": "0:55:00",
        "category": "Any% no-create",
        "link": "http://www.speedrun.com/lbp3#Any_No_Create"
    },
    "Road Trip Adventure": {
        "title": "Road Trip Adventure",
        "runner": "Konasumi",
        "estimate": "0:30:00",
        "category": "Any%",
        "link": "http://www.speedrun.com/rta"
    },
    "Pac-Man World": {
        "title": "Pac-Man World",
        "runner": "Joester98",
        "estimate": "0:40:00",
        "category": "Any%",
        "link": "http://www.speedrun.com/pmw#Any"
    },
    "Mega Man Legends": {
        "title": "Mega Man Legends",
        "runner": "BlueMetal",
        "estimate": "0:58:00",
        "category": "Any%",
        "link": "http://www.megamanleaderboards.net/index.php?game=62"
    },
    "Katamari Damacy": {
        "title": "Katamari Damacy",
        "runner": "sunkir",
        "estimate": "0:34:00",
        "category": "Any%",
        "link": "http://www.speedrun.com/kd"
    },
    "Super Smash Bros. Melee": {
        "title": "Super Smash Bros. Melee",
        "runner": "Fuzzyness",
        "estimate": "0:55:00",
        "category": "All Events",
        "link": "http://www.speedrun.com/ssbm#All_Events"
    },
    "Metroid Prime 2: Echoes": {
        "title": "Metroid Prime 2: Echoes",
        "runner": "Miles",
        "estimate": "1:50:00",
        "category": "Low% (6%)",
        "link": "http://www.speedrun.com/mp2_echoes#6"
    },
    "Super Metroid Rotation": {
        "title": "Super Metroid Rotation",
        "runner": "Feral5x",
        "estimate": "0:50:00",
        "category": "Any%",
        "link": "http://www.speedrun.com/rotation"
    },
    "Dark Messiah of Might and Magic": {
        "title": "Dark Messiah of Might and Magic",
        "runner": "Razgrillz",
        "estimate": "0:45:00",
        "category": "Any%",
        "link": "http://www.speedrun.com/dmomm"
    },
    "Fallout: New Vegas": {
        "title": "Fallout: New Vegas",
        "runner": "progamingwithed",
        "estimate": "0:30:00",
        "category": "Any%",
        "link": "http://www.speedrun.com/fallout_nv#Any"
    },
    "System Shock 2": {
        "title": "System Shock 2",
        "runner": "M1_Account",
        "estimate": "0:17:00",
        "category": "Any%",
        "link": "http://www.speedrun.com/systemshock2#Any%25"
    },
    "Descent II": {
        "title": "Descent II",
        "runner": "SpootyBiscuit",
        "estimate": "0:55:00",
        "category": "Hotshot Any%",
        "link": "http://www.speedrun.com/descent2"
    },
    "Daikatana": {
        "title": "Daikatana",
        "runner": "Cubeface",
        "estimate": "0:55:00",
        "category": "Any% No Sidekicks",
        "link": "http://www.speedrun.com/Daikatana#Any_PC"
    },
    "Half-Life: Blue Shift": {
        "title": "Half-Life: Blue Shift",
        "runner": "Cubeface",
        "estimate": "0:35:00",
        "category": "Any%",
        "link": "http://www.speedrun.com/bshift"
    },
    "Doom (2016)": {
        "title": "Doom (2016)",
        "runner": "Blood_Thunder",
        "estimate": "1:15:00",
        "category": "Any%",
        "link": "http://www.speedrun.com/d2016#Any"
    },
    "Super Mario Bros.": {
        "title": "Super Mario Bros.",
        "runner": "darbian, Kosmicd12, andrewg",
        "estimate": "0:35:00",
        "category": "Warpless",
        "link": "http://www.speedrun.com/smb1#Warpless"
    },
    "Super Mario Bros.: The Lost Levels": {
        "title": "Super Mario Bros.: The Lost Levels",
        "runner": "darbian, Kosmicd12, andrewg",
        "estimate": "0:12:00",
        "category": "Any% 8-4",
        "link": "http://www.speedrun.com/smbtll#Any_8-4"
    },
    "Super Mario Sunshine": {
        "title": "Super Mario Sunshine",
        "runner": "Bounceyboy, PangaeaPanga, AverageTrey, StrongmanLin",
        "estimate": "1:25:00",
        "category": "Any%",
        "link": "http://www.speedrun.com/sms#Any"
    },
    "Final Fantasy": {
        "title": "Final Fantasy",
        "runner": "feasel, Gyre",
        "estimate": "4:10:00",
        "category": "Any%",
        "link": "http://www.speedrun.com/ff1#NES"
    },
    "Gauntlet": {
        "title": "Gauntlet",
        "runner": "feasel, Mithical9",
        "estimate": "0:20:00",
        "category": "Any% co-op",
        "link": "http://www.speedrun.com/Gauntlet_NES#Any_Solo"
    },
    "Kabuki Quantum Fighter": {
        "title": "Kabuki Quantum Fighter",
        "runner": "Mithical9",
        "estimate": "0:15:00",
        "category": "Any%",
        "link": "http://www.speedrun.com/Kabuki_Quantum_Fighter"
    },
    "Cobra Triangle": {
        "title": "Cobra Triangle",
        "runner": "ShiningDragoon",
        "estimate": "0:20:00",
        "category": "Any%",
        "link": "http://www.speedrun.com/Cobra_Triangle"
    },
    "The Krion Conquest": {
        "title": "The Krion Conquest",
        "runner": "badbrakes",
        "estimate": "0:20:00",
        "category": "Any%",
        "link": "http://www.speedrun.com/krionconquest#The_Krion_Conquest_Any1"
    },
    "Street Fighter 2010: The Final Fight": {
        "title": "Street Fighter 2010: The Final Fight",
        "runner": "Spiriax",
        "estimate": "0:25:00",
        "category": "Any%",
        "link": "http://www.speedrun.com/Street_Fighter_2010_The_Final_Fight"
    },
    "River City Ransom": {
        "title": "River City Ransom",
        "runner": "yelsraek",
        "estimate": "0:10:00",
        "category": "Any%",
        "link": "http://www.speedrun.com/rivercityransom"
    },
    "Moon Crystal": {
        "title": "Moon Crystal",
        "runner": "jimmypoopins",
        "estimate": "0:12:00",
        "category": "Any%",
        "link": "http://www.speedrun.com/Moon_Crystal"
    },
    "Little Samson": {
        "title": "Little Samson",
        "runner": "Xdragon",
        "estimate": "0:25:00",
        "category": "All Stages Normal",
        "link": "http://www.speedrun.com/Little_Samson#All_Stages_Normal"
    },
    "The Addams Family": {
        "title": "The Addams Family",
        "runner": "garbanzoguy",
        "estimate": "0:12:00",
        "category": "Any%",
        "link": "http://www.speedrun.com/The_Addams_Family_SNES#Any"
    },
    "Yume Penguin Monogatari": {
        "title": "Yume Penguin Monogatari",
        "runner": "Endy",
        "estimate": "0:12:00",
        "category": "Any%",
        "link": "http://www.speedrun.com/ypm"
    },
    "Gremlins 2": {
        "title": "Gremlins 2",
        "runner": "Endy",
        "estimate": "0:10:00",
        "category": "Any%",
        "link": "http://www.speedrun.com/gremlins2nes"
    },
    "Trojan": {
        "title": "Trojan",
        "runner": "InfestedRiche",
        "estimate": "0:10:00",
        "category": "Any%",
        "link": "http://www.speedrun.com/Trojan"
    },
    "Shinobi III: Return of the Ninja Master": {
        "title": "Shinobi III: Return of the Ninja Master",
        "runner": "Keaur",
        "estimate": "0:30:00",
        "category": "Any%, Expert, 0 Kunai",
        "link": "http://www.speedrun.com/Shinobi_III_Return_of_the_Ninja_Master"
    },
    "Bishi Bashi Special": {
        "title": "Bishi Bashi Special",
        "runner": "T3tsuya",
        "estimate": "0:13:00",
        "category": "Hyper Mode Any%",
        "link": "http://www.speedrun.com/bishibashi"
    },
    "Crowtel": {
        "title": "Crowtel",
        "runner": "theboyks",
        "estimate": "0:14:00",
        "category": "Any%",
        "link": "http://www.speedrun.com/Crowtel"
    },
    "JumpJet Rex": {
        "title": "JumpJet Rex",
        "runner": "PvtCb",
        "estimate": "0:20:00",
        "category": "Adventure Normal",
        "link": "http://www.speedrun.com/jjr"
    },
    "Blitz Breaker": {
        "title": "Blitz Breaker",
        "runner": "giygasblues",
        "estimate": "0:28:00",
        "category": "Any%",
        "link": "http://www.speedrun.com/blitz_breaker"
    },
    "Secrets Of Grindea": {
        "title": "Secrets Of Grindea",
        "runner": "Ivan, Mr_Weables",
        "estimate": "0:30:00",
        "category": "Arcade Mode Co-Op",
        "link": "http://www.speedrun.com/Secrets_of_Grindea#Arcade_Co-Op"
    },
    "Hyper Light Drifter": {
        "title": "Hyper Light Drifter",
        "runner": "MunchaKoopas",
        "estimate": "0:40:00",
        "category": "New Game+ Any%",
        "link": "http://www.speedrun.com/hld#New_Game_Plus"
    },
    "Ori and the Blind Forest: Definitive Edition": {
        "title": "Ori and the Blind Forest: Definitive Edition",
        "runner": "Vulajin, sigma",
        "estimate": "1:16:00",
        "category": "Reverse Event Order vs \"0 XP\" bid war",
        "link": "http://www.speedrun.com/ori_de#0_XP"
    },
    "SETUP BLOCK 3": {
        "title": "SETUP BLOCK 3",
        "runner": "Tech Crew",
        "estimate": "0:50:00",
        "category": "Any%",
        "link": null
    },
    "Castlevania": {
        "title": "Castlevania",
        "runner": "Cantaloupeme, Komrade",
        "estimate": "0:15:00",
        "category": "Any%",
        "link": "http://www.speedrun.com/cv1#Any_Easy_Mode"
    },
    "Super Castlevania IV": {
        "title": "Super Castlevania IV",
        "runner": "Furious Paul, JoeDamillio",
        "estimate": "0:40:00",
        "category": "Any%",
        "link": "http://www.speedrun.com/Super_Castlevania_IV#Any"
    },
    "Castlevania: Rondo of Blood": {
        "title": "Castlevania: Rondo of Blood",
        "runner": "Skavenger216, Komrade",
        "estimate": "0:17:00",
        "category": "Maria (NG+)",
        "link": "http://www.speedrun.com/rondo#NG%2B"
    },
    "Castlevania: Portrait of Ruin": {
        "title": "Castlevania: Portrait of Ruin",
        "runner": "romscout",
        "estimate": "0:40:00",
        "category": "Richter Any%",
        "link": "http://www.speedrun.com/por#Richter_Mode"
    },
    "Mega Man Network Transmission": {
        "title": "Mega Man Network Transmission",
        "runner": "soothingplumtea",
        "estimate": "1:07:00",
        "category": "Any%",
        "link": "http://www.megamanleaderboards.net/index.php?game=34"
    },
    "Mega Man X": {
        "title": "Mega Man X",
        "runner": "Domalix, Calebhart42, CrystalUnclear, Walrus_prime",
        "estimate": "0:40:00",
        "category": "100%",
        "link": "http://www.megamanleaderboards.net/index.php?game=12&category=339"
    },
    "Mighty No. 9": {
        "title": "Mighty No. 9",
        "runner": "GreenZSaber",
        "estimate": "1:00:00",
        "category": "Any% (Beck, Normal)",
        "link": "http://www.megamanleaderboards.net/index.php?game=108"
    },
    "Halo 2": {
        "title": "Halo 2",
        "runner": "Cryphon",
        "estimate": "1:50:00",
        "category": "Legendary",
        "link": "http://haloruns.com/records?lb=0200"
    },
    "Batman: Arkham City": {
        "title": "Batman: Arkham City",
        "runner": "BubblesDelFuego",
        "estimate": "1:33:00",
        "category": "Any% (No Catwoman)",
        "link": "http://www.speedrun.com/arkhamcity#Any"
    },
    "Batman Forever": {
        "title": "Batman Forever",
        "runner": "PJ, Klaige",
        "estimate": "0:50:00",
        "category": "Any% Co-op",
        "link": null
    },
    "Timecop": {
        "title": "Timecop",
        "runner": "Omnigamer",
        "estimate": "0:27:00",
        "category": "Any%",
        "link": "http://www.speedrun.com/Timecop"
    },
    "Cool World": {
        "title": "Cool World",
        "runner": "Mecha Richter",
        "estimate": "0:11:00",
        "category": "Any%",
        "link": "http://www.speedrun.com/coolworldnes"
    },
    "The Adventures of Rocky and Bullwinkle and Friends": {
        "title": "The Adventures of Rocky and Bullwinkle and Friends",
        "runner": "authorblues",
        "estimate": "0:30:00",
        "category": "Any%",
        "link": "http://www.speedrun.com/rockyandbullwinklesnes"
    },
    "Dragon's Lair": {
        "title": "Dragon's Lair",
        "runner": "SCXCR",
        "estimate": "0:18:00",
        "category": "Any%",
        "link": "http://www.speedrun.com/dragons_lair_nes"
    },
    "A Nightmare on Elm Street": {
        "title": "A Nightmare on Elm Street",
        "runner": "Skavenger216, feasel, JamEvil, Cantaloupeme",
        "estimate": "0:26:00",
        "category": "4-Player Co-op",
        "link": "http://www.speedrun.com/anoes"
    },
    "Cheetahmen (Action 52)": {
        "title": "Cheetahmen (Action 52)",
        "runner": "huey",
        "estimate": "0:09:00",
        "category": "Any%",
        "link": "http://www.speedrun.com/Action_52#Cheetahmen"
    },
    "King of Kings: The Early Years": {
        "title": "King of Kings: The Early Years",
        "runner": "Linkums",
        "estimate": "0:08:00",
        "category": "Jesus and the Temple (Normal)",
        "link": "http://www.speedrun.com/koktey#Jesus_and_the_Temple"
    },
    "T&C 2: Thrilla's Surfari": {
        "title": "T&C 2: Thrilla's Surfari",
        "runner": "WhiteHat94",
        "estimate": "0:16:00",
        "category": "Any%",
        "link": "http://www.speedrun.com/Town_and_Country_II_Thrillas_Surfari#Any_"
    },
    "Wayne's World": {
        "title": "Wayne's World",
        "runner": "WhiteHat94",
        "estimate": "0:10:00",
        "category": "Any%",
        "link": "http://www.speedrun.com/waynes_world"
    },
    "Big Nose the Caveman": {
        "title": "Big Nose the Caveman",
        "runner": "LackAttack24",
        "estimate": "0:28:00",
        "category": "Any%",
        "link": "http://www.speedrun.com/bignose"
    },
    "Donkey Kong 5: The Journey of Over Time and Space": {
        "title": "Donkey Kong 5: The Journey of Over Time and Space",
        "runner": "theboyks",
        "estimate": "0:10:00",
        "category": "Any%",
        "link": "http://www.speedrun.com/dk5"
    },
    "Catechumen": {
        "title": "Catechumen",
        "runner": "peaches_",
        "estimate": "0:30:00",
        "category": "Any% Fledgling",
        "link": null
    },
    "WolfQuest": {
        "title": "WolfQuest",
        "runner": "Brossentia",
        "estimate": "0:22:00",
        "category": "Any%",
        "link": null
    },
    "Cornerstone: The Song of Tyrim": {
        "title": "Cornerstone: The Song of Tyrim",
        "runner": "DrTChops",
        "estimate": "0:35:00",
        "category": "Any% No Credits Skip",
        "link": "http://www.speedrun.com/cornerstone#Any_No_Credits_Skip"
    },
    "Turok: Dinosaur Hunter": {
        "title": "Turok: Dinosaur Hunter",
        "runner": "Bawkbasoup",
        "estimate": "0:40:00",
        "category": "Any%",
        "link": "http://www.speedrun.com/turok1"
    },
    "Left 4 Dead 1": {
        "title": "Left 4 Dead 1",
        "runner": "mr.deagle, The Master",
        "estimate": "1:10:00",
        "category": "Original Campaigns Co-op",
        "link": "http://www.speedrun.com/l4d#Original_Campaigns_Co-op"
    },
    "007: Nightfire": {
        "title": "007: Nightfire",
        "runner": "Ian Kies",
        "estimate": "0:50:00",
        "category": "Any%",
        "link": "http://www.speedrun.com/007nf"
    },
    "Trauma Center: New Blood": {
        "title": "Trauma Center: New Blood",
        "runner": "Irisjoker, Slurpeeninja",
        "estimate": "1:50:00",
        "category": "Co-Op Any% Normal",
        "link": "http://www.speedrun.com/tcnb#Co-Op_Any_Normal"
    },
    "The Legend of Korra": {
        "title": "The Legend of Korra",
        "runner": "DolphinDasher",
        "estimate": "0:42:00",
        "category": "New Game+ Extreme",
        "link": "http://www.speedrun.com/tlok#New_Game%2B"
    },
    "Sonic Advance 2": {
        "title": "Sonic Advance 2",
        "runner": "Kirbymastah",
        "estimate": "0:32:00",
        "category": "Sonic",
        "link": "http://www.speedrun.com/Sonic_Advance_2"
    },
    "Sonic R": {
        "title": "Sonic R",
        "runner": "Keverage",
        "estimate": "0:19:00",
        "category": "100% (No OoB)",
        "link": "http://www.speedrun.com/Sonic_R#100_No_OoB"
    },
    "Sonic Adventure 2: Battle": {
        "title": "Sonic Adventure 2: Battle",
        "runner": "Seraphim1313",
        "estimate": "0:45:00",
        "category": "Dark Story vs Hero Story bid war",
        "link": "http://www.speedrun.com/sa2b"
    },
    "SETUP BLOCK 4": {
        "title": "SETUP BLOCK 4",
        "runner": "Tech Crew",
        "estimate": "0:50:00",
        "category": "Any%",
        "link": null
    },
    "Mystery Game Tournament": {
        "title": "Mystery Game Tournament",
        "runner": "",
        "estimate": "1:10:00",
        "category": "blind races",
        "link": null
    },
    "Kirby's Dream Land 3": {
        "title": "Kirby's Dream Land 3",
        "runner": "swordsmankirby, suzuribaco",
        "estimate": "1:40:00",
        "category": "Best Ending (Co-op)",
        "link": "http://www.speedrun.com/kdl3"
    },
    "The Legend of Zelda: A Link to the Past": {
        "title": "The Legend of Zelda: A Link to the Past",
        "runner": "Andy, BluntBunny, JoeDamillio, Xelna",
        "estimate": "1:30:00",
        "category": "Any% No Major Glitches",
        "link": "http://www.speedrun.com/alttp#No_Major_Glitches"
    },
    "Paper Mario: The Thousand-Year Door": {
        "title": "Paper Mario: The Thousand-Year Door",
        "runner": "Almo, Sjorec",
        "estimate": "3:30:00",
        "category": "Japanese Any%",
        "link": "http://www.speedrun.com/ttyd#Any_Japanese"
    },
    "The Legend of Dark Witch - Episode 2": {
        "title": "The Legend of Dark Witch - Episode 2",
        "runner": "Crippe",
        "estimate": "0:30:00",
        "category": "Any%",
        "link": "http://www.speedrun.com/The_Legend_of_Dark_Witch_-_Episode_2_The_Price_of_Desire"
    },
    "Grief Syndrome": {
        "title": "Grief Syndrome",
        "runner": "PX_",
        "estimate": "0:22:00",
        "category": "Any% 1 Player Co-op",
        "link": "http://www.speedrun.com/Grief_Syndrome#Multicharacter_Any1"
    },
    "Refunct": {
        "title": "Refunct",
        "runner": "097Aceofspades",
        "estimate": "0:05:00",
        "category": "Any%",
        "link": "http://www.speedrun.com/Refunct#Any"
    },
    "La-Mulana Remake": {
        "title": "La-Mulana Remake",
        "runner": "RaindropDry",
        "estimate": "1:50:00",
        "category": "Any%",
        "link": "http://www.speedrun.com/lmremake#Any%25"
    },
    "Titan Souls": {
        "title": "Titan Souls",
        "runner": "Zic3",
        "estimate": "0:22:00",
        "category": "100% All Bosses",
        "link": "http://www.speedrun.com/titan_souls#All_Bosses_1001"
    },
    "Bleed": {
        "title": "Bleed",
        "runner": "Studio",
        "estimate": "0:20:00",
        "category": "Any%",
        "link": "http://www.speedrun.com/Bleed#Story_NG%2B"
    },
    "Furi": {
        "title": "Furi",
        "runner": "Studio",
        "estimate": "0:48:00",
        "category": "Any%",
        "link": "http://www.speedrun.com/Furi#Any"
    },
    "Flywrench": {
        "title": "Flywrench",
        "runner": "killingpepsi, SsupNerds",
        "estimate": "0:35:00",
        "category": "Any% Normal Mode",
        "link": "http://www.speedrun.com/Flywrench#Any_Normal_Mode"
    },
    "Snailiad": {
        "title": "Snailiad",
        "runner": "Bismuth",
        "estimate": "0:10:00",
        "category": "Any%",
        "link": "http://www.speedrun.com/Snailiad#Any"
    },
    "Human: Fall Flat": {
        "title": "Human: Fall Flat",
        "runner": "Bullets",
        "estimate": "0:12:00",
        "category": "Any% 1.0",
        "link": "http://www.speedrun.com/human_fall_flat#any_1.0"
    },
    "Action Henk": {
        "title": "Action Henk",
        "runner": "badBlackShark",
        "estimate": "0:20:00",
        "category": "Any%",
        "link": "http://www.speedrun.com/Action_Henk#Any"
    },
    "Woolfe: The Red Hood Diaries": {
        "title": "Woolfe: The Red Hood Diaries",
        "runner": "RandomPinkBunny",
        "estimate": "0:25:00",
        "category": "Any%",
        "link": "http://www.speedrun.com/woolfe"
    },
    "DuckTales": {
        "title": "DuckTales",
        "runner": "Endy, garadas21",
        "estimate": "0:09:00",
        "category": "Any% Easy",
        "link": "http://www.speedrun.com/dt"
    },
    "Star Wars: Shadows of the Empire": {
        "title": "Star Wars: Shadows of the Empire",
        "runner": "glasnonck",
        "estimate": "0:55:00",
        "category": "Any%",
        "link": "http://www.speedrun.com/swsote#Any_PC"
    },
    "Super Star Wars: Return of the Jedi": {
        "title": "Super Star Wars: Return of the Jedi",
        "runner": "Striker",
        "estimate": "0:45:00",
        "category": "Any% Jedi",
        "link": "http://www.speedrun.com/Super_Star_Wars_Return_of_the_Jedi"
    },
    "Metal Slug 3": {
        "title": "Metal Slug 3",
        "runner": "Jackafur",
        "estimate": "0:35:00",
        "category": "Any%",
        "link": "http://www.speedrun.com/mslug3#Medium"
    },
    "Contra": {
        "title": "Contra",
        "runner": "TheMexicanRunner, Toad22484",
        "estimate": "0:12:00",
        "category": "Any%",
        "link": "http://www.speedrun.com/Contra"
    },
    "Super C": {
        "title": "Super C",
        "runner": "Toad22484",
        "estimate": "0:18:00",
        "category": "Any%",
        "link": "http://www.speedrun.com/Super_C#Any"
    },
    "Contra 4": {
        "title": "Contra 4",
        "runner": "Mr. K",
        "estimate": "0:35:00",
        "category": "Any%",
        "link": null
    },
    "SETUP BLOCK 5": {
        "title": "SETUP BLOCK 5",
        "runner": "Tech Crew",
        "estimate": "0:50:00",
        "category": "Any%",
        "link": null
    },
    "Crash Bandicoot 2: Cortex Strikes Back": {
        "title": "Crash Bandicoot 2: Cortex Strikes Back",
        "runner": "SwordofSeals",
        "estimate": "1:25:00",
        "category": "100%",
        "link": "http://www.speedrun.com/crash2#100"
    },
    "Crash Team Racing": {
        "title": "Crash Team Racing",
        "runner": "Natty",
        "estimate": "0:57:00",
        "category": "Any% Warpless",
        "link": "http://www.speedrun.com/ctr#Any_Warpless"
    },
    "Sly Cooper and the Thievius Raccoonus": {
        "title": "Sly Cooper and the Thievius Raccoonus",
        "runner": "tHmCS",
        "estimate": "1:05:00",
        "category": "Any%",
        "link": "http://www.speedrun.com/sly"
    },
    "Jak and Daxter: The Precursor Legacy": {
        "title": "Jak and Daxter: The Precursor Legacy",
        "runner": "headstrong1290",
        "estimate": "0:40:00",
        "category": "Any%",
        "link": "http://www.speedrun.com/jak1#Any"
    },
    "Ratchet & Clank: Going Commando": {
        "title": "Ratchet & Clank: Going Commando",
        "runner": "Xem, Skitz",
        "estimate": "0:40:00",
        "category": "NG+ No IMG",
        "link": "http://www.speedrun.com/rac2#NG%2B_No_IMG"
    },
    "Kirby Super Star": {
        "title": "Kirby Super Star",
        "runner": "Countdown42, usedpizza, zzzhonki, suzuribaco",
        "estimate": "1:20:00",
        "category": "100%",
        "link": "http://www.speedrun.com/kss#100"
    },
    "Not Another Needle Game": {
        "title": "Not Another Needle Game",
        "runner": "Stinkycheeseone890",
        "estimate": "0:40:00",
        "category": "Bad Ending",
        "link": "http://www.speedrun.com/nang#Bad_Ending1"
    },
    "Donkey Kong Country Trilogy Relay": {
        "title": "Donkey Kong Country Trilogy Relay",
        "runner": "Eazinn, V0oid, Nocturne_, Fathlo23, Silent Wolf, Supreme, Kanis999, waffle42, suzuribaco",
        "estimate": "2:31:00",
        "category": "Trilogy Relay",
        "link": "https://dkcspeedruns.com/Leaderboards"
    },
    "Grand Theft Auto: Vice City": {
        "title": "Grand Theft Auto: Vice City",
        "runner": "KZ_FREW",
        "estimate": "1:05:00",
        "category": "Any% no ACE",
        "link": "http://www.speedrun.com/gtavc#Any"
    },
    "Super Mario 3D Land": {
        "title": "Super Mario 3D Land",
        "runner": "Kosmicd12",
        "estimate": "1:05:00",
        "category": "Any%",
        "link": "http://www.speedrun.com/sm3dl"
    },
    "The Legend of Zelda: The Minish Cap": {
        "title": "The Legend of Zelda: The Minish Cap",
        "runner": "DbX",
        "estimate": "2:10:00",
        "category": "Any%",
        "link": "http://www.speedrun.com/tmc#Anypc"
    },
    "Fire Emblem: Blazing Sword": {
        "title": "Fire Emblem: Blazing Sword",
        "runner": "Kirbymastah",
        "estimate": "1:35:00",
        "category": "Any%",
        "link": "http://www.speedrun.com/febs#Any"
    },
    "Disney's Extreme Skate Adventure": {
        "title": "Disney's Extreme Skate Adventure",
        "runner": "Six",
        "estimate": "0:23:00",
        "category": "Any%",
        "link": "http://www.speedrun.com/Disneys_Extreme_Skate_Adventure"
    },
    "Pitfall: the Mayan Adventure": {
        "title": "Pitfall: the Mayan Adventure",
        "runner": "Le Hulk",
        "estimate": "0:15:00",
        "category": "Any%",
        "link": "http://www.speedrun.com/Pitfall_The_Mayan_Adventure"
    },
    "Tiny Toon Adventures": {
        "title": "Tiny Toon Adventures",
        "runner": "garadas21",
        "estimate": "0:16:00",
        "category": "Any%",
        "link": "http://www.speedrun.com/tta"
    },
    "Tom and Jerry": {
        "title": "Tom and Jerry",
        "runner": "R3DninjaJOSH",
        "estimate": "0:15:00",
        "category": "Any%",
        "link": "http://www.speedrun.com/tom_and_jerry_snes"
    },
    "Darkwing Duck": {
        "title": "Darkwing Duck",
        "runner": "TheMexicanRunner",
        "estimate": "0:15:00",
        "category": "Any%",
        "link": "http://www.speedrun.com/dwd"
    },
    "SpongeBob SquarePants: Battle for Bikini Bottom": {
        "title": "SpongeBob SquarePants: Battle for Bikini Bottom",
        "runner": "SHiFT",
        "estimate": "1:10:00",
        "category": "Any%",
        "link": "http://www.speedrun.com/bfbb#Any"
    },
    "Super Mario Galaxy 2": {
        "title": "Super Mario Galaxy 2",
        "runner": "Vallu",
        "estimate": "3:15:00",
        "category": "Any%",
        "link": "http://www.speedrun.com/smgalaxy2"
    },
    "Super Dram World": {
        "title": "Super Dram World",
        "runner": "grandpoobear",
        "estimate": "0:45:00",
        "category": "Any%",
        "link": "http://www.speedrun.com/superdramworld"
    },
    "SETUP BLOCK 6": {
        "title": "SETUP BLOCK 6",
        "runner": "Tech Crew",
        "estimate": "0:50:00",
        "category": "Any%",
        "link": null
    },
    "TASBot vs NES Classic": {
        "title": "TASBot vs NES Classic",
        "runner": "dwangoAC",
        "estimate": "0:08:00",
        "category": "By micro500, MediaMagnet, Spikestuff, link_7777, and dwangoAC",
        "link": null
    },
    "TASBot plays Super Mario Bros. 3": {
        "title": "TASBot plays Super Mario Bros. 3",
        "runner": "dwangoAC",
        "estimate": "0:03:00",
        "category": "By total and Ilari",
        "link": null
    },
    "TASBot dominates Mega Man 1": {
        "title": "TASBot dominates Mega Man 1",
        "runner": "dwangoAC",
        "estimate": "0:04:00",
        "category": "by total",
        "link": null
    },
    "TASBot plays A Link to the Past": {
        "title": "TASBot plays A Link to the Past",
        "runner": "dwangoAC",
        "estimate": "0:10:00",
        "category": "by Tompa, Masterjun, and Arkun",
        "link": null
    },
    "TASBot plays the Community Choice": {
        "title": "TASBot plays the Community Choice",
        "runner": "dwangoAC",
        "estimate": "0:15:00",
        "category": "By Masterjun, micro500, Ilari, p4plus2 and dwangoAC",
        "link": "https://dkcspeedruns.com/Leaderboards#Donkey_Kong_Country"
    },
    "Dark Souls 3": {
        "title": "Dark Souls 3",
        "runner": "BubblesDelFuego",
        "estimate": "1:02:00",
        "category": "Any%",
        "link": "http://www.speedrun.com/dks3"
    },
    "The Legend of Zelda: The Wind Waker HD": {
        "title": "The Legend of Zelda: The Wind Waker HD",
        "runner": "Linkus7",
        "estimate": "4:00:00",
        "category": "Any%",
        "link": "http://www.speedrun.com/twwhd"
    },
    "Super Metroid": {
        "title": "Super Metroid",
        "runner": "zoast, Ivan, Behemoth87, WildAnaconda69",
        "estimate": "1:20:00",
        "category": "100%",
        "link": "http://www.speedrun.com/supermetroid"
    },
    "Undertale": {
        "title": "Undertale",
        "runner": "TGH",
        "estimate": "1:45:00",
        "category": "True Pacifist Ending",
        "link": "http://www.speedrun.com/undertale#True_Pacifist"
    }
}
