{
  "360Chrism": {
    "link": "https://twitch.tv/360chrism",
    "logo": "https://static-cdn.jtvnw.net/jtv_user_pictures/360chrism-profile_image-923e48819b871f89-300x300.jpeg"
  },
  "AeonFrodo": {
    "link": "https://twitch.tv/aeonfrodo",
    "logo": "https://static-cdn.jtvnw.net/jtv_user_pictures/aeonfrodo-profile_image-daa6c05b832c988d-300x300.png"
  },
  "AlexDest": {
    "link": "https://twitch.tv/alexdest",
    "logo": "https://static-cdn.jtvnw.net/jtv_user_pictures/2d15a84e-8940-4164-84ec-7baa565932dd-profile_image-300x300.jpg"
  },
  "AlucardX60": {
    "link": "https://twitch.tv/alucardx60",
    "logo": "https://static-cdn.jtvnw.net/jtv_user_pictures/alucardx60-profile_image-a28471291412f3ea-300x300.png"
  },
  "Amyrlinn": {
    "link": "https://twitch.tv/amyrlinn",
    "logo": "https://static-cdn.jtvnw.net/jtv_user_pictures/amyrlinn-profile_image-39175ea4bd65f916-300x300.png"
  },
  "Anthopants": {
    "link": "https://www.twitch.tv/anthopants",
    "logo": "https://static-cdn.jtvnw.net/jtv_user_pictures/105d0d38-8030-45b6-a9a3-4412a821b54b-profile_image-300x300.png"
  },
  "Apollo22237": {
    "link": "https://twitch.tv/apollo22237",
    "logo": "https://static-cdn.jtvnw.net/jtv_user_pictures/5f22d0ec8b3a32cd-profile_image-300x300.png"
  },
  "Aquas": {
    "link": "https://twitch.tv/Aquas",
    "logo": "https://static-cdn.jtvnw.net/jtv_user_pictures/aquas-profile_image-61ac00e5f5f9754e-300x300.png"
  },
  "Aweglib": {
    "link": "https://twitch.tv/aweglib",
    "logo": "https://static-cdn.jtvnw.net/jtv_user_pictures/aweglib-profile_image-57e9162195779a9c-300x300.jpeg"
  },
  "BT": {
    "link": "https://twitch.tv/breastickle",
    "logo": "https://static-cdn.jtvnw.net/jtv_user_pictures/breastickle-profile_image-85cf5407a2a81ee2-300x300.png"
  },
  "Bbforky": {
    "link": "https://twitch.tv/Bbforky",
    "logo": "https://static-cdn.jtvnw.net/jtv_user_pictures/bbforky-profile_image-49434c36fbdcb098-300x300.png"
  },
  "Beckski93": {
    "link": "https://twitch.tv/beckski93",
    "logo": "https://static-cdn.jtvnw.net/jtv_user_pictures/85d6cf7c-dc9b-4d27-8adb-6818e26cc4a0-profile_image-300x300.png"
  },
  "Blood_Thunder": {
    "link": "https://twitch.tv/BloodThunder",
    "logo": "https://static-cdn.jtvnw.net/jtv_user_pictures/5ea79bd0e4e6a1b7-profile_image-300x300.png"
  },
  "Boyo003": {
    "link": "https://twitch.tv/boyo003",
    "logo": "https://static-cdn.jtvnw.net/jtv_user_pictures/boyo003-profile_image-b34829e0f985c5a1-300x300.jpeg"
  },
  "Bullets": {
    "link": "https://twitch.tv/isbullets",
    "logo": "https://static-cdn.jtvnw.net/jtv_user_pictures/c6ca9d6c-0a09-49d8-96d9-75d504fd15cf-profile_image-300x300.png"
  },
  "CScottyW": {
    "link": "https://twitch.tv/cscottyw",
    "logo": "https://static-cdn.jtvnw.net/jtv_user_pictures/cscottyw-profile_image-292cddebe3da742f-300x300.png"
  },
  "CameronVengenz": {
    "link": "https://twitch.tv/cameronvengenz",
    "logo": "https://static-cdn.jtvnw.net/jtv_user_pictures/62d9fb3e-6da0-4ab1-88a6-e5262262b977-profile_image-300x300.png"
  },
  "Carl Sagan": {
    "link": "https://twitch.tv/carlsagan42",
    "logo": "https://static-cdn.jtvnw.net/jtv_user_pictures/carlsagan42-profile_image-4f9713e92e4b1149-300x300.png"
  },
  "Chelney": {
    "link": "https://twitch.tv/chelney",
    "logo": "https://static-cdn.jtvnw.net/jtv_user_pictures/a3beac62-b6d9-4606-a020-34e62dc46feb-profile_image-300x300.png"
  },
  "ChrisLBC": {
    "link": "https://www.twitch.tv/ChrisLBC",
    "logo": "https://static-cdn.jtvnw.net/jtv_user_pictures/chrislbc-profile_image-164ec85adf6762cb-300x300.png"
  },
  "Cliffy": {
    "link": "https://twitch.tv/cliffy",
    "logo": "https://static-cdn.jtvnw.net/jtv_user_pictures/e4d157e8-bbce-4889-8b0c-5faf7b65c37c-profile_image-300x300.png"
  },
  "ConnorAce": {
    "link": "https://twitch.tv/connorace_",
    "logo": "https://static-cdn.jtvnw.net/jtv_user_pictures/connorace_-profile_image-5061a12f2484a6ad-300x300.png"
  },
  "CovertMuffin": {
    "link": "https://twitch.tv/Covert_Muffin",
    "logo": "https://static-cdn.jtvnw.net/jtv_user_pictures/9d3d93784f8faa82-profile_image-300x300.png"
  },
  "Crak Atak": {
    "link": "https://twitch.tv/crak_atak",
    "logo": "https://static-cdn.jtvnw.net/jtv_user_pictures/crak_atak-profile_image-803aba087cb5c7a1-300x300.jpeg"
  },
  "DarkTerrex": {
    "link": "https://twitch.tv/darkterrex",
    "logo": "https://static-cdn.jtvnw.net/jtv_user_pictures/darkterrex-profile_image-5d7c6fc0f1116023-300x300.jpeg"
  },
  "Davie": {
    "link": "https://twitch.tv/davie",
    "logo": "https://static-cdn.jtvnw.net/jtv_user_pictures/davie-profile_image-3dfb8d84b46fd2ca-300x300.jpeg"
  },
  "Dragonfangs": {
    "link": "https://twitch.tv/dragonfangs",
    "logo": "https://static-cdn.jtvnw.net/jtv_user_pictures/dragonfangs-profile_image-fa97b032d46922ec-300x300.png"
  },
  "Drakodan": {
    "link": "https://twitch.tv/drakodan",
    "logo": "https://static-cdn.jtvnw.net/jtv_user_pictures/drakodan-profile_image-5f727b5cd820d4af-300x300.png"
  },
  "ERROR72": {
    "link": "https://twitch.tv/error72",
    "logo": "https://static-cdn.jtvnw.net/jtv_user_pictures/error72-profile_image-2599d29c8a878a22-300x300.png"
  },
  "Elipsis": {
    "link": "https://twitch.tv/elipsis",
    "logo": "https://static-cdn.jtvnw.net/jtv_user_pictures/elipsis-profile_image-bf76b28e1e450f79-300x300.png"
  },
  "EnchantressOfNumbers": {
    "link": "https://twitch.tv/enchantressofnumbers",
    "logo": "https://static-cdn.jtvnw.net/jtv_user_pictures/c1059cdd39482151-profile_image-300x300.png"
  },
  "Epic": {
    "link": "https://twitch.tv/epicly_epic",
    "logo": "https://static-cdn.jtvnw.net/jtv_user_pictures/epicly_epic-profile_image-2606bec52208b385-300x300.jpeg"
  },
  "Eunos": {
    "link": "https://twitch.tv/eunosxx",
    "logo": "https://static-cdn.jtvnw.net/jtv_user_pictures/eunosxx-profile_image-51dabab9561c1e55-300x300.png"
  },
  "FoldableHuman": {
    "link": "https://twitch.tv/foldablehuman",
    "logo": "https://static-cdn.jtvnw.net/jtv_user_pictures/foldablehuman-profile_image-8e5764090c95d3d9-300x300.png"
  },
  "Freshmaniac": {
    "link": "https://twitch.tv/freshmaniac",
    "logo": "https://static-cdn.jtvnw.net/jtv_user_pictures/freshmaniac-profile_image-b552c6bacd194ca2-300x300.png"
  },
  "GNU Order": {
    "link": "https://twitch.tv/gnuordersa",
    "logo": "https://static-cdn.jtvnw.net/jtv_user_pictures/gnuordersa-profile_image-e2a0e19129ae08bd-300x300.jpeg"
  },
  "GVirus": {
    "link": "https://twitch.tv/tosagvirus",
    "logo": "https://static-cdn.jtvnw.net/jtv_user_pictures/tosagvirus-profile_image-432287953112e876-300x300.jpeg"
  },
  "GarageDoorOpener": {
    "link": "https://twitch.tv/garagedooropener",
    "logo": "https://static-cdn.jtvnw.net/jtv_user_pictures/garagedooropener-profile_image-5375558ec0f351d9-300x300.png"
  },
  "Geoff": {
    "link": "https://www.twitch.tv/geoff",
    "logo": "https://static-cdn.jtvnw.net/jtv_user_pictures/ac9fb2a929de6d7d-profile_image-300x300.png"
  },
  "Ghoul02": {
    "link": "https://twitch.tv/ghoul02",
    "logo": "https://static-cdn.jtvnw.net/jtv_user_pictures/ghoul02-profile_image-d65fa6f2a5b238aa-300x300.png"
  },
  "GlitchCat7": {
    "link": "https://twitch.tv/glitchcat7",
    "logo": "https://static-cdn.jtvnw.net/jtv_user_pictures/glitchcat7-profile_image-419f38c66ce52cdf-300x300.png"
  },
  "GreenZSaber": {
    "link": "https://twitch.tv/greenzsaber",
    "logo": "https://static-cdn.jtvnw.net/jtv_user_pictures/47117ac6-e8d3-40dd-804a-f505717ce56e-profile_image-300x300.png"
  },
  "Heinki": {
    "link": "https://twitch.tv/heinki",
    "logo": "https://static-cdn.jtvnw.net/jtv_user_pictures/heinki-profile_image-0fced5e0ded93ed9-300x300.jpeg"
  },
  "Ignite": {
    "link": "https://twitch.tv/ignatious",
    "logo": "https://static-cdn.jtvnw.net/jtv_user_pictures/2a0b6ab3-cd08-492e-8c50-86c4926cde0d-profile_image-300x300.png"
  },
  "InTheMug": {
    "link": "https://twitch.tv/inthemug",
    "logo": "https://static-cdn.jtvnw.net/jtv_user_pictures/fe617644-f6e0-415c-9c48-e80cb65bfe30-profile_image-300x300.png"
  },
  "Indy": {
    "link": "https://www.twitch.tv/indy",
    "logo": "https://static-cdn.jtvnw.net/jtv_user_pictures/3bb1b6b1-6231-4628-a108-52aeead7818b-profile_image-300x300.png"
  },
  "Ivan": {
    "link": "https://twitch.tv/ivan",
    "logo": "https://static-cdn.jtvnw.net/jtv_user_pictures/ivan-profile_image-3a7d49b980474bae-300x300.png"
  },
  "JBuzzyBee": {
    "link": "https://twitch.tv/jbuzzybee",
    "logo": "https://static-cdn.jtvnw.net/jtv_user_pictures/440e3de3-12e9-47fc-8bc6-ddc501f010ac-profile_image-300x300.png"
  },
  "JHobz": {
    "link": "https://twitch.tv/jhobz296",
    "logo": "https://static-cdn.jtvnw.net/jtv_user_pictures/c6a09b604f615695-profile_image-300x300.png"
  },
  "JTB": {
    "link": "https://twitch.tv/jtb__",
    "logo": "https://static-cdn.jtvnw.net/jtv_user_pictures/53c64757-a068-438a-b0f8-612ed301afec-profile_image-300x300.jpg"
  },
  "JTNoriMaki": {
    "link": "https://twitch.tv/jtnorimaki",
    "logo": "https://static-cdn.jtvnw.net/jtv_user_pictures/jtnorimaki-profile_image-0e3917860463a5a7-300x300.jpeg"
  },
  "JackimusWedge": {
    "link": "https://www.twitch.tv/jackimuswedge",
    "logo": "https://static-cdn.jtvnw.net/jtv_user_pictures/jackimuswedge-profile_image-649f4da1b6baedf3-300x300.jpeg"
  },
  "JustFlandre": {
    "link": "https://twitch.tv/justflandre",
    "logo": "https://static-cdn.jtvnw.net/jtv_user_pictures/cf4fe43b-0722-4a0d-8c6d-0f8f21ecf432-profile_image-300x300.png"
  },
  "Kinnin11": {
    "link": "https://twitch.tv/kinnin11",
    "logo": "https://static-cdn.jtvnw.net/jtv_user_pictures/362864d1876bd4a6-profile_image-300x300.png"
  },
  "Klaige": {
    "link": "https://twitch.tv/Klaige",
    "logo": "https://static-cdn.jtvnw.net/jtv_user_pictures/a3a90bf5-5ec5-470b-aef9-d452150918d3-profile_image-300x300.jpg"
  },
  "Komrade": {
    "link": "https://twitch.tv/komradekontroll",
    "logo": "https://static-cdn.jtvnw.net/jtv_user_pictures/komradekontroll-profile_image-a324ff488e4c43f8-300x300.png"
  },
  "Konasumi": {
    "link": "https://twitch.tv/konasumi",
    "logo": "https://static-cdn.jtvnw.net/jtv_user_pictures/4ea9e3c1-7986-4227-ad43-d64dbbd08572-profile_image-300x300.png"
  },
  "Kosmic": {
    "link": "https://twitch.tv/kosmic",
    "logo": "https://static-cdn.jtvnw.net/jtv_user_pictures/ff633de4-76ba-4d48-8e2f-f5f50b703371-profile_image-300x300.png"
  },
  "Kuumba": {
    "link": "https://twitch.tv/Kuumba_",
    "logo": "https://static-cdn.jtvnw.net/jtv_user_pictures/8dc9ef2a2c4a6b3a-profile_image-300x300.png"
  },
  "LRock": {
    "link": "https://twitch.tv/lrock617",
    "logo": "https://static-cdn.jtvnw.net/jtv_user_pictures/94f6b8a4169dba1d-profile_image-300x300.jpeg"
  },
  "LackAttack24": {
    "link": "https://twitch.tv/lackattack24",
    "logo": "https://static-cdn.jtvnw.net/jtv_user_pictures/lackattack24-profile_image-f631a7f04c5bce08-300x300.png"
  },
  "LifeL1ke": {
    "link": "https://twitch.tv/lifel1ke",
    "logo": "https://static-cdn.jtvnw.net/jtv_user_pictures/f33271eb-dfa5-4781-b9c6-5ad84830487b-profile_image-300x300.png"
  },
  "Linkus7": {
    "link": "https://twitch.tv/linkus7",
    "logo": "https://static-cdn.jtvnw.net/jtv_user_pictures/linkus7-profile_image-b9e6a279dcfe16c0-300x300.png"
  },
  "MONTYvsTHEWORLD": {
    "link": "https://twitch.tv/MONTYvsTHEWORLD",
    "logo": "https://static-cdn.jtvnw.net/jtv_user_pictures/1641892b-3630-40d7-9984-5958a8c244b9-profile_image-300x300.png"
  },
  "MURPHAGATOR!": {
    "link": "https://twitch.tv/murphagator",
    "logo": "https://static-cdn.jtvnw.net/jtv_user_pictures/murphagator-profile_image-0cdd262ccf74ac02-300x300.png"
  },
  "Maxylobes": {
    "link": "https://twitch.tv/maxylobes",
    "logo": "https://static-cdn.jtvnw.net/jtv_user_pictures/b620700162ea4e93-profile_image-300x300.jpeg"
  },
  "MeGotsThis": {
    "link": "https://twitch.tv/megotsthis",
    "logo": "https://static-cdn.jtvnw.net/jtv_user_pictures/megotsthis-profile_image-971df9db0988b5be-300x300.png"
  },
  "MikeKanis": {
    "link": "https://twitch.tv/mikekanis",
    "logo": "https://static-cdn.jtvnw.net/jtv_user_pictures/mikekanis-profile_image-8de6ca87cde288f6-300x300.png"
  },
  "Mildew": {
    "link": "https://twitch.tv/mildew0",
    "logo": "https://static-cdn.jtvnw.net/jtv_user_pictures/mildew0-profile_image-0a7f10cc9bd8aa82-300x300.jpeg"
  },
  "MooMooAkai": {
    "link": "https://twitch.tv/moomooakai",
    "logo": "https://static-cdn.jtvnw.net/jtv_user_pictures/moomooakai-profile_image-e55b3d53ca0afaa4-300x300.png"
  },
  "Mr Magnificent": {
    "link": "https://twitch.tv/mrmagnificentstream",
    "logo": "https://static-cdn.jtvnw.net/jtv_user_pictures/mrmagnificentstream-profile_image-4d21e0097f1db247-300x300.jpeg"
  },
  "Mr_Shasta": {
    "link": "https://twitch.tv/mr_shasta",
    "logo": "https://static-cdn.jtvnw.net/jtv_user_pictures/cf28129c-5a31-4a92-917b-7c66ea75efa5-profile_image-300x300.png"
  },
  "MunchaKoopas": {
    "link": "https://twitch.tv/munchakoopas",
    "logo": "https://static-cdn.jtvnw.net/jtv_user_pictures/munchakoopas-profile_image-8f8e4e965f9b8192-300x300.jpeg"
  },
  "NME": {
    "link": "https://twitch.tv/nmetv",
    "logo": "https://static-cdn.jtvnw.net/jtv_user_pictures/nmetv-profile_image-dd94ed7ce4166712-300x300.png"
  },
  "Nerd_Squared": {
    "link": "https://twitch.tv/n3rd_squared",
    "logo": "https://static-cdn.jtvnw.net/jtv_user_pictures/n3rd_squared-profile_image-124fa1fe4e2058ce-300x300.png"
  },
  "NicroVeda": {
    "link": "https://www.twitch.tv/nicroveda",
    "logo": "https://static-cdn.jtvnw.net/jtv_user_pictures/0a5bf41386e642f0-profile_image-300x300.png"
  },
  "Ninjaofsorts": {
    "link": "https://twitch.tv/ninjaofsorts",
    "logo": "https://static-cdn.jtvnw.net/jtv_user_pictures/11406829-5325-45c2-a05c-4b44370ee4d8-profile_image-300x300.jpg"
  },
  "Nu_": {
    "link": "https://www.twitch.tv/nuuu",
    "logo": "https://static-cdn.jtvnw.net/jtv_user_pictures/0021dcbf659e502f-profile_image-300x300.png"
  },
  "Obidobi": {
    "link": "https://www.twitch.tv/obidobi47",
    "logo": "https://static-cdn.jtvnw.net/jtv_user_pictures/obidobi47-profile_image-5ad7fd0237b3311c-300x300.png"
  },
  "Omnigamer": {
    "link": "https://twitch.tv/omnigamer",
    "logo": "https://static-cdn.jtvnw.net/jtv_user_pictures/omnigamer-profile_image-bb8f6d3f03b9f3bb-300x300.jpeg"
  },
  "PARTY MAN X": {
    "link": "https://twitch.tv/partymanx",
    "logo": "https://static-cdn.jtvnw.net/user-default-pictures/27103734-3cda-44d6-a384-f2ab71e4bb85-profile_image-300x300.jpg"
  },
  "PHatHome666": {
    "link": "https://twitch.tv/PHatHome666",
    "logo": "https://static-cdn.jtvnw.net/jtv_user_pictures/phathome666-profile_image-d4a7464ba534a06b-300x300.png"
  },
  "PJ": {
    "link": "https://twitch.tv/pjdicesare",
    "logo": "https://static-cdn.jtvnw.net/jtv_user_pictures/1b9d3c17-83ae-4430-b9aa-dec417137319-profile_image-300x300.png"
  },
  "Pearstrike": {
    "link": "https://twitch.tv/pearstrike",
    "logo": "https://static-cdn.jtvnw.net/jtv_user_pictures/pearstrike-profile_image-5ebce869583759d0-300x300.png"
  },
  "Pessimism": {
    "link": "https://www.twitch.tv/Pessimism",
    "logo": "https://static-cdn.jtvnw.net/jtv_user_pictures/pessimism-profile_image-64019664af923ed9-300x300.jpeg"
  },
  "PeteDorr": {
    "link": "https://twitch.tv/PetesGameRoom",
    "logo": "https://static-cdn.jtvnw.net/jtv_user_pictures/petesgameroom-profile_image-bd2ea5ec4a074952-300x300.jpeg"
  },
  "Ppotdot1": {
    "link": "https://twitch.tv/ppotdot1",
    "logo": "https://static-cdn.jtvnw.net/jtv_user_pictures/ppotdot1-profile_image-af7cb142f8087810-300x300.png"
  },
  "ProtoAus": {
    "link": "https://www.twitch.tv/protoaus",
    "logo": "https://static-cdn.jtvnw.net/jtv_user_pictures/d18721dfb4647da8-profile_image-300x300.png"
  },
  "Protomagicalgirl": {
    "link": "https://twitch.tv/protomagicalgirl",
    "logo": "https://static-cdn.jtvnw.net/jtv_user_pictures/f747dd47-a85c-4e35-8135-bf1d230aecf2-profile_image-300x300.png"
  },
  "Psych0sis": {
    "link": "https://twitch.tv/psych0sis_tv",
    "logo": "https://static-cdn.jtvnw.net/jtv_user_pictures/psych0sis_tv-profile_image-b49e1af3ff51f919-300x300.png"
  },
  "Puncayshun": {
    "link": "https://twitch.tv/puncayshun",
    "logo": "https://static-cdn.jtvnw.net/jtv_user_pictures/puncayshun-profile_image-c70e13aa9cda9e19-300x300.png"
  },
  "Ranabundana": {
    "link": "https://twitch.tv/ranabundana",
    "logo": "https://static-cdn.jtvnw.net/jtv_user_pictures/ranabundana-profile_image-78263e11cd47b48d-300x300.png"
  },
  "RetroBob_": {
    "link": "https://twitch.tv/retrobob_",
    "logo": "https://static-cdn.jtvnw.net/jtv_user_pictures/8a65d5fe-8616-47d0-9260-59cbc13ab8ff-profile_image-300x300.png"
  },
  "RiskyCB": {
    "link": "https://twitch.tv/RiskyCB",
    "logo": "https://static-cdn.jtvnw.net/jtv_user_pictures/riskycb-profile_image-572c4459d2347cf9-300x300.jpeg"
  },
  "RoyLGamer": {
    "link": "https://twitch.tv/roylgamer",
    "logo": "https://static-cdn.jtvnw.net/jtv_user_pictures/c67ce3f9e10dc4bd-profile_image-300x300.jpeg"
  },
  "Runnerguy2489": {
    "link": "https://twitch.tv/runnerguy2489",
    "logo": "https://static-cdn.jtvnw.net/jtv_user_pictures/runnerguy2489-profile_image-fcfd457598c79431-300x300.png"
  },
  "SNeaky": {
    "link": "https://twitch.tv/SNeeaaky",
    "logo": "https://static-cdn.jtvnw.net/jtv_user_pictures/sneeaaky-profile_image-5f4fcb4f7fbfb802-300x300.png"
  },
  "Sadlybadlyy": {
    "link": "https://twitch.tv/sadlybadlyy",
    "logo": "https://static-cdn.jtvnw.net/jtv_user_pictures/d27ccf246ea04943-profile_image-300x300.png"
  },
  "SecksWrecks": {
    "link": "https://twitch.tv/seckswrecks",
    "logo": "https://static-cdn.jtvnw.net/jtv_user_pictures/seckswrecks-profile_image-9abdc1abeeb80031-300x300.png"
  },
  "Sent": {
    "link": "https://www.twitch.tv/DragonSentinal",
    "logo": "https://static-cdn.jtvnw.net/jtv_user_pictures/dragonsentinal-profile_image-1fc633f93ce96918-300x300.png"
  },
  "Shockwve": {
    "link": "https://twitch.tv/shockwve",
    "logo": "https://static-cdn.jtvnw.net/jtv_user_pictures/shockwve-profile_image-7dce682e6000299b-300x300.jpeg"
  },
  "SilverDile": {
    "link": "https://twitch.tv/SilverDile",
    "logo": "https://static-cdn.jtvnw.net/jtv_user_pictures/silverdile-profile_image-d7351633e1f9fcfd-300x300.png"
  },
  "Smartball": {
    "link": "https://twitch.tv/smartball",
    "logo": "https://static-cdn.jtvnw.net/jtv_user_pictures/smartball-profile_image-13e457e24279aa6f-300x300.jpeg"
  },
  "SnowieY101": {
    "link": "https://twitch.tv/snowiey101",
    "logo": "https://static-cdn.jtvnw.net/jtv_user_pictures/snowiey101-profile_image-8aa9737a3ce097aa-300x300.jpeg"
  },
  "SpikeVegeta": {
    "link": "https://twitch.tv/spikevegeta",
    "logo": "https://static-cdn.jtvnw.net/jtv_user_pictures/spikevegeta-profile_image-4ccba409d6b18a3f-300x300.jpeg"
  },
  "Studio": {
    "link": "https://www.twitch.tv/BIGHONKINBURGER",
    "logo": "https://www.twitch.tv/bighonkinburger"
  },
  "SuperSonic71087": {
    "link": "https://www.twitch.tv/supersonic71087",
    "logo": "https://www.twitch.tv/supersonic71087"
  },
  "TGH": {
    "link": "https://www.twitch.tv/tgh_sr",
    "logo": "https://static-cdn.jtvnw.net/jtv_user_pictures/9380a99c-dfc7-474b-b87e-fd9e1de6b4d5-profile_image-300x300.jpg"
  },
  "Tech Crew": {
    "link": null,
    "logo": null
  },
  "The Blacktastic": {
    "link": "https://twitch.tv/theblacktastic",
    "logo": "https://static-cdn.jtvnw.net/jtv_user_pictures/theblacktastic-profile_image-156ced3aa471d7a3-300x300.png"
  },
  "TheDrifter18": {
    "link": "https://twitch.tv/thedrifter18",
    "logo": "https://static-cdn.jtvnw.net/jtv_user_pictures/b516d12666683fa4-profile_image-300x300.jpeg"
  },
  "TheMexicanRunner": {
    "link": "https://twitch.tv/themexicanrunner",
    "logo": "https://static-cdn.jtvnw.net/jtv_user_pictures/themexicanrunner-profile_image-ddebad8299ab2d41-300x300.png"
  },
  "TheRealVincentio": {
    "link": "https://twitch.tv/therealvincentio",
    "logo": "https://static-cdn.jtvnw.net/jtv_user_pictures/therealvincentio-profile_image-6f31933276379023-300x300.png"
  },
  "The_Kov": {
    "link": "https://twitch.tv/the_kov",
    "logo": "https://static-cdn.jtvnw.net/jtv_user_pictures/the_kov-profile_image-be87d0ba237a1889-300x300.png"
  },
  "Yutori": {
    "link": "https://twitch.tv/mechayutori",
    "logo": "https://static-cdn.jtvnw.net/jtv_user_pictures/1712d953-4319-482b-9672-f7ddd0a81a2a-profile_image-300x300.png"
  },
  "Zaxon96": {
    "link": "https://twitch.tv/zaxon96",
    "logo": "https://static-cdn.jtvnw.net/jtv_user_pictures/2b5e4bdebeee8977-profile_image-300x300.jpeg"
  },
  "Zic3": {
    "link": "https://twitch.tv/Zic3",
    "logo": "https://static-cdn.jtvnw.net/jtv_user_pictures/zic3-profile_image-8b9467a95e49fdc2-300x300.png"
  },
  "Zmaster91": {
    "link": "https://twitch.tv/zmaster91",
    "logo": "https://static-cdn.jtvnw.net/jtv_user_pictures/zmaster91-profile_image-21c99bbbdfe35cde-300x300.png"
  },
  "akerasi": {
    "link": "https://twitch.tv/akerasi",
    "logo": "https://static-cdn.jtvnw.net/jtv_user_pictures/179dacdf9a88a893-profile_image-300x300.jpeg"
  },
  "almondcity": {
    "link": "https://twitch.tv/almondcity",
    "logo": "https://static-cdn.jtvnw.net/jtv_user_pictures/almondcity-profile_image-e8f50069faa4138d-300x300.jpeg"
  },
  "beeteas": {
    "link": "https://twitch.tv/beeteas",
    "logo": "https://static-cdn.jtvnw.net/jtv_user_pictures/beeteas-profile_image-85cf5407a2a81ee2-300x300.png"
  },
  "belthegor": {
    "link": "https://twitch.tv/belthegor",
    "logo": "https://static-cdn.jtvnw.net/jtv_user_pictures/e7593130-d5d3-43a3-ba96-00d994203f57-profile_image-300x300.png"
  },
  "brisulph": {
    "link": "https://twitch.tv/brisulph",
    "logo": "https://static-cdn.jtvnw.net/jtv_user_pictures/de48080b-dc48-4402-8afb-654667e5b989-profile_image-300x300.png"
  },
  "cheese05": {
    "link": "https://twitch.tv/cheese05",
    "logo": "https://static-cdn.jtvnw.net/jtv_user_pictures/cheese05-profile_image-ac5d2089ae89057e-300x300.png"
  },
  "chuckles825": {
    "link": "https://twitch.tv/chuckles825",
    "logo": "https://static-cdn.jtvnw.net/jtv_user_pictures/chuckles825-profile_image-e2336dcf4413eb5f-300x300.jpeg"
  },
  "cleartonic": {
    "link": "https://twitch.tv/cleartonic",
    "logo": "https://static-cdn.jtvnw.net/jtv_user_pictures/cleartonic-profile_image-fe5639dee91b79ea-300x300.png"
  },
  "d4gr0n": {
    "link": "https://twitch.tv/d4gr0n",
    "logo": "https://static-cdn.jtvnw.net/jtv_user_pictures/c11bb2e5-d8e3-42d6-999f-764da2949581-profile_image-300x300.png"
  },
  "danray": {
    "link": "https://www.twitch.tv/danzaiver00",
    "logo": "https://static-cdn.jtvnw.net/jtv_user_pictures/639535ad20606cf7-profile_image-300x300.jpeg"
  },
  "darkman78": {
    "link": "https://www.twitch.tv/darkman78",
    "logo": "https://static-cdn.jtvnw.net/jtv_user_pictures/darkman78-profile_image-b16731636ddef881-300x300.jpeg"
  },
  "darrenville": {
    "link": "https://twitch.tv/darrenville",
    "logo": "https://static-cdn.jtvnw.net/jtv_user_pictures/d0c4a42257b349a0-profile_image-300x300.png"
  },
  "dwangoAC": {
    "link": "https://twitch.tv/dwangoac",
    "logo": "https://static-cdn.jtvnw.net/jtv_user_pictures/dwangoac-profile_image-2485e7aab13efd69-300x300.png"
  },
  "eBloodyCandy": {
    "link": "https://twitch.tv/ebloodycandy",
    "logo": "https://static-cdn.jtvnw.net/jtv_user_pictures/93c65045-98c3-4e9f-8196-4bf44d91de07-profile_image-300x300.jpg"
  },
  "eddaket": {
    "link": "https://twitch.tv/eddaket",
    "logo": "https://static-cdn.jtvnw.net/jtv_user_pictures/e66719a7-7c5f-4427-87a3-104f3493fcf0-profile_image-300x300.png"
  },
  "failstream": {
    "link": "https://twitch.tv/failstream",
    "logo": "https://static-cdn.jtvnw.net/jtv_user_pictures/failstream-profile_image-1a5fd07f105426d4-300x300.png"
  },
  "feasel": {
    "link": "https://twitch.tv/feasel",
    "logo": "https://static-cdn.jtvnw.net/jtv_user_pictures/feasel-profile_image-2e36f264fe26c661-300x300.png"
  },
  "fishmcmuffins": {
    "link": "https://twitch.tv/fishmcmuffins",
    "logo": "https://static-cdn.jtvnw.net/jtv_user_pictures/62d7db42-8570-4ab1-bab1-6fce553e4066-profile_image-300x300.png"
  },
  "flarebear": {
    "link": "https://twitch.tv/flarebear_owo",
    "logo": "https://static-cdn.jtvnw.net/jtv_user_pictures/66beba68-0f25-4f46-b707-2f686824c631-profile_image-300x300.png"
  },
  "giygasblues": {
    "link": "https://twitch.tv/giygasblues",
    "logo": "https://static-cdn.jtvnw.net/jtv_user_pictures/b5f6e30d336d8d9a-profile_image-300x300.png"
  },
  "grandpoobear": {
    "link": "https://twitch.tv/grandpoobear",
    "logo": "https://static-cdn.jtvnw.net/jtv_user_pictures/56c37ff3af6b29e4-profile_image-300x300.png"
  },
  "gymnast86": {
    "link": "https://twitch.tv/gymnast86",
    "logo": "https://static-cdn.jtvnw.net/jtv_user_pictures/gymnast86-profile_image-f3114ecf75946be1-300x300.jpeg"
  },
  "halfcoordinated": {
    "link": "https://twitch.tv/halfcoordinated",
    "logo": "https://static-cdn.jtvnw.net/jtv_user_pictures/halfcoordinated-profile_image-6aabf8fbe3ac2a74-300x300.png"
  },
  "iast": {
    "link": "https://twitch.tv/iastsa",
    "logo": "https://static-cdn.jtvnw.net/jtv_user_pictures/iastsa-profile_image-a3e202cc1f28ccfe-300x300.jpeg"
  },
  "imawakka": {
    "link": "https://twitch.tv/imawakka",
    "logo": "https://static-cdn.jtvnw.net/jtv_user_pictures/imawakka-profile_image-1d024b13dc0a3854-300x300.jpeg"
  },
  "imglower": {
    "link": "https://twitch.tv/imglower",
    "logo": "https://static-cdn.jtvnw.net/jtv_user_pictures/9dff6a8a-7a04-47fb-993c-7bb3c78edb92-profile_image-300x300.png"
  },
  "jaku": {
    "link": "https://twitch.tv/jaku",
    "logo": "https://static-cdn.jtvnw.net/jtv_user_pictures/jaku-profile_image-6c1257ba62c1ec47-300x300.png"
  },
  "jeromegood": {
    "link": "https://twitch.tv/jeromegood",
    "logo": "https://static-cdn.jtvnw.net/jtv_user_pictures/jeromegood-profile_image-68e0d3022594f29a-300x300.jpeg"
  },
  "john_unfil": {
    "link": "https://twitch.tv/john_unfil",
    "logo": "https://static-cdn.jtvnw.net/jtv_user_pictures/john_unfil-profile_image-c9fe174992e1b153-300x300.png"
  },
  "lattmackey": {
    "link": "https://twitch.tv/lattmackey",
    "logo": "https://static-cdn.jtvnw.net/jtv_user_pictures/2a9f0df2-eb06-4a00-a0b8-68a2850ac735-profile_image-300x300.png"
  },
  "mghtymth": {
    "link": "https://twitch.tv/mghtymth",
    "logo": "https://static-cdn.jtvnw.net/jtv_user_pictures/44b21f8e-6382-42ca-ae34-509884c93b73-profile_image-300x300.jpg"
  },
  "mike89": {
    "link": "https://twitch.tv/mike89sda",
    "logo": "https://static-cdn.jtvnw.net/jtv_user_pictures/16befa4e2ab92c6d-profile_image-300x300.png"
  },
  "mistmaster1": {
    "link": "https://twitch.tv/mistmaster1",
    "logo": "https://static-cdn.jtvnw.net/jtv_user_pictures/mistmaster1-profile_image-33f41c83d7b1a4fb-300x300.png"
  },
  "mitchflowerpower": {
    "link": "https://twitch.tv/mitchflowerpower",
    "logo": "https://static-cdn.jtvnw.net/jtv_user_pictures/b2faa1a4854017d6-profile_image-300x300.png"
  },
  "oatsngoats": {
    "link": "https://twitch.tv/oatsngoats",
    "logo": "https://static-cdn.jtvnw.net/jtv_user_pictures/1dfdbb6ed73b8fcf-profile_image-300x300.jpeg"
  },
  "orsa": {
    "link": "https://www.twitch.tv/orrsa",
    "logo": "https://static-cdn.jtvnw.net/jtv_user_pictures/1317cfcd-b519-49e9-b8bf-11344a072143-profile_image-300x300.jpg"
  },
  "peaches": {
    "link": "https://twitch.tv/peaches",
    "logo": "https://static-cdn.jtvnw.net/jtv_user_pictures/peaches-profile_image-e8569597e6606085-300x300.jpeg"
  },
  "plywood": {
    "link": "https://twitch.tv/plywood_",
    "logo": "https://static-cdn.jtvnw.net/jtv_user_pictures/b196d26c2f330a64-profile_image-300x300.png"
  },
  "puwexil": {
    "link": "https://twitch.tv/puwexil",
    "logo": "https://static-cdn.jtvnw.net/jtv_user_pictures/puwexil-profile_image-0a3da9a0ee3b69b9-300x300.jpeg"
  },
  "rezephos": {
    "link": "https://twitch.tv/rezephos",
    "logo": "https://static-cdn.jtvnw.net/jtv_user_pictures/84e2d963-e4ce-4a56-90b4-61c6c696e814-profile_image-300x300.png"
  },
  "roncli": {
    "link": "https://twitch.tv/roncli",
    "logo": "https://static-cdn.jtvnw.net/jtv_user_pictures/roncli-profile_image-c0eafdc5d89815b8-300x300.png"
  },
  "samthedigital": {
    "link": "https://twitch.tv/samthedigital",
    "logo": "https://static-cdn.jtvnw.net/user-default-pictures/49988c7b-57bc-4dee-bd4f-6df4ad215d3a-profile_image-300x300.jpg"
  },
  "sinister1": {
    "link": "https://twitch.tv/sinisterwon",
    "logo": "https://static-cdn.jtvnw.net/user-default-pictures/b83b1794-7df9-4878-916c-88c2ad2e4f9f-profile_image-300x300.jpg"
  },
  "swordsmankirby": {
    "link": "https://twitch.tv/swordsmankirby",
    "logo": "https://static-cdn.jtvnw.net/jtv_user_pictures/swordsmankirby-profile_image-ae62c94c1fa87f2e-300x300.jpeg"
  },
  "teddyras": {
    "link": "https://twitch.tv/teddyras",
    "logo": "https://static-cdn.jtvnw.net/jtv_user_pictures/f9dae69463cf34cc-profile_image-300x300.png"
  },
  "theboyks": {
    "link": "https://twitch.tv/theboyks",
    "logo": "https://static-cdn.jtvnw.net/jtv_user_pictures/theboyks-profile_image-6dc451e21c240f18-300x300.jpeg"
  },
  "tinahacks": {
    "link": "https://twitch.tv/tinahacks",
    "logo": "https://static-cdn.jtvnw.net/jtv_user_pictures/400d7c2189f89e59-profile_image-300x300.jpeg"
  },
  "v_input_output": {
    "link": "https://twitch.tv/v_input_output",
    "logo": "https://static-cdn.jtvnw.net/jtv_user_pictures/6746482e-a5f4-4962-a79b-1f2c802e9c00-profile_image-300x300.jpg"
  },
  "vaxherd": {
    "link": "https://twitch.tv/vaxherd",
    "logo": "https://static-cdn.jtvnw.net/jtv_user_pictures/vaxherd-profile_image-d567f45a0b8f8073-300x300.png"
  },
  "yoshipro": {
    "link": "https://twitch.tv/yp__",
    "logo": "https://static-cdn.jtvnw.net/jtv_user_pictures/8b77855acb0ade46-profile_image-300x300.jpeg"
  },
  "ysalamiri": {
    "link": "https://twitch.tv/ysalamiri",
    "logo": "https://static-cdn.jtvnw.net/jtv_user_pictures/ysalamiri-profile_image-a0e7d61e50e0b338-300x300.png"
  },
  "zallard1": {
    "link": "https://twitch.tv/zallard1",
    "logo": "https://static-cdn.jtvnw.net/jtv_user_pictures/zallard1-profile_image-5340d464ea1687fa-300x300.png"
  },
  "zeldacubed1": {
    "link": "https://twitch.tv/zeldacubed1",
    "logo": "https://static-cdn.jtvnw.net/jtv_user_pictures/zeldacubed1-profile_image-15a9ccfea0a0a532-300x300.png"
  }
}
